Scheme Code,Scheme Name,Fund House,Category,Plan,NAV,NAV Date,Expense Ratio %,TER incl. Costs %,1Y Return %,3Y CAGR %,5Y CAGR %,SD (Annualised) %,Sharpe (3Y),Max Drawdown %,Positive Months %,1Y Rank in Category,3Y Rank in Category,1Y Category Size,3Y Category Size,History (Months),ISIN
119769,Kotak Contra Fund - Direct Plan - Growth,Kotak Mahindra Mutual Fund,Equity Scheme - Contra Fund,Direct,173.639,01-Oct-2026,0.55,0.8,-1.88,13.56,13.18,14.74,0.48,-18.02,65.0,1,1,2,2,61,INF174K01KZ9
103040,Kotak Contra Fund - Regular Plan - Growth,Kotak Mahindra Mutual Fund,Equity Scheme - Contra Fund,Regular,145.02,01-Oct-2026,1.6,2.03,-3.11,12.09,11.69,14.72,0.38,-18.47,65.0,1,1,2,2,61,INF174K01245
119835,SBI CONTRA FUND - Direct Plan - Growth,SBI Mutual Fund,Equity Scheme - Contra Fund,Direct,394.3242,01-Oct-2026,0.63,0.88,-3.95,9.49,13.89,13.25,0.23,-15.01,65.0,2,2,2,2,61,INF200K01RA0
102414,SBI CONTRA FUND - Regular Plan - Growth,SBI Mutual Fund,Equity Scheme - Contra Fund,Regular,357.7018,01-Oct-2026,1.27,1.63,-4.69,8.55,12.93,13.24,0.15,-15.33,63.3,2,2,2,2,61,INF200K01362
154338,Motilal Oswal Contra Fund - Regular Plan - Growth,Motilal Oswal Mutual Fund,Equity Scheme - Contra Fund,Regular,10.192,01-Oct-2026,2.1,3.94,,,,,,,,,,,,4,INF247L01GZ9
133386,Motilal Oswal ELSS Tax Saver Fund - Direct Plan - Growth,Motilal Oswal Mutual Fund,Equity Scheme - ELSS,Direct,63.4982,01-Oct-2026,0.6,0.95,7.89,19.97,16.49,18.96,0.71,-25.53,61.7,2,1,17,17,61,INF247L01569
133385,Motilal Oswal ELSS Tax Saver Fund - Regular Plan - Growth,Motilal Oswal Mutual Fund,Equity Scheme - ELSS,Regular,54.6566,01-Oct-2026,1.61,2.09,6.65,18.56,15.11,18.94,0.64,-25.67,60.0,2,1,19,19,61,INF247L01544
147541,ITI ELSS Tax Saver Fund - Direct Plan - Growth Option,ITI Mutual Fund,Equity Scheme - ELSS,Direct,27.7542,01-Oct-2026,0.62,0.9,2.77,15.45,12.15,17.59,0.51,-21.73,57.6,3,2,17,17,60,INF00XX01390
120847,Quant ELSS Tax Saver Fund - Direct Plan - Growth Option,quant Mutual Fund,Equity Scheme - ELSS,Direct,448.1464,01-Oct-2026,0.67,1.21,10.0,13.81,14.54,17.18,0.43,-25.02,68.3,1,3,17,17,61,INF966L01986
150159,Baroda BNP Paribas ELSS Tax Saver Fund - Direct Plan - Growth Option,Baroda BNP Paribas Mutual Fund,Equity Scheme - ELSS,Direct,107.7656,01-Oct-2026,0.93,1.28,1.95,13.72,,14.99,0.48,-16.41,64.8,4,4,17,17,55,INF251K01HF3
135654,Navi ELSS Tax Saver Fund,Navi Mutual Fund,Equity Scheme - ELSS,Regular,32.8119,10-Apr-2026,,,4.03,13.45,,14.04,0.5,-17.46,55.6,3,2,19,19,55,INF959L01CD5
147544,ITI ELSS Tax Saver Fund - Regular Plan - Growth Option,ITI Mutual Fund,Equity Scheme - ELSS,Regular,24.218,01-Oct-2026,2.1,2.57,0.98,13.4,10.08,17.56,0.39,-22.29,55.9,5,3,19,19,60,INF00XX01374
100175,Quant ELSS Tax Saver Fund - Regular Plan - Growth Option,quant Mutual Fund,Equity Scheme - ELSS,Regular,395.7693,01-Oct-2026,1.47,2.15,8.92,12.63,13.11,17.17,0.36,-25.37,68.3,1,4,19,19,61,INF966L01135
150156,Baroda BNP Paribas ELSS Tax Saver Fund - Regular Plan - Growth Option,Baroda BNP Paribas Mutual Fund,Equity Scheme - ELSS,Regular,94.2285,01-Oct-2026,1.95,2.48,0.71,12.36,,14.98,0.39,-16.83,64.8,6,5,19,19,55,INF251K01985
119723,SBI ELSS Tax Saver Fund - Direct Plan - Growth,SBI Mutual Fund,Equity Scheme - ELSS,Direct,440.8669,01-Oct-2026,0.82,1.25,-4.87,11.88,13.69,14.74,0.36,-15.16,63.3,11,5,17,17,61,INF200K01UM9
135655,Navi ELSS Tax Saver Fund,Navi Mutual Fund,Equity Scheme - ELSS,Regular,27.3039,10-Apr-2026,,,2.04,11.29,,14.02,0.34,-18.1,55.6,4,6,19,19,55,INF959L01CF0
105628,SBI ELSS Tax Saver Fund - Regular Plan - Growth,SBI Mutual Fund,Equity Scheme - ELSS,Regular,404.8756,01-Oct-2026,1.35,1.87,-5.47,11.15,12.95,14.72,0.32,-15.39,63.3,13,7,19,19,61,INF200K01495
118866,Taurus ELSS Tax Saver Fund - Direct Plan - Growth,Taurus Mutual Fund,Equity Scheme - ELSS,Direct,197.02,01-Oct-2026,1.57,2.05,-0.85,10.05,10.2,13.11,0.27,-16.44,63.3,6,6,17,17,61,INF044D01CG6
119773,Kotak ELSS Tax Saver Fund - Direct Plan - Growth,Kotak Mahindra Mutual Fund,Equity Scheme - ELSS,Direct,133.29,01-Oct-2026,0.63,0.83,-0.24,9.98,11.11,14.15,0.25,-18.81,63.3,5,7,17,17,61,INF174K01LI3
119544,Aditya Birla Sun Life ELSS Tax Saver Fund - Direct Plan - GROWTH,Aditya Birla Sun Life Mutual Fund,Equity Scheme - ELSS,Direct,65.2,01-Oct-2026,0.85,1.09,-2.74,9.44,7.09,13.84,0.21,-17.59,53.3,9,8,17,17,61,INF209K01UN8
100480,Taurus ELSS Tax Saver Fund - Regular Plan - Growth,Taurus Mutual Fund,Equity Scheme - ELSS,Regular,179.41,01-Oct-2026,2.06,2.61,-1.46,9.37,9.49,13.11,0.22,-16.85,61.7,8,8,19,19,61,INF044D01AC9
119307,Union ELSS Tax Saver Fund (Formerly Union Tax Saver (ELSS) Fund - Direct Plan - Growth Option,Union Mutual Fund,Equity Scheme - ELSS,Direct,68.94,01-Oct-2026,1.22,1.74,-1.44,9.3,9.56,13.73,0.2,-17.16,60.0,8,9,17,17,61,INF582M01765
118540,Franklin India ELSS Tax Saver Fund - Direct Plan - Growth,Franklin Templeton Mutual Fund,Equity Scheme - ELSS,Direct,1511.9003,01-Oct-2026,0.9,1.15,-6.18,9.11,10.39,13.98,0.19,-15.54,63.3,13,10,17,17,61,INF090I01JS8
103339,Kotak ELSS Tax Saver Fund - Regular Plan - Growth,Kotak Mahindra Mutual Fund,Equity Scheme - ELSS,Regular,112.245,01-Oct-2026,1.57,1.94,-1.38,8.7,9.76,14.14,0.16,-19.19,61.7,7,9,19,19,61,INF174K01369
107745,Aditya Birla Sun Life ELSS Tax Saver Fund - Regular Plan - GROWTH,Aditya Birla Sun Life Mutual Fund,Equity Scheme - ELSS,Regular,57.92,01-Oct-2026,1.46,1.79,-3.45,8.64,6.28,13.84,0.15,-17.83,53.3,11,10,19,19,61,INF209K01108
116051,Union ELSS Tax Saver Fund (Formerly Union Tax Saver (ELSS) Fund - Regular Plan - Growth Option,Union Mutual Fund,Equity Scheme - ELSS,Regular,62.79,01-Oct-2026,1.99,2.65,-2.33,8.32,8.6,13.73,0.13,-17.47,60.0,9,11,19,19,61,INF582M01302
135601,PGIM India ELSS Tax Saver Fund - Direct Plan - Direct Growth,PGIM India Mutual Fund,Equity Scheme - ELSS,Direct,38.63,01-Oct-2026,0.76,1.1,-1.28,8.28,9.13,13.77,0.13,-16.15,58.3,7,11,17,17,61,INF663L01FN5
100526,Franklin India ELSS Tax Saver Fund - Regular Plan - Growth,Franklin Templeton Mutual Fund,Equity Scheme - ELSS,Regular,1343.6091,01-Oct-2026,1.57,1.92,-6.89,8.26,9.51,13.97,0.13,-15.91,63.3,15,12,19,19,61,INF090I01775
111549,Quantum ELSS Tax Saver Fund - Direct Plan - Growth Option,Quantum Mutual Fund,Equity Scheme - ELSS,Direct,117.47,01-Oct-2026,0.76,0.95,-8.38,8.22,8.74,13.03,0.13,-14.62,58.3,16,12,17,17,61,INF082J01069
147481,Parag Parikh ELSS Tax Saver Fund - Direct Plan - Growth,PPFAS Mutual Fund,Equity Scheme - ELSS,Direct,30.434,01-Oct-2026,0.54,0.65,-10.15,7.7,9.85,10.87,0.11,-13.71,58.3,17,13,17,17,61,INF879O01100
149570,Sundaram ELSS Tax Saver Fund - Direct Plan - GROWTH,Sundaram Mutual Fund,Equity Scheme - ELSS,Direct,502.6678,01-Oct-2026,1.4,1.78,-6.91,7.05,,13.86,0.04,-14.82,53.6,14,14,17,17,57,INF173K01HZ7
141070,Quantum ELSS Tax Saver Fund - Regular Plan - Growth Option,Quantum Mutual Fund,Equity Scheme - ELSS,Regular,110.47,01-Oct-2026,1.78,2.16,-9.47,6.99,7.76,13.03,0.04,-16.08,56.7,18,13,19,19,61,INF082J01366
120715,UTI ELSS Tax Saver Fund - Direct Plan - Growth,UTI Mutual Fund,Equity Scheme - ELSS,Direct,214.0843,01-Oct-2026,0.95,1.18,-5.6,6.91,6.5,14.26,0.03,-17.74,58.3,12,15,17,17,61,INF789F01TF7
135598,PGIM India ELSS Tax Saver Fund - Regular Plan - Regular Growth,PGIM India Mutual Fund,Equity Scheme - ELSS,Regular,33.14,01-Oct-2026,2.05,2.62,-2.79,6.64,7.51,13.76,0.01,-16.6,58.3,10,14,19,19,61,INF663L01FQ8
147482,Parag Parikh ELSS Tax Saver Fund - Regular Plan - Growth,PPFAS Mutual Fund,Equity Scheme - ELSS,Regular,27.9405,01-Oct-2026,1.54,1.83,-11.15,6.51,8.57,10.86,0.0,-14.41,58.3,19,15,19,19,61,INF879O01092
149569,Sundaram ELSS Tax Saver Fund - Regular Plan - GROWTH,Sundaram Mutual Fund,Equity Scheme - ELSS,Regular,467.0855,01-Oct-2026,1.87,2.31,-7.43,6.46,,13.86,-0.0,-15.01,53.6,16,16,19,19,57,INF173K01361
100821,UTI ELSS Tax Saver Fund - Regular Plan - Growth,UTI Mutual Fund,Equity Scheme - ELSS,Regular,189.1394,01-Oct-2026,1.66,1.95,-6.46,5.87,5.45,14.24,-0.04,-18.07,56.7,14,17,19,19,61,INF789F01547
145819,Shriram ELSS Tax Saver Fund - Direct Plan - Growth,Shriram Mutual Fund,Equity Scheme - ELSS,Direct,22.3353,01-Oct-2026,0.66,0.92,-3.55,5.67,6.18,15.1,-0.05,-22.63,60.0,10,16,17,17,61,INF680P01158
151471,NAVI ELSS TAX SAVER NIFTY50 INDEX FUND - Direct Plan - GROWTH,Navi Mutual Fund,Equity Scheme - ELSS,Direct,13.6485,01-Oct-2026,0.2,0.24,-8.12,5.47,,13.5,-0.08,-14.74,59.5,15,17,17,17,43,INF959L01GR6
151472,NAVI ELSS TAX SAVER NIFTY50 INDEX FUND - Regular Plan - GROWTH,Navi Mutual Fund,Equity Scheme - ELSS,Regular,13.203,01-Oct-2026,0.9,1.07,-8.86,4.48,,13.46,-0.15,-14.97,57.1,17,18,19,19,43,INF959L01GS4
145820,Shriram ELSS Tax Saver Fund - Regular Plan - Growth,Shriram Mutual Fund,Equity Scheme - ELSS,Regular,19.5035,01-Oct-2026,2.09,2.54,-5.12,3.96,4.41,15.08,-0.17,-23.22,60.0,12,19,19,19,61,INF680P01133
118929,HDFC Long Term Advantage Plan,HDFC Mutual Fund,Equity Scheme - ELSS,Regular,625.385,14-Jan-2022,,,,,,,,,,,,,,4,INF179K01WX8
100998,HDFC Long Term Advantage Plan,HDFC Mutual Fund,Equity Scheme - ELSS,Regular,595.168,14-Jan-2022,,,,,,,,,,,,,,4,INF179K01996
118928,HDFC Long Term Advantage Plan,HDFC Mutual Fund,Equity Scheme - ELSS,Regular,57.515,14-Jan-2022,,,,,,,,,,,,,,0,INF179K01WV2
100997,HDFC Long Term Advantage Plan,HDFC Mutual Fund,Equity Scheme - ELSS,Regular,51.722,14-Jan-2022,,,,,,,,,,,,,,0,INF179K01970
135653,Navi ELSS Tax Saver Fund,Navi Mutual Fund,Equity Scheme - ELSS,Regular,32.4038,10-Apr-2026,,,,,,,,,,,,,,0,INF959L01CE3
135652,Navi ELSS Tax Saver Fund,Navi Mutual Fund,Equity Scheme - ELSS,Regular,27.3012,10-Apr-2026,,,,,,,,,,,,,,0,INF959L01CG8
148404,BANK OF INDIA FLEXI CAP FUND - Direct Plan - Growth,Bank of India Mutual Fund,Equity Scheme - Flexi Cap Fund,Direct,41.36,01-Oct-2026,0.49,0.85,10.47,18.08,16.23,17.11,0.68,-22.24,58.3,2,1,28,24,61,INF761K01FF5
151379,ITI Flexi Cap Fund - Direct Plan - Growth Option,ITI Mutual Fund,Equity Scheme - Flexi Cap Fund,Direct,20.5475,01-Oct-2026,0.53,0.91,12.19,17.69,,16.69,0.67,-20.71,76.2,1,2,28,24,43,INF00XX01CO7
129046,Motilal Oswal Flexi Cap Fund - Direct Plan - Growth,Motilal Oswal Mutual Fund,Equity Scheme - Flexi Cap Fund,Direct,68.3399,01-Oct-2026,0.71,1.22,2.91,17.25,12.24,16.2,0.66,-19.2,63.3,11,3,28,24,61,INF247L01502
148405,BANK OF INDIA FLEXI CAP FUND - Regular Plan - Growth,Bank of India Mutual Fund,Equity Scheme - Flexi Cap Fund,Regular,37.56,01-Oct-2026,1.67,2.25,8.96,16.39,14.51,17.09,0.58,-22.83,56.7,2,1,28,24,61,INF761K01FI9
129048,Motilal Oswal Flexi Cap Fund - Regular Plan - Growth,Motilal Oswal Mutual Fund,Equity Scheme - Flexi Cap Fund,Regular,61.0411,01-Oct-2026,1.44,2.05,2.04,16.25,11.29,16.19,0.6,-20.07,63.3,11,2,28,24,61,INF247L01478
151377,ITI Flexi Cap Fund - Regular Plan - Growth Option,ITI Mutual Fund,Equity Scheme - Flexi Cap Fund,Regular,19.3276,01-Oct-2026,1.8,2.34,10.53,15.79,,16.66,0.56,-21.28,76.2,1,3,28,24,43,INF00XX01CL3
151895,Bajaj Finserv Flexi Cap Fund - Direct Plan - Growth,Bajaj Finserv Mutual Fund,Equity Scheme - Flexi Cap Fund,Direct,15.602,01-Oct-2026,0.47,0.98,4.76,15.58,,15.43,0.59,-16.62,70.3,9,4,28,24,38,INF0QA701342
118955,HDFC Flexi Cap Fund - Direct Plan - Growth Option,HDFC Mutual Fund,Equity Scheme - Flexi Cap Fund,Direct,2150.082,01-Oct-2026,0.57,0.77,-1.95,14.23,15.48,13.18,0.59,-12.37,68.3,17,5,28,24,61,INF179K01UT0
120843,Quant Flexi Cap Fund - Direct Plan - Growth Option,quant Mutual Fund,Equity Scheme - Flexi Cap Fund,Direct,116.7671,01-Oct-2026,0.58,1.07,9.51,14.14,13.8,17.69,0.43,-23.97,58.3,3,6,28,24,61,INF966L01911
151898,Bajaj Finserv Flexi Cap Fund - Regular Plan - Growth,Bajaj Finserv Mutual Fund,Equity Scheme - Flexi Cap Fund,Regular,14.943,01-Oct-2026,1.52,2.22,3.43,14.0,,15.4,0.49,-17.09,70.3,9,4,28,24,38,INF0QA701383
120564,Aditya Birla Sun Life Flexi Cap Fund - Direct Plan - GROWTH,Aditya Birla Sun Life Mutual Fund,Equity Scheme - Flexi Cap Fund,Direct,2102.35,01-Oct-2026,0.7,0.89,6.14,13.62,10.75,14.24,0.5,-16.24,61.7,7,7,28,24,61,INF209K01XX1
101762,HDFC Flexi Cap Fund - Regular Plan - Growth Option,HDFC Mutual Fund,Equity Scheme - Flexi Cap Fund,Regular,1951.419,01-Oct-2026,1.08,1.37,-2.58,13.48,14.72,13.17,0.53,-12.57,68.3,17,5,28,24,61,INF179K01608
140353,Edelweiss Flexi Cap Fund - Direct Plan - Growth,Edelweiss Mutual Fund,Equity Scheme - Flexi Cap Fund,Direct,43.133,01-Oct-2026,0.46,0.77,-1.02,12.9,11.66,14.75,0.43,-17.9,61.7,16,8,28,24,61,INF843K01KK1
109830,Quant Flexi Cap Fund - Regular Plan - Growth Option,quant Mutual Fund,Equity Scheme - Flexi Cap Fund,Regular,103.6337,01-Oct-2026,1.54,2.21,8.27,12.83,12.51,17.67,0.36,-24.34,56.7,4,6,28,24,61,INF966L01457
103166,Aditya Birla Sun Life Flexi Cap Fund - Regular Plan - GROWTH,Aditya Birla Sun Life Mutual Fund,Equity Scheme - Flexi Cap Fund,Regular,1863.58,01-Oct-2026,1.36,1.66,5.31,12.72,9.85,14.23,0.44,-16.51,61.7,7,7,28,24,61,INF209K01AJ8
122639,Parag Parikh Flexi Cap Fund - Direct Plan - Growth,PPFAS Mutual Fund,Equity Scheme - Flexi Cap Fund,Direct,88.2569,01-Oct-2026,0.53,0.69,-4.17,11.99,11.01,10.58,0.52,-14.01,65.0,23,9,28,24,61,INF879O01027
122640,Parag Parikh Flexi Cap Fund - Regular Plan - Growth,PPFAS Mutual Fund,Equity Scheme - Flexi Cap Fund,Regular,80.3771,01-Oct-2026,1.05,1.3,-4.76,11.23,10.15,10.58,0.45,-14.46,61.7,23,8,28,24,61,INF879O01019
140355,Edelweiss Flexi Cap Fund - Regular Plan - Growth,Edelweiss Mutual Fund,Equity Scheme - Flexi Cap Fund,Regular,36.653,01-Oct-2026,1.64,2.15,-2.42,11.22,9.92,14.73,0.32,-18.42,61.7,16,9,28,24,61,INF843K01KN5
150387,Baroda BNP Paribas Flexi Cap Fund - Direct Plan - Growth Option,Baroda BNP Paribas Mutual Fund,Equity Scheme - Flexi Cap Fund,Direct,15.9929,01-Oct-2026,0.86,1.3,1.65,11.06,,14.77,0.31,-19.57,67.3,13,10,28,24,50,INF251K01QZ2
118883,Taurus Flexi Cap Fund - Direct Plan - Growth,Taurus Mutual Fund,Equity Scheme - Flexi Cap Fund,Direct,249.14,01-Oct-2026,2.04,2.69,8.63,11.04,10.01,15.9,0.29,-19.96,63.3,5,11,28,24,61,INF044D01BU9
100476,Taurus Flexi Cap Fund - Regular Plan - Growth,Taurus Mutual Fund,Equity Scheme - Flexi Cap Fund,Regular,239.29,01-Oct-2026,2.09,2.74,8.56,10.97,9.95,15.9,0.28,-20.04,63.3,3,10,28,24,61,INF044D01989
143793,Navi Flexi Cap Fund - Direct Plan - Growth,Navi Mutual Fund,Equity Scheme - Flexi Cap Fund,Direct,28.1519,01-Oct-2026,0.51,0.72,8.76,10.55,10.7,14.76,0.27,-18.66,60.0,4,12,28,24,61,INF959L01DT9
119292,Union Flexi Cap Fund - Direct Plan - Growth Option,Union Mutual Fund,Equity Scheme - Flexi Cap Fund,Direct,56.67,01-Oct-2026,0.84,1.55,0.64,10.09,9.56,14.01,0.26,-16.43,63.3,14,13,28,24,61,INF582M01633
120264,LIC MF Flexi Cap Fund - Direct Plan - Growth,LIC Mutual Fund,Equity Scheme - Flexi Cap Fund,Direct,111.4253,01-Oct-2026,0.95,1.85,2.22,9.87,9.33,15.04,0.22,-21.99,65.0,12,14,28,24,61,INF767K01EG3
150385,Baroda BNP Paribas Flexi Cap Fund - Regular Plan - Growth Option,Baroda BNP Paribas Mutual Fund,Equity Scheme - Flexi Cap Fund,Regular,15.1198,01-Oct-2026,1.85,2.46,0.45,9.73,,14.75,0.22,-19.97,67.3,13,11,28,24,50,INF251K01QW9
133839,PGIM India Flexi Cap Fund - Direct Plan - Direct Growth,PGIM India Mutual Fund,Equity Scheme - Flexi Cap Fund,Direct,41.92,01-Oct-2026,0.49,0.85,0.02,9.65,7.36,13.98,0.23,-15.97,60.0,15,15,28,24,61,INF663L01FF1
119076,DSP Flexi Cap Fund - Direct Plan - Growth,DSP Mutual Fund,Equity Scheme - Flexi Cap Fund,Direct,110.141,01-Oct-2026,0.62,0.88,-2.71,9.55,8.88,15.04,0.2,-17.17,60.0,20,16,28,24,61,INF740K01PI2
118424,BANDHAN Flexi Cap Fund - Direct Plan - Growth,Bandhan Mutual Fund,Equity Scheme - Flexi Cap Fund,Direct,219.852,01-Oct-2026,0.96,1.53,-2.29,9.48,9.05,13.53,0.22,-15.65,56.7,18,17,28,24,61,INF194K01W62
118535,Franklin India Flexi Cap Fund - Direct Plan - Growth,Franklin Templeton Mutual Fund,Equity Scheme - Flexi Cap Fund,Direct,1686.8456,01-Oct-2026,0.75,0.99,-5.44,9.36,10.46,13.88,0.21,-15.27,65.0,26,18,28,24,61,INF090I01FK3
115270,Union Flexi Cap Fund - Regular Plan - Growth Option,Union Mutual Fund,Equity Scheme - Flexi Cap Fund,Regular,50.24,01-Oct-2026,1.72,2.59,-0.44,8.86,8.33,13.99,0.17,-16.82,61.7,14,12,28,24,61,INF582M01104
149094,Nippon India Flexi Cap Fund - Direct Plan - Growth Option,Nippon India Mutual Fund,Equity Scheme - Flexi Cap Fund,Direct,16.9819,01-Oct-2026,0.47,0.65,-2.68,8.83,9.87,14.81,0.16,-18.68,63.3,19,19,28,24,61,INF204KC1121
100313,LIC MF Flexi Cap Fund - Regular Plan - Growth,LIC Mutual Fund,Equity Scheme - Flexi Cap Fund,Regular,99.9593,01-Oct-2026,1.91,2.94,1.21,8.82,8.34,15.03,0.15,-22.31,63.3,12,13,28,24,61,INF767K01071
108594,BANDHAN Flexi Cap Fund - Regular Plan - Growth,Bandhan Mutual Fund,Equity Scheme - Flexi Cap Fund,Regular,199.348,01-Oct-2026,1.54,2.21,-2.99,8.7,8.28,13.52,0.16,-15.9,56.7,18,14,28,24,61,INF194K01391
143787,Navi Flexi Cap Fund - Regular Plan - Growth,Navi Mutual Fund,Equity Scheme - Flexi Cap Fund,Regular,23.987,01-Oct-2026,2.1,2.59,6.84,8.55,8.66,14.74,0.14,-19.28,58.3,5,15,28,24,61,INF959L01EE9
100520,Franklin India Flexi Cap Fund - Regular Plan - Growth,Franklin Templeton Mutual Fund,Equity Scheme - Flexi Cap Fund,Regular,1500.9898,01-Oct-2026,1.42,1.77,-6.18,8.51,9.61,13.87,0.14,-15.54,63.3,26,16,28,24,61,INF090I01239
144546,Tata Flexi Cap Fund - Direct Plan - Growth Option,Tata Mutual Fund,Equity Scheme - Flexi Cap Fund,Direct,25.0701,01-Oct-2026,0.59,0.89,-6.5,8.46,7.97,12.98,0.15,-13.47,56.7,28,20,28,24,61,INF277K015K0
105875,DSP Flexi Cap Fund - Regular Plan - Growth,DSP Mutual Fund,Equity Scheme - Flexi Cap Fund,Regular,97.83,01-Oct-2026,1.48,1.88,-3.72,8.42,7.73,15.03,0.13,-17.8,60.0,20,17,28,24,61,INF740K01037
133836,PGIM India Flexi Cap Fund - Regular Plan - Regular Growth,PGIM India Mutual Fund,Equity Scheme - Flexi Cap Fund,Regular,35.31,01-Oct-2026,1.57,2.12,-1.26,8.19,5.82,13.96,0.12,-16.67,56.7,15,18,28,24,61,INF663L01FJ3
119718,SBI FLEXICAP FUND - Direct Plan - Growth,SBI Mutual Fund,Equity Scheme - Flexi Cap Fund,Direct,117.1988,01-Oct-2026,0.72,1.25,-3.21,7.48,7.4,12.79,0.08,-15.06,63.3,22,21,28,24,61,INF200K01UG1
150571,Sundaram Flexicap Fund - Direct Plan - GROWTH,Sundaram Mutual Fund,Equity Scheme - Flexi Cap Fund,Direct,14.373,01-Oct-2026,0.63,0.87,-6.25,7.47,,13.55,0.07,-14.58,58.3,27,22,28,24,49,INF903JA1LE2
149089,Nippon India Flexi Cap Fund - Regular Plan - Growth Option,Nippon India Mutual Fund,Equity Scheme - Flexi Cap Fund,Regular,15.8198,01-Oct-2026,1.51,1.84,-3.87,7.44,8.37,14.8,0.06,-19.11,63.3,21,19,28,24,61,INF204KC1097
144548,Tata Flexi Cap Fund - Regular Plan - Growth Option,Tata Mutual Fund,Equity Scheme - Flexi Cap Fund,Regular,22.2415,01-Oct-2026,1.64,2.11,-7.67,7.09,6.58,12.97,0.05,-13.74,56.7,28,20,28,24,61,INF277K019K2
120662,UTI - Flexi Cap Fund. - Direct Plan - Growth,UTI Mutual Fund,Equity Scheme - Flexi Cap Fund,Direct,333.4998,01-Oct-2026,0.93,1.16,-2.94,7.07,3.93,14.64,0.04,-20.2,56.7,21,23,28,24,61,INF789F01TC4
103215,SBI FLEXICAP FUND - Regular Plan - Growth,SBI Mutual Fund,Equity Scheme - Flexi Cap Fund,Regular,103.9092,01-Oct-2026,1.4,2.04,-3.99,6.59,6.48,12.78,0.01,-15.35,60.0,22,21,28,24,61,INF200K01222
100669,UTI - Flexi Cap Fund. - Regular Plan - Growth,UTI Mutual Fund,Equity Scheme - Flexi Cap Fund,Regular,308.6281,01-Oct-2026,1.39,1.68,-3.54,6.36,3.18,14.63,-0.01,-20.55,56.7,19,22,28,24,61,INF789F01513
150568,Sundaram Flexicap Fund - Regular Plan - GROWTH,Sundaram Mutual Fund,Equity Scheme - Flexi Cap Fund,Regular,13.5194,01-Oct-2026,1.78,2.18,-7.5,5.97,,13.53,-0.04,-15.07,56.2,27,23,28,24,49,INF903JA1LB8
144905,Shriram Flexi Cap Fund - Direct Plan - Growth,Shriram Mutual Fund,Equity Scheme - Flexi Cap Fund,Direct,21.3348,01-Oct-2026,0.75,1.04,-4.17,5.71,6.61,15.3,-0.05,-22.67,60.0,24,24,28,24,61,INF680P01109
144902,Shriram Flexi Cap Fund - Regular Plan - Growth,Shriram Mutual Fund,Equity Scheme - Flexi Cap Fund,Regular,18.5412,01-Oct-2026,2.1,2.57,-5.71,3.98,4.8,15.28,-0.16,-23.78,58.3,24,24,28,24,61,INF680P01075
154043,Abakkus Flexi Cap Fund - Direct Plan - Growth,Abakkus Mutual Fund,Equity Scheme - Flexi Cap Fund,Direct,10.747,01-Oct-2026,0.4,0.83,,,,,,,,,,,,10,INF2JJD01136
154041,Abakkus Flexi Cap Fund - Regular Plan - Growth,Abakkus Mutual Fund,Equity Scheme - Flexi Cap Fund,Regular,10.634,01-Oct-2026,1.53,2.11,,,,,,,,,,,,10,INF2JJD01169
153738,Capitalmind Flexi Cap Fund - Direct Plan - Growth,Capitalmind Mutual Fund,Equity Scheme - Flexi Cap Fund,Direct,10.0155,01-Oct-2026,0.83,1.72,3.85,,,12.91,,-7.98,61.5,10,,28,,14,INF226401018
153739,Capitalmind Flexi Cap Fund - Regular Plan - Growth,Capitalmind Mutual Fund,Equity Scheme - Flexi Cap Fund,Regular,9.8525,01-Oct-2026,2.08,3.16,2.38,,,12.9,,-8.09,61.5,10,,28,,14,INF226401026
154225,Old Bridge Flexi Cap Fund - Direct Plan - Direct Growth,Old Bridge Mutual Fund,Equity Scheme - Flexi Cap Fund,Direct,10.89,01-Oct-2026,0.83,1.63,,,,,,,,,,,,7,INF0S5R01133
154226,Old Bridge Flexi Cap Fund - Regular Plan - Regular Growth,Old Bridge Mutual Fund,Equity Scheme - Flexi Cap Fund,Regular,10.79,01-Oct-2026,2.1,3.12,,,,,,,,,,,,7,INF0S5R01166
153872,The Wealth Company Flexi Cap Fund - Direct Plan - Growth,The Wealth Company Mutual Fund,Equity Scheme - Flexi Cap Fund,Direct,9.5792,01-Oct-2026,0.3,1.81,-4.4,,,,,,,25,,28,,12,INF2F0001040
153870,The Wealth Company Flexi Cap Fund - Regular Plan - Growth,The Wealth Company Mutual Fund,Equity Scheme - Flexi Cap Fund,Regular,9.3945,01-Oct-2026,2.1,3.87,-6.15,,,,,,,25,,28,,12,INF2F0001016
152584,TRUSTMF Flexi Cap Fund - Direct Plan - Growth,Trust Mutual Fund,Equity Scheme - Flexi Cap Fund,Direct,12.33,01-Oct-2026,0.64,1.77,7.69,,,15.97,,-16.24,69.0,6,,28,,30,INF0GCD01743
152582,TRUSTMF Flexi Cap Fund - Regular Plan - Growth,Trust Mutual Fund,Equity Scheme - Flexi Cap Fund,Regular,11.84,01-Oct-2026,1.9,3.21,6.0,,,15.96,,-16.51,69.0,6,,28,,30,INF0GCD01719
153543,UNIFI FLEXI CAP FUND - Direct Plan - GROWTH,Unifi Mutual Fund,Equity Scheme - Flexi Cap Fund,Direct,10.4821,01-Oct-2026,1.0,1.45,5.46,,,15.39,,-12.39,66.7,8,,28,,16,INF1MIY01031
153542,UNIFI FLEXI CAP FUND - Regular Plan - GROWTH,Unifi Mutual Fund,Equity Scheme - Flexi Cap Fund,Regular,10.3039,01-Oct-2026,2.1,2.73,4.1,,,15.38,,-12.67,66.7,8,,28,,16,INF1MIY01049
151777,ITI Focused Fund - Direct Plan - Growth Option,ITI Mutual Fund,Equity Scheme - Focused Fund,Direct,16.5918,01-Oct-2026,0.59,0.91,5.75,16.21,,16.48,0.59,-17.66,71.1,5,1,18,17,39,INF00XX01CS8
118421,Bandhan Focused Fund - Direct Plan - Growth,Bandhan Mutual Fund,Equity Scheme - Focused Fund,Direct,105.04,01-Oct-2026,0.67,0.98,3.39,15.1,12.02,15.18,0.57,-15.0,61.7,8,2,18,17,61,INF194K01W21
119727,SBI FOCUSED FUND - Direct Plan - Growth,SBI Mutual Fund,Equity Scheme - Focused Fund,Direct,434.3341,01-Oct-2026,0.59,0.84,9.3,14.38,10.98,13.55,0.58,-17.95,61.7,3,3,18,17,61,INF200K01RJ1
122389,Motilal Oswal Focused Fund - Direct Plan - Growth,Motilal Oswal Mutual Fund,Equity Scheme - Focused Fund,Direct,62.1349,01-Oct-2026,0.83,1.66,26.75,14.29,10.32,17.26,0.45,-30.48,61.7,1,4,18,17,61,INF247L01189
118950,HDFC Focused Fund - Direct Plan - Growth Option,HDFC Mutual Fund,Equity Scheme - Focused Fund,Direct,254.884,01-Oct-2026,0.62,0.82,-3.03,14.23,17.09,12.99,0.6,-12.71,68.3,15,5,18,17,61,INF179K01VK7
151778,ITI Focused Fund - Regular Plan - Growth Option,ITI Mutual Fund,Equity Scheme - Focused Fund,Regular,15.6221,01-Oct-2026,2.06,2.59,3.88,14.12,,16.43,0.46,-18.26,71.1,6,1,18,17,39,INF00XX01CV2
108592,Bandhan Focused Fund - Regular Plan - Growth,Bandhan Mutual Fund,Equity Scheme - Focused Fund,Regular,87.843,01-Oct-2026,1.75,2.24,2.08,13.62,10.58,15.17,0.47,-15.18,61.7,8,2,18,17,61,INF194K01466
102756,SBI FOCUSED FUND - Regular Plan - Growth,SBI Mutual Fund,Equity Scheme - Focused Fund,Regular,383.2878,01-Oct-2026,1.24,1.6,8.46,13.46,10.01,13.54,0.51,-18.45,58.3,3,3,18,17,61,INF200K01370
147473,Kotak Focused Fund - Direct Plan - Growth option,Kotak Mahindra Mutual Fund,Equity Scheme - Focused Fund,Direct,28.674,01-Oct-2026,0.51,0.74,2.56,13.24,11.08,13.85,0.49,-16.54,65.0,9,6,18,17,61,INF174KA1EN7
102760,HDFC Focused Fund - Regular Plan - Growth Option,HDFC Mutual Fund,Equity Scheme - Focused Fund,Regular,222.203,01-Oct-2026,1.37,1.7,-3.94,13.02,15.71,12.97,0.5,-13.0,68.3,15,4,18,17,61,INF179K01574
122387,Motilal Oswal Focused Fund - Regular Plan - Growth,Motilal Oswal Mutual Fund,Equity Scheme - Focused Fund,Regular,52.4413,01-Oct-2026,1.77,2.72,25.33,13.0,9.06,17.24,0.38,-30.81,60.0,1,5,18,17,61,INF247L01155
120834,Quant Focused Fund - Direct Plan - Growth Option,quant Mutual Fund,Equity Scheme - Focused Fund,Direct,100.8947,01-Oct-2026,0.74,1.98,7.73,12.64,12.89,17.57,0.35,-23.26,63.3,4,7,18,17,61,INF966L01853
119096,DSP Focused Fund - Direct Plan - Growth,DSP Mutual Fund,Equity Scheme - Focused Fund,Direct,59.562,01-Oct-2026,0.85,1.11,-0.76,11.78,10.02,15.22,0.35,-15.28,55.0,12,8,18,17,61,INF740K01OB0
147477,Kotak Focused Fund - Regular Plan - Growth Option,Kotak Mahindra Mutual Fund,Equity Scheme - Focused Fund,Regular,25.676,01-Oct-2026,1.62,2.06,1.21,11.71,9.5,13.84,0.38,-17.01,65.0,9,6,18,17,61,INF174KA1EK3
119564,Aditya Birla Sun Life Focused Fund - Direct Plan - GROWTH,Aditya Birla Sun Life Mutual Fund,Equity Scheme - Focused Fund,Direct,158.2561,01-Oct-2026,0.76,1.01,1.49,11.43,9.51,13.63,0.36,-14.92,55.0,11,9,18,17,61,INF209K01WE3
150376,Edelweiss Focused Fund - Direct Plan - Growth,Edelweiss Mutual Fund,Equity Scheme - Focused Fund,Direct,16.595,01-Oct-2026,0.66,0.84,-2.13,11.06,,14.72,0.31,-15.58,67.3,13,10,18,17,50,INF754K01OP1
109275,Quant Focused Fund - Regular Plan - Growth Option,quant Mutual Fund,Equity Scheme - Focused Fund,Regular,89.3508,01-Oct-2026,1.99,3.46,6.15,10.96,11.04,17.55,0.25,-24.95,61.7,4,7,18,17,61,INF966L01374
112901,DSP Focused Fund - Regular Plan - Growth,DSP Mutual Fund,Equity Scheme - Focused Fund,Regular,52.663,01-Oct-2026,1.71,2.12,-1.81,10.61,8.86,15.2,0.27,-15.64,55.0,12,8,18,17,61,INF740K01532
103309,Aditya Birla Sun Life Focused Fund - Regular Plan - GROWTH,Aditya Birla Sun Life Mutual Fund,Equity Scheme - Focused Fund,Regular,138.9421,01-Oct-2026,1.54,1.92,0.56,10.4,8.48,13.62,0.29,-15.24,55.0,11,9,18,17,61,INF209K01462
147492,Union Focused Fund - Direct Plan - Growth Option,Union Mutual Fund,Equity Scheme - Focused Fund,Direct,28.2,01-Oct-2026,1.25,1.57,5.11,10.24,8.97,13.39,0.28,-15.61,61.7,6,11,18,17,61,INF582M01FS4
149533,Sundaram Focused Fund (Formerly Known as Principal Focused Multicap Fund) - Direct Plan - GROWTH,Sundaram Mutual Fund,Equity Scheme - Focused Fund,Direct,178.1791,01-Oct-2026,1.06,1.34,1.95,9.46,,13.79,0.21,-15.05,62.5,10,12,18,17,57,INF173K01EK6
150382,Edelweiss Focused Fund - Regular Plan - Growth,Edelweiss Mutual Fund,Equity Scheme - Focused Fund,Regular,15.516,01-Oct-2026,1.94,2.34,-3.62,9.33,,14.71,0.19,-16.13,67.3,14,10,18,17,50,INF754K01OL0
152010,LIC MF Focused Fund - Direct Plan - Growth,LIC Mutual Fund,Equity Scheme - Focused Fund,Direct,23.9054,01-Oct-2026,1.12,2.51,3.66,9.14,,15.27,0.17,-18.65,63.2,7,13,18,17,39,INF397L01KA7
147490,Union Focused Fund - Regular Plan - Growth Option,Union Mutual Fund,Equity Scheme - Focused Fund,Regular,26.33,01-Oct-2026,2.1,2.57,4.07,9.13,7.89,13.37,0.2,-15.92,60.0,5,11,18,17,61,INF582M01FW6
149532,Sundaram Focused Fund (Formerly Known as Principal Focused Multicap Fund) - Regular Plan - GROWTH,Sundaram Mutual Fund,Equity Scheme - Focused Fund,Regular,158.9973,01-Oct-2026,1.91,2.32,0.94,8.37,,13.78,0.14,-16.29,62.5,10,12,18,17,57,INF173K01189
147757,Tata Focused Fund - Direct Plan - Growth Option,Tata Mutual Fund,Equity Scheme - Focused Fund,Direct,23.8696,01-Oct-2026,0.63,0.93,-5.98,8.02,8.89,14.18,0.11,-16.74,61.7,17,14,18,17,61,INF277K017X9
152009,LIC MF Focused Fund - Regular Plan - Growth,LIC Mutual Fund,Equity Scheme - Focused Fund,Regular,21.4524,01-Oct-2026,2.1,3.65,2.37,8.01,,15.28,0.1,-19.08,60.5,7,13,18,17,39,INF397L01KE9
118692,Nippon India Focused Fund - Direct Plan - Growth Option,Nippon India Mutual Fund,Equity Scheme - Focused Fund,Direct,128.0827,01-Oct-2026,0.96,1.39,-2.39,7.76,9.18,14.58,0.09,-15.9,61.7,14,15,18,17,61,INF204K01F95
104637,Nippon India Focused Fund - Regular Plan - Growth Option,Nippon India Mutual Fund,Equity Scheme - Focused Fund,Regular,115.4615,01-Oct-2026,1.53,2.05,-3.05,7.02,8.42,14.57,0.04,-16.14,60.0,13,14,18,17,61,INF204K01GE7
150264,Baroda BNP Paribas Focused Fund - Direct Plan - Growth Option,Baroda BNP Paribas Mutual Fund,Equity Scheme - Focused Fund,Direct,22.8509,01-Oct-2026,0.54,1.21,-4.85,6.88,,16.12,0.02,-21.25,63.0,16,16,18,17,55,INF251K01PN0
147760,Tata Focused Fund - Regular Plan - Growth Option,Tata Mutual Fund,Equity Scheme - Focused Fund,Regular,21.3654,01-Oct-2026,1.79,2.28,-7.28,6.49,7.24,14.16,-0.0,-17.75,60.0,17,15,18,17,61,INF277K010Y2
118564,Franklin India Focused Equity Fund - Direct Plan - Growth,Franklin Templeton Mutual Fund,Equity Scheme - Focused Fund,Direct,106.2675,01-Oct-2026,0.83,1.15,-12.07,5.96,8.35,13.81,-0.04,-16.08,61.7,18,17,18,17,61,INF090I01IW2
105817,Franklin India Focused Equity Fund - Regular Plan - Growth,Franklin Templeton Mutual Fund,Equity Scheme - Focused Fund,Regular,93.4669,01-Oct-2026,1.5,1.92,-12.74,5.13,7.49,13.8,-0.1,-17.08,60.0,18,16,18,17,61,INF090I01981
150263,Baroda BNP Paribas Focused Fund - Regular Plan - Growth Option,Baroda BNP Paribas Mutual Fund,Equity Scheme - Focused Fund,Regular,19.7455,01-Oct-2026,2.05,2.98,-6.55,4.96,,16.1,-0.1,-21.84,63.0,16,17,18,17,55,INF251K01PK6
152358,Old Bridge Focused Fund - Direct Plan - Direct Growth,Old Bridge Mutual Fund,Equity Scheme - Focused Fund,Direct,13.48,01-Oct-2026,0.72,1.05,14.63,,,16.15,,-17.22,56.2,2,,18,,33,INF0S5R01042
152361,Old Bridge Focused Fund - Regular Plan - Regular Growth,Old Bridge Mutual Fund,Equity Scheme - Focused Fund,Regular,13.11,01-Oct-2026,1.61,2.1,13.51,,,16.16,,-17.51,56.2,2,,18,,33,INF0S5R01034
147704,Motilal Oswal Large and Midcap Fund - Direct Plan - Growth,Motilal Oswal Mutual Fund,Equity Scheme - Large & Mid Cap Fund,Direct,39.4681,01-Oct-2026,0.59,0.91,6.43,20.52,18.11,18.9,0.74,-24.12,66.7,2,1,20,18,61,INF247L01999
147701,Motilal Oswal Large and Midcap Fund - Regular Plan - Growth,Motilal Oswal Mutual Fund,Equity Scheme - Large & Mid Cap Fund,Regular,35.7569,01-Oct-2026,1.41,1.81,5.38,19.13,16.59,18.88,0.67,-24.27,65.0,2,1,21,19,61,INF247L01965
118419,Bandhan Large & Mid Cap Fund - Direct Plan - Growth,Bandhan Mutual Fund,Equity Scheme - Large & Mid Cap Fund,Direct,159.191,01-Oct-2026,0.45,1.17,2.27,16.29,15.85,14.95,0.65,-17.32,66.7,8,2,20,18,61,INF194K01V89
108596,Bandhan Large & Mid Cap Fund - Regular Plan - Growth,Bandhan Mutual Fund,Equity Scheme - Large & Mid Cap Fund,Regular,134.701,01-Oct-2026,1.41,2.3,1.11,14.95,14.5,14.94,0.57,-17.72,65.0,9,2,21,19,61,INF194K01524
120826,Quant Large & Mid Cap Fund - Direct Plan - Growth Option,quant Mutual Fund,Equity Scheme - Large & Mid Cap Fund,Direct,132.511,01-Oct-2026,0.63,1.23,9.06,13.61,14.97,17.95,0.4,-22.95,60.0,1,3,20,18,61,INF966L01648
120596,ICICI Prudential Large & Mid Cap Fund - Direct Plan - Growth,ICICI Prudential Mutual Fund,Equity Scheme - Large & Mid Cap Fund,Direct,1095.15,01-Oct-2026,0.68,1.28,-2.12,13.38,13.72,13.73,0.5,-13.88,66.7,16,4,20,18,61,INF109K011O5
120665,UTI Large & Mid Cap Fund - Direct Plan - Growth,UTI Mutual Fund,Equity Scheme - Large & Mid Cap Fund,Direct,189.2284,01-Oct-2026,0.82,1.13,0.53,13.3,12.79,14.48,0.47,-16.9,63.3,12,5,20,18,61,INF789F01UG3
119566,Sundaram Large and Midcap Fund - Direct Plan - GROWTH,Sundaram Mutual Fund,Equity Scheme - Large & Mid Cap Fund,Direct,100.2626,01-Oct-2026,0.66,1.35,5.38,12.94,11.26,15.19,0.42,-18.21,63.3,3,6,20,18,61,INF903J01PR9
118678,Nippon India Vision Large & Mid Cap Fund - Direct Plan - Growth Option,Nippon India Mutual Fund,Equity Scheme - Large & Mid Cap Fund,Direct,1525.0085,01-Oct-2026,0.91,1.5,-2.63,12.8,11.76,14.63,0.43,-16.17,65.0,17,7,20,18,61,INF204K01F20
140175,Edelweiss Large & Mid Cap Fund - Direct Plan - Growth,Edelweiss Mutual Fund,Equity Scheme - Large & Mid Cap Fund,Direct,101.954,01-Oct-2026,0.44,0.68,1.79,12.76,11.95,14.93,0.42,-17.42,66.7,9,8,20,18,61,INF843K01AL0
148474,Baroda BNP Paribas Large and Mid Cap fund - Direct Plan - Growth Option,Baroda BNP Paribas Mutual Fund,Equity Scheme - Large & Mid Cap Fund,Direct,28.5242,01-Oct-2026,0.72,1.12,1.39,12.43,11.39,15.59,0.38,-18.44,66.7,11,9,20,18,61,INF955L01JU2
100349,ICICI Prudential Large & Mid Cap Fund - Regular Plan - Growth,ICICI Prudential Mutual Fund,Equity Scheme - Large & Mid Cap Fund,Regular,970.51,01-Oct-2026,1.34,2.04,-2.92,12.4,12.75,13.72,0.43,-14.19,65.0,16,3,21,19,61,INF109K01431
100664,UTI Large & Mid Cap Fund - Regular Plan - Growth,UTI Mutual Fund,Equity Scheme - Large & Mid Cap Fund,Regular,174.7353,01-Oct-2026,1.56,1.95,-0.37,12.3,11.9,14.47,0.4,-17.21,63.3,13,4,21,19,61,INF789F01869
104513,Quant Large & Mid Cap Fund - Regular Plan - Growth Option,quant Mutual Fund,Equity Scheme - Large & Mid Cap Fund,Regular,119.2766,01-Oct-2026,1.66,2.45,7.72,12.18,13.33,17.94,0.32,-24.53,60.0,1,5,21,19,61,INF966L01341
100380,Nippon India Vision Large & Mid Cap Fund - Regular Plan - GROWTH Option,Nippon India Mutual Fund,Equity Scheme - Large & Mid Cap Fund,Regular,1406.8991,01-Oct-2026,1.54,2.22,-3.3,12.14,11.14,14.62,0.39,-16.36,65.0,18,6,21,19,61,INF204K01406
147750,Union Large & Midcap Fund - Direct Plan - Growth Option,Union Mutual Fund,Equity Scheme - Large & Mid Cap Fund,Direct,28.38,01-Oct-2026,0.87,1.32,4.03,11.93,10.91,14.59,0.37,-17.54,66.7,5,10,20,18,61,INF582M01GA0
119350,BANK OF INDIA LARGE & MID CAP FUND - Direct Plan - Growth,Bank of India Mutual Fund,Equity Scheme - Large & Mid Cap Fund,Direct,102.92,01-Oct-2026,0.93,1.43,4.39,11.92,11.06,14.96,0.36,-20.75,63.3,4,11,20,18,61,INF761K01652
133710,LIC MF Large & Mid Cap Fund - Direct Plan - Growth,LIC Mutual Fund,Equity Scheme - Large & Mid Cap Fund,Direct,42.8555,01-Oct-2026,0.56,1.56,-1.89,11.89,10.21,15.48,0.35,-18.18,63.3,15,12,20,18,61,INF767K01NE9
105001,Sundaram Large and Midcap Fund - Regular Plan - GROWTH,Sundaram Mutual Fund,Equity Scheme - Large & Mid Cap Fund,Regular,88.0185,01-Oct-2026,1.54,2.36,4.27,11.75,10.04,15.18,0.35,-18.56,63.3,3,7,21,19,61,INF903J01DT1
119218,DSP Large & Mid Cap Fund - Direct Plan - Growth,DSP Mutual Fund,Equity Scheme - Large & Mid Cap Fund,Direct,656.853,01-Oct-2026,0.54,0.79,-3.49,11.72,10.89,14.79,0.35,-16.47,63.3,18,13,20,18,61,INF740K01PL6
110599,BANK OF INDIA LARGE & MID CAP FUND - Growth,Bank of India Mutual Fund,Equity Scheme - Large & Mid Cap Fund,Regular,97.83,01-Oct-2026,2.09,2.8,3.75,11.38,10.5,14.96,0.33,-20.92,63.3,4,8,21,19,61,INF761K01041
119721,SBI LARGE & MIDCAP FUND - Direct Plan - Growth,SBI Mutual Fund,Equity Scheme - Large & Mid Cap Fund,Direct,668.6656,01-Oct-2026,0.61,0.86,0.15,11.31,12.41,13.3,0.36,-13.44,70.0,13,14,20,18,61,INF200K01UJ5
140172,Edelweiss Large & Mid Cap Fund - Regular Plan - Growth,Edelweiss Mutual Fund,Equity Scheme - Large & Mid Cap Fund,Regular,85.23,01-Oct-2026,1.6,2.04,0.39,11.17,10.28,14.91,0.31,-17.9,65.0,10,9,21,19,61,INF843K01047
148471,Baroda BNP Paribas Large and Mid Cap fund - Regular Plan - Growth Option,Baroda BNP Paribas Mutual Fund,Equity Scheme - Large & Mid Cap Fund,Regular,26.1498,01-Oct-2026,1.77,2.34,0.12,11.01,9.91,15.59,0.29,-18.88,65.0,11,10,21,19,61,INF955L01JR8
110603,BANK OF INDIA LARGE & MID CAP FUND - Regular Plan - Growth,Bank of India Mutual Fund,Equity Scheme - Large & Mid Cap Fund,Regular,88.22,01-Oct-2026,2.09,2.8,3.01,10.59,9.83,14.94,0.27,-21.2,63.3,5,11,21,19,61,INF761K01108
103819,DSP Large & Mid Cap Fund - Regular Plan - Growth,DSP Mutual Fund,Equity Scheme - Large & Mid Cap Fund,Regular,580.611,01-Oct-2026,1.43,1.84,-4.51,10.57,9.79,14.78,0.28,-16.82,61.7,19,12,21,19,61,INF740K01094
133711,LIC MF Large & Mid Cap Fund - Regular Plan - Growth,LIC Mutual Fund,Equity Scheme - Large & Mid Cap Fund,Regular,36.6794,01-Oct-2026,1.68,2.78,-3.12,10.44,8.74,15.46,0.25,-18.62,61.7,17,13,21,19,61,INF767K01NB5
147748,Union Large & Midcap Fund - Regular Plan - Growth Option,Union Mutual Fund,Equity Scheme - Large & Mid Cap Fund,Regular,26.08,01-Oct-2026,1.93,2.57,2.68,10.42,9.46,14.57,0.27,-17.98,66.7,6,14,21,19,61,INF582M01GD4
103024,SBI LARGE & MIDCAP FUND - Regular Plan - Growth,SBI Mutual Fund,Equity Scheme - Large & Mid Cap Fund,Regular,610.3645,01-Oct-2026,1.29,1.65,-0.65,10.36,11.46,13.28,0.29,-13.76,70.0,14,15,21,19,61,INF200K01305
119436,Aditya Birla Sun Life Large & Mid Cap Fund - Direct Plan - GROWTH,Aditya Birla Sun Life Mutual Fund,Equity Scheme - Large & Mid Cap Fund,Direct,1015.74,01-Oct-2026,0.95,1.28,2.58,10.04,6.79,15.65,0.23,-21.6,63.3,7,15,20,18,61,INF209K01VH8
118510,Franklin India Large & Mid Cap Fund - Direct Plan - Growth,Franklin Templeton Mutual Fund,Equity Scheme - Large & Mid Cap Fund,Direct,197.9887,01-Oct-2026,1.08,1.66,-4.23,9.86,8.71,14.3,0.23,-16.66,60.0,19,16,20,18,61,INF090I01IN1
100033,Aditya Birla Sun Life Large & Mid Cap Fund - Regular Plan - GROWTH,Aditya Birla Sun Life Mutual Fund,Equity Scheme - Large & Mid Cap Fund,Regular,904.74,01-Oct-2026,1.58,2.01,1.78,9.17,5.92,15.64,0.17,-21.94,63.3,8,16,21,19,61,INF209K01165
102883,Franklin India Large & Mid Cap Fund - Regular Plan - Growth,Franklin Templeton Mutual Fund,Equity Scheme - Large & Mid Cap Fund,Regular,178.7447,01-Oct-2026,1.66,2.33,-4.88,9.1,7.92,14.29,0.18,-16.91,60.0,20,17,21,19,61,INF090I01205
135677,Navi Large & Midcap Fund - Direct Plan - Growth,Navi Mutual Fund,Equity Scheme - Large & Mid Cap Fund,Direct,42.1484,01-Oct-2026,0.5,0.67,1.62,8.61,9.67,15.71,0.13,-17.82,61.7,10,17,20,18,61,INF959L01CH6
135678,Navi Large & Midcap Fund - Regular Plan - Growth,Navi Mutual Fund,Equity Scheme - Large & Mid Cap Fund,Regular,34.4858,01-Oct-2026,2.1,2.55,-0.21,6.59,7.61,15.69,0.01,-18.47,61.7,12,18,21,19,61,INF959L01CK0
119202,Tata Large & Mid Cap Fund - Direct Plan - Growth Option,Tata Mutual Fund,Equity Scheme - Large & Mid Cap Fund,Direct,541.5914,01-Oct-2026,0.62,0.78,-6.89,5.66,8.53,14.59,-0.06,-20.8,60.0,20,18,20,18,61,INF277K01MK8
101824,Tata Large & Mid Cap Fund - Regular Plan - Growth Option,Tata Mutual Fund,Equity Scheme - Large & Mid Cap Fund,Regular,468.7789,01-Oct-2026,1.53,1.84,-7.9,4.5,7.34,14.57,-0.14,-22.12,58.3,21,19,21,19,61,INF277K01428
154477,Abakkus Large & Mid Cap Fund - Direct Plan - Growth,Abakkus Mutual Fund,Equity Scheme - Large & Mid Cap Fund,Direct,9.375,01-Oct-2026,0.81,3.21,,,,,,,,,,,,2,INF2JJD01193
154478,Abakkus Large & Mid Cap Fund - Regular Plan - Growth,Abakkus Mutual Fund,Equity Scheme - Large & Mid Cap Fund,Regular,9.352,01-Oct-2026,2.1,4.7,,,,,,,,,,,,2,INF2JJD01201
152821,ITI Large & Mid Cap Fund - Direct Plan - Growth Option,ITI Mutual Fund,Equity Scheme - Large & Mid Cap Fund,Direct,9.9554,01-Oct-2026,0.63,1.07,3.57,,,20.13,,-18.84,54.2,6,,20,,25,INF00XX01DA4
152824,ITI Large & Mid Cap Fund - Regular Plan - Growth Option,ITI Mutual Fund,Equity Scheme - Large & Mid Cap Fund,Regular,9.6186,01-Oct-2026,2.04,2.65,1.89,,,20.11,,-19.49,54.2,7,,21,,25,INF00XX01CX8
147706,Motilal Oswal Large and Midcap Fund,Motilal Oswal Mutual Fund,Equity Scheme - Large & Mid Cap Fund,Regular,27.8958,01-Oct-2026,1.41,1.81,,,,,,,,,,,,2,INF247L01AB3
152382,PGIM India Large and Midcap Fund - Direct Plan - Direct Growth,PGIM India Mutual Fund,Equity Scheme - Large & Mid Cap Fund,Direct,12.59,01-Oct-2026,0.63,0.89,-0.47,,,15.4,,-14.12,61.3,14,,20,,32,INF663L01Y12
152383,PGIM India Large and Midcap Fund - Regular Plan - Regular Growth,PGIM India Mutual Fund,Equity Scheme - Large & Mid Cap Fund,Regular,12.03,01-Oct-2026,2.02,2.53,-2.12,,,15.36,,-14.76,61.3,15,,21,,32,INF663L01X88
154381,The Wealth Company Large & Mid Cap Fund - Direct Plan - Growth,The Wealth Company Mutual Fund,Equity Scheme - Large & Mid Cap Fund,Direct,9.7879,01-Oct-2026,0.39,2.39,,,,,,,,,,,,4,INF2F0001594
154382,The Wealth Company Large & Mid Cap Fund - Regular Plan - Growth,The Wealth Company Mutual Fund,Equity Scheme - Large & Mid Cap Fund,Regular,9.7264,01-Oct-2026,2.1,4.41,,,,,,,,,,,,4,INF2F0001560
150440,quant Large Cap Fund - Direct Plan - Growth Option,quant Mutual Fund,Equity Scheme - Large Cap Fund,Direct,16.198,01-Oct-2026,0.45,1.53,4.19,12.53,,16.57,0.36,-20.07,59.2,2,1,22,21,50,INF966L01AT0
118870,Taurus Large Cap Fund - Direct Plan - Growth,Taurus Mutual Fund,Equity Scheme - Large Cap Fund,Direct,175.04,01-Oct-2026,1.88,2.54,6.97,12.39,9.95,15.67,0.38,-16.74,63.3,1,2,22,21,61,INF044D01BX3
101209,Taurus Large Cap Fund - Regular Plan - Growth,Taurus Mutual Fund,Equity Scheme - Large Cap Fund,Regular,165.04,01-Oct-2026,2.08,2.76,6.74,12.2,9.81,15.67,0.36,-16.79,63.3,1,1,26,23,61,INF044D01773
148980,BANK OF INDIA LARGE CAP FUND - Direct Plan - Growth,Bank of India Mutual Fund,Equity Scheme - Large Cap Fund,Direct,17.17,01-Oct-2026,0.87,1.3,2.57,11.49,8.94,15.12,0.33,-20.21,61.7,3,3,22,21,61,INF761K01FL3
118479,BANDHAN LARGE CAP FUND - Direct Plan - Growth,Bandhan Mutual Fund,Equity Scheme - Large Cap Fund,Direct,86.128,01-Oct-2026,0.77,1.06,-1.57,11.48,9.61,14.13,0.35,-16.61,60.0,5,4,22,21,61,INF194K01Z44
150441,quant Large Cap Fund - Regular Plan - Growth Option,quant Mutual Fund,Equity Scheme - Large Cap Fund,Regular,15.1837,01-Oct-2026,1.64,2.93,2.68,10.87,,16.56,0.26,-20.54,59.2,2,2,26,23,50,INF966L01AW4
108799,BANDHAN LARGE CAP FUND - Regular Plan - Growth,Bandhan Mutual Fund,Equity Scheme - Large Cap Fund,Regular,73.956,01-Oct-2026,1.75,2.2,-2.7,10.19,8.31,14.12,0.26,-17.01,60.0,5,3,26,23,61,INF194K01516
150187,BARODA BNP PARIBAS LARGE CAP FUND - Direct Plan - Growth Option,Baroda BNP Paribas Mutual Fund,Equity Scheme - Large Cap Fund,Direct,243.928,01-Oct-2026,0.69,0.89,-2.14,10.05,,14.14,0.25,-17.28,61.1,7,5,22,21,55,INF251K01HN7
148982,BANK OF INDIA LARGE CAP FUND - Regular Plan - Growth,Bank of India Mutual Fund,Equity Scheme - Large Cap Fund,Regular,16.04,01-Oct-2026,2.1,2.75,1.07,10.0,7.56,15.12,0.23,-20.67,61.7,3,4,26,23,61,INF761K01FO7
118632,Nippon India Large Cap Fund - Direct Plan - Growth Option,Nippon India Mutual Fund,Equity Scheme - Large Cap Fund,Direct,94.8959,01-Oct-2026,0.59,0.88,-6.32,9.5,11.84,13.76,0.22,-14.32,61.7,18,6,22,21,61,INF204K01XI3
148353,ITI Large Cap Fund - Direct Plan - Growth Option,ITI Mutual Fund,Equity Scheme - Large Cap Fund,Direct,18.6903,01-Oct-2026,0.59,0.95,-1.69,9.39,7.72,14.79,0.2,-16.81,54.2,6,7,22,21,60,INF00XX01804
119250,DSP Large Cap Fund - Direct Plan - Growth,DSP Mutual Fund,Equity Scheme - Large Cap Fund,Direct,474.703,01-Oct-2026,0.79,1.21,-7.15,9.37,8.38,13.19,0.22,-14.17,55.0,22,8,22,21,61,INF740K01PR3
120586,ICICI Prudential Large Cap Fund (erstwhile Bluechip Fund) - Direct Plan - Growth,ICICI Prudential Mutual Fund,Equity Scheme - Large Cap Fund,Direct,112.29,01-Oct-2026,0.72,1.01,-6.94,9.23,10.03,12.8,0.21,-13.99,60.0,20,9,22,21,61,INF109K016L0
118617,Edelweiss Large Cap Fund - Direct Plan - Growth,Edelweiss Mutual Fund,Equity Scheme - Large Cap Fund,Direct,92.49,01-Oct-2026,0.6,1.0,-2.96,8.97,9.2,13.38,0.18,-16.0,60.0,9,10,22,21,61,INF754K01BW4
120152,Kotak Large Cap Fund - Direct Plan - Growth,Kotak Mahindra Mutual Fund,Equity Scheme - Large Cap Fund,Direct,618.677,01-Oct-2026,0.58,0.76,-5.23,8.83,8.22,13.4,0.17,-15.41,58.3,14,11,22,21,61,INF174K01KW6
150185,BARODA BNP PARIBAS LARGE CAP FUND - Regular Plan - Growth Option,Baroda BNP Paribas Mutual Fund,Equity Scheme - Large Cap Fund,Regular,208.4106,01-Oct-2026,1.7,2.08,-3.33,8.74,,14.13,0.16,-17.68,61.1,7,5,26,23,55,INF251K01894
119160,Tata Large Cap Fund - Direct Plan - Growth Option,Tata Mutual Fund,Equity Scheme - Large Cap Fund,Direct,550.5786,01-Oct-2026,0.84,1.26,-4.06,8.74,8.38,14.21,0.16,-14.99,63.3,11,12,22,21,61,INF277K01QZ7
108466,ICICI Prudential Large Cap Fund (erstwhile Bluechip Fund) - Regular Plan - Growth,ICICI Prudential Mutual Fund,Equity Scheme - Large Cap Fund,Regular,101.6,01-Oct-2026,1.14,1.5,-7.43,8.62,9.39,12.8,0.17,-14.19,60.0,23,6,26,23,61,INF109K01BL4
106235,Nippon India Large Cap Fund - Regular Plan - Growth Option,Nippon India Mutual Fund,Equity Scheme - Large Cap Fund,Regular,84.2553,01-Oct-2026,1.23,1.63,-7.06,8.58,10.9,13.75,0.15,-14.63,61.7,22,7,26,23,61,INF204K01562
101635,DSP Large Cap Fund - Regular Plan - Growth,DSP Mutual Fund,Equity Scheme - Large Cap Fund,Regular,429.425,01-Oct-2026,1.55,2.1,-8.03,8.41,7.47,13.18,0.14,-14.68,55.0,26,8,26,23,61,INF740K01243
118531,Franklin India Large Cap Fund - Direct Plan - Growth,Franklin Templeton Mutual Fund,Equity Scheme - Large Cap Fund,Direct,1062.3426,01-Oct-2026,0.95,1.48,-5.15,8.31,6.81,12.95,0.14,-14.89,58.3,13,13,22,21,61,INF090I01FN7
119528,Aditya Birla Sun Life Large Cap Fund - Direct Plan - GROWTH,Aditya Birla Sun Life Mutual Fund,Equity Scheme - Large Cap Fund,Direct,543.91,01-Oct-2026,0.81,1.04,-5.36,8.13,8.04,13.49,0.12,-15.6,58.3,16,14,22,21,61,INF209K01YY7
119598,SBI Large Cap Fund - Direct Plan - Growth,SBI Mutual Fund,Equity Scheme - Large Cap Fund,Direct,98.9141,01-Oct-2026,0.7,0.9,-2.26,8.05,8.29,13.05,0.12,-14.35,58.3,8,15,22,21,61,INF200K01QX4
100475,Tata Large Cap Fund - Regular Plan - Growth Option,Tata Mutual Fund,Equity Scheme - Large Cap Fund,Regular,473.8135,01-Oct-2026,1.69,2.24,-5.03,7.64,7.28,14.2,0.08,-15.34,61.7,14,9,26,23,61,INF277K01931
114458,Kotak Large Cap Fund - Regular Plan - Growth,Kotak Mahindra Mutual Fund,Equity Scheme - Large Cap Fund,Regular,530.768,01-Oct-2026,1.49,1.84,-6.27,7.6,6.94,13.39,0.08,-15.8,58.3,19,10,26,23,61,INF174K01153
100471,Franklin India Large Cap Fund - Regular Plan - Growth,Franklin Templeton Mutual Fund,Equity Scheme - Large Cap Fund,Regular,951.3238,01-Oct-2026,1.55,2.17,-5.83,7.48,5.97,12.93,0.08,-15.15,58.3,17,11,26,23,61,INF090I01171
103174,Aditya Birla Sun Life Large Cap Fund - Regular Plan - GROWTH,Aditya Birla Sun Life Mutual Fund,Equity Scheme - Large Cap Fund,Regular,488.33,01-Oct-2026,1.36,1.68,-5.97,7.42,7.33,13.48,0.07,-15.82,58.3,18,12,26,23,61,INF209K01BR9
148351,ITI Large Cap Fund - Regular Plan - Growth Option,ITI Mutual Fund,Equity Scheme - Large Cap Fund,Regular,16.6603,01-Oct-2026,2.09,2.63,-3.4,7.4,5.65,14.76,0.06,-17.73,54.2,8,13,26,23,60,INF00XX01770
119018,HDFC Large Cap Fund - Direct Plan - Growth Option,HDFC Mutual Fund,Equity Scheme - Large Cap Fund,Direct,1151.92,01-Oct-2026,0.85,1.04,-5.27,7.35,9.49,13.56,0.06,-15.02,60.0,15,16,22,21,61,INF179K01YV8
111940,Edelweiss Large Cap Fund - Regular Plan - Growth,Edelweiss Mutual Fund,Equity Scheme - Large Cap Fund,Regular,79.14,01-Oct-2026,1.84,2.45,-4.39,7.33,7.55,13.36,0.06,-16.51,58.3,12,14,26,23,61,INF754K01046
111935,Edelweiss Large Cap Fund,Edelweiss Mutual Fund,Equity Scheme - Large Cap Fund,Regular,79.62,01-Oct-2026,1.84,2.45,-4.38,7.33,7.57,13.36,0.06,-16.51,58.3,10,15,26,23,61,INF754K01087
111937,Edelweiss Large Cap Fund,Edelweiss Mutual Fund,Equity Scheme - Large Cap Fund,Regular,78.58,01-Oct-2026,1.84,2.45,-4.38,7.33,7.57,13.36,0.06,-16.53,58.3,11,16,26,23,61,INF754K01129
103504,SBI Large Cap Fund - Regular Plan - Growth,SBI Mutual Fund,Equity Scheme - Large Cap Fund,Regular,88.5849,01-Oct-2026,1.23,1.52,-2.9,7.32,7.54,13.04,0.06,-14.59,58.3,6,17,26,23,61,INF200K01180
120267,LIC MF Large Cap Fund - Direct Plan - Growth,LIC Mutual Fund,Equity Scheme - Large Cap Fund,Direct,58.5143,01-Oct-2026,0.87,1.39,-6.58,6.91,5.44,14.03,0.03,-17.21,58.3,19,17,22,21,61,INF767K01EJ7
102000,HDFC Large Cap Fund - Regular Plan - Growth Option,HDFC Mutual Fund,Equity Scheme - Large Cap Fund,Regular,1057.664,01-Oct-2026,1.31,1.58,-5.82,6.72,8.85,13.55,0.02,-15.23,60.0,16,18,26,23,61,INF179K01BE2
138312,PGIM India Large Cap Fund - Direct Plan - Direct Growth,PGIM India Mutual Fund,Equity Scheme - Large Cap Fund,Direct,378.97,01-Oct-2026,0.8,1.09,-5.09,6.56,5.98,13.39,0.0,-15.43,55.0,12,18,22,21,61,INF663L01GR4
148507,Sundaram Large Cap Fund ( Formerly Know as Sundaram Blue Chip Fund) - Direct Plan - GROWTH,Sundaram Mutual Fund,Equity Scheme - Large Cap Fund,Direct,21.4833,01-Oct-2026,0.63,0.87,-3.89,6.48,7.12,12.6,-0.0,-13.84,58.3,10,19,22,21,61,INF903JA1JC0
141248,Union Largecap Fund - Direct Plan - Growth Option,Union Mutual Fund,Equity Scheme - Large Cap Fund,Direct,23.33,01-Oct-2026,1.34,1.68,-5.47,6.31,6.29,13.4,-0.01,-15.14,61.7,17,20,22,21,61,INF582M01CU7
120656,UTI - Large Cap Fund - Direct Plan - Growth,UTI Mutual Fund,Equity Scheme - Large Cap Fund,Direct,276.372,01-Oct-2026,0.87,1.19,-7.05,6.09,5.9,13.17,-0.03,-15.07,55.0,21,21,22,21,61,INF789F01US8
106871,LIC MF Large Cap Fund - Regular Plan - Growth,LIC Mutual Fund,Equity Scheme - Large Cap Fund,Regular,50.7993,01-Oct-2026,1.85,2.5,-7.61,5.71,4.25,14.02,-0.06,-17.59,56.7,24,19,26,23,61,INF767K01105
141247,Union Largecap Fund - Regular Plan - Growth Option,Union Mutual Fund,Equity Scheme - Large Cap Fund,Regular,21.73,01-Oct-2026,2.1,2.58,-6.3,5.36,5.43,13.39,-0.09,-15.47,60.0,20,20,26,23,61,INF582M01CQ5
100651,UTI - Large Cap Fund - Regular Plan - Growth,UTI Mutual Fund,Equity Scheme - Large Cap Fund,Regular,249.7122,01-Oct-2026,1.48,1.86,-7.78,5.21,4.99,13.16,-0.1,-15.7,55.0,25,21,26,23,61,INF789F01976
148504,Sundaram Large Cap Fund ( Formerly Know as Sundaram Blue Chip Fund) - Regular Plan - GROWTH,Sundaram Mutual Fund,Equity Scheme - Large Cap Fund,Regular,19.7129,01-Oct-2026,1.68,2.08,-5.08,5.14,5.7,12.59,-0.11,-14.74,55.0,15,22,26,23,61,INF903JA1IZ3
138308,PGIM India Large Cap Fund - Regular Plan - Regular Growth,PGIM India Mutual Fund,Equity Scheme - Large Cap Fund,Regular,313.56,01-Oct-2026,2.1,2.62,-6.55,4.94,4.39,13.38,-0.12,-15.96,53.3,21,23,26,23,61,INF663L01GW4
119527,Aditya Birla Sun Life Large Cap Fund,Aditya Birla Sun Life Mutual Fund,Equity Scheme - Large Cap Fund,Regular,87.48,01-Oct-2026,1.36,1.68,,,,,,,,,,,,2,INF209K01YX9
152783,BAJAJ FINSERV LARGE CAP FUND - Direct Plan - Growth,Bajaj Finserv Mutual Fund,Equity Scheme - Large Cap Fund,Direct,9.858,01-Oct-2026,0.52,1.25,-1.01,,,15.14,,-16.12,56.0,4,,22,,26,INF0QA701896
152780,BAJAJ FINSERV LARGE CAP FUND - Regular Plan - Growth,Bajaj Finserv Mutual Fund,Equity Scheme - Large Cap Fund,Regular,9.55,01-Oct-2026,1.81,2.77,-2.49,,,15.12,,-16.63,56.0,4,,26,,26,INF0QA701862
111938,Edelweiss Large Cap Fund,Edelweiss Mutual Fund,Equity Scheme - Large Cap Fund,Regular,72.9,01-Oct-2026,1.84,2.45,,,,,,,,,,,,2,INF754K01053
111939,Edelweiss Large Cap Fund,Edelweiss Mutual Fund,Equity Scheme - Large Cap Fund,Regular,59.45,01-Oct-2026,1.84,2.45,,,,,,,,,,,,2,INF754K01095
108467,ICICI Prudential Large Cap Fund (erstwhile Bluechip Fund),ICICI Prudential Mutual Fund,Equity Scheme - Large Cap Fund,Regular,37.59,24-Apr-2020,1.14,1.5,,,,,,,,,,,,0,INF109K01BN0
152354,Motilal Oswal Large Cap Fund,Motilal Oswal Mutual Fund,Equity Scheme - Large Cap Fund,Regular,13.4066,01-Oct-2026,1.68,2.11,-3.79,,,15.19,,-15.54,67.7,9,,26,,32,INF247L01CE3
152351,Motilal Oswal Large Cap Fund,Motilal Oswal Mutual Fund,Equity Scheme - Large Cap Fund,Regular,12.0843,01-Oct-2026,1.68,2.11,,,,,,,,,,,,2,INF247L01CF0
152352,Motilal Oswal Large Cap Fund,Motilal Oswal Mutual Fund,Equity Scheme - Large Cap Fund,Regular,12.9672,01-Oct-2026,1.68,2.11,-4.89,,,15.17,,-15.86,67.7,13,,26,,32,INF247L01CB9
152353,Motilal Oswal Large Cap Fund,Motilal Oswal Mutual Fund,Equity Scheme - Large Cap Fund,Regular,11.55,01-Oct-2026,1.68,2.11,,,,,,,,,,,,2,INF247L01CC7
138311,PGIM India Large Cap Fund,PGIM India Mutual Fund,Equity Scheme - Large Cap Fund,Regular,22.38,28-Jul-2019,2.1,2.62,,,,,,,,,,,,0,INF223J01895
138314,PGIM India Large Cap Fund,PGIM India Mutual Fund,Equity Scheme - Large Cap Fund,Regular,24.02,28-Jul-2019,2.1,2.62,,,,,,,,,,,,0,INF223J01MM0
138310,PGIM India Large Cap Fund,PGIM India Mutual Fund,Equity Scheme - Large Cap Fund,Regular,34.74,28-Jul-2019,2.1,2.62,,,,,,,,,,,,0,INF223J01267
138309,PGIM India Large Cap Fund,PGIM India Mutual Fund,Equity Scheme - Large Cap Fund,Regular,11.63,28-Jul-2019,2.1,2.62,,,,,,,,,,,,0,INF223J01242
154155,Parag Parikh Large Cap Fund - Direct Plan - Growth,PPFAS Mutual Fund,Equity Scheme - Large Cap Fund,Direct,9.0259,01-Oct-2026,0.14,0.33,,,,,,,,,,,,8,INF879O01332
154154,Parag Parikh Large Cap Fund - Regular Plan - Growth,PPFAS Mutual Fund,Equity Scheme - Large Cap Fund,Regular,9.0027,01-Oct-2026,0.48,0.73,,,,,,,,,,,,8,INF879O01365
140228,Edelweiss Mid Cap Fund - Direct Plan - Growth,Edelweiss Mutual Fund,Equity Scheme - Mid Cap Fund,Direct,121.837,01-Oct-2026,0.41,0.68,5.34,18.99,17.24,16.59,0.75,-18.05,68.3,6,1,18,18,61,INF843K01AO4
148733,ITI Mid Cap Fund - Direct Plan - Growth Option,ITI Mutual Fund,Equity Scheme - Mid Cap Fund,Direct,24.4832,01-Oct-2026,0.49,0.91,8.3,18.08,15.09,17.51,0.66,-22.05,64.4,1,2,18,18,60,INF00XX01929
140225,Edelweiss Mid Cap Fund - Regular Plan - Growth,Edelweiss Mutual Fund,Equity Scheme - Mid Cap Fund,Regular,102.822,01-Oct-2026,1.42,1.87,4.06,17.45,15.62,16.57,0.66,-18.5,68.3,8,1,20,20,61,INF843K01013
127042,Motilal Oswal Midcap Fund,Motilal Oswal Mutual Fund,Equity Scheme - Mid Cap Fund,Regular,113.207,01-Oct-2026,1.29,1.64,-0.07,17.17,19.63,18.59,0.57,-27.53,66.7,17,2,20,20,61,INF247L01445
118668,Nippon India Growth Mid Cap Fund - Direct Plan - Growth Option,Nippon India Mutual Fund,Equity Scheme - Mid Cap Fund,Direct,4725.7965,01-Oct-2026,0.59,0.8,5.22,16.51,16.78,16.43,0.61,-19.27,66.7,8,3,18,18,61,INF204K01E54
119581,Sundaram Mid Cap Fund - Direct Plan - GROWTH,Sundaram Mutual Fund,Equity Scheme - Mid Cap Fund,Direct,1544.3285,01-Oct-2026,0.75,1.05,3.33,16.13,15.68,16.28,0.59,-20.09,66.7,13,4,18,18,61,INF903J01MJ3
148732,ITI Mid Cap Fund - Regular Plan - Growth Option,ITI Mutual Fund,Equity Scheme - Mid Cap Fund,Regular,21.993,01-Oct-2026,1.81,2.42,6.6,16.1,12.95,17.48,0.55,-22.74,62.7,1,3,20,20,60,INF00XX01895
127039,Motilal Oswal Midcap Fund,Motilal Oswal Mutual Fund,Equity Scheme - Mid Cap Fund,Regular,97.8972,01-Oct-2026,1.29,1.64,-0.85,16.07,18.42,18.57,0.52,-28.3,66.7,18,4,20,20,61,INF247L01411
100377,Nippon India Growth Mid Cap Fund - Regular Plan - Growth Option,Nippon India Mutual Fund,Equity Scheme - Mid Cap Fund,Regular,4273.6026,01-Oct-2026,1.24,1.55,4.41,15.58,15.86,16.42,0.55,-19.54,66.7,6,5,20,20,61,INF204K01323
148073,Union Midcap Fund - Direct Plan - Growth Option,Union Mutual Fund,Equity Scheme - Mid Cap Fund,Direct,54.58,01-Oct-2026,0.67,1.11,7.31,15.44,14.35,16.41,0.54,-20.05,68.3,2,5,18,18,61,INF582M01GI3
101539,Sundaram Mid Cap Fund - Regular Plan - GROWTH,Sundaram Mutual Fund,Equity Scheme - Mid Cap Fund,Regular,1400.3048,01-Oct-2026,1.45,1.86,2.47,15.17,14.7,16.26,0.53,-20.37,66.7,12,6,20,20,61,INF903J01173
118989,HDFC Mid Cap Fund - Direct Plan - Growth Option,HDFC Mutual Fund,Equity Scheme - Mid Cap Fund,Direct,219.441,01-Oct-2026,0.61,0.76,3.62,15.15,17.57,15.23,0.57,-16.21,66.7,11,6,18,18,61,INF179K01XQ0
120505,Axis Midcap Fund - Direct Plan - Growth Option,Axis Mutual Fund,Equity Scheme - Mid Cap Fund,Direct,136.74,01-Oct-2026,0.51,0.84,5.24,15.11,12.3,15.37,0.56,-18.86,66.7,7,7,18,18,61,INF846K01EH3
150212,Baroda BNP Paribas Mid Cap Fund - Direct Plan - Growth Option,Baroda BNP Paribas Mutual Fund,Equity Scheme - Mid Cap Fund,Direct,127.3938,01-Oct-2026,0.49,0.78,6.92,14.96,,15.07,0.56,-18.22,66.7,3,8,18,18,55,INF251K01HQ0
152002,LIC MF Mid Cap Fund - Direct Plan - Growth,LIC Mutual Fund,Equity Scheme - Mid Cap Fund,Direct,33.3752,01-Oct-2026,1.15,1.77,4.69,14.57,,18.97,0.43,-20.74,71.1,9,9,18,18,39,INF397L01JK8
105758,HDFC Mid Cap Fund - Regular Plan - Growth Option,HDFC Mutual Fund,Equity Scheme - Mid Cap Fund,Regular,197.82,01-Oct-2026,1.09,1.31,3.0,14.43,16.8,15.22,0.52,-16.42,65.0,11,7,20,20,61,INF179K01CR2
114564,Axis Midcap Fund - Regular Plan - Growth Option,Axis Mutual Fund,Equity Scheme - Mid Cap Fund,Regular,116.25,01-Oct-2026,1.32,1.8,4.2,13.93,11.07,15.36,0.48,-19.21,65.0,7,8,20,20,61,INF846K01859
148071,Union Midcap Fund - Regular Plan - Growth Option,Union Mutual Fund,Equity Scheme - Mid Cap Fund,Regular,49.91,01-Oct-2026,1.77,2.41,5.92,13.83,12.73,16.38,0.45,-20.51,65.0,2,9,20,20,61,INF582M01GM5
118533,Franklin India Mid Cap Fund - Direct Plan - Growth,Franklin Templeton Mutual Fund,Equity Scheme - Mid Cap Fund,Direct,3001.4072,01-Oct-2026,0.8,1.13,-0.27,13.74,12.29,16.23,0.45,-17.77,65.0,18,10,18,18,61,INF090I01FH9
152001,LIC MF Mid Cap Fund - Regular Plan - Growth,LIC Mutual Fund,Equity Scheme - Mid Cap Fund,Regular,29.463,01-Oct-2026,2.1,2.86,3.56,13.38,,18.96,0.36,-21.09,71.1,9,10,20,20,39,INF397L01JO0
150209,Baroda BNP Paribas Mid Cap Fund - Regular Plan - Growth Option,Baroda BNP Paribas Mutual Fund,Equity Scheme - Mid Cap Fund,Regular,105.1933,01-Oct-2026,1.7,2.21,5.4,13.31,,15.05,0.45,-18.7,63.0,4,11,20,20,55,INF251K01AW3
119620,Aditya Birla Sun Life Midcap Fund - Direct Plan - GROWTH,Aditya Birla Sun Life Mutual Fund,Equity Scheme - Mid Cap Fund,Direct,905.21,01-Oct-2026,0.87,1.23,5.63,13.2,12.86,16.47,0.41,-21.66,61.7,5,11,18,18,61,INF209K01Q30
119178,Tata Mid Cap Fund - Direct Plan - Growth Option,Tata Mutual Fund,Equity Scheme - Mid Cap Fund,Direct,501.5963,01-Oct-2026,0.55,0.86,3.59,13.11,14.0,15.52,0.43,-20.63,63.3,12,12,18,18,61,INF277K01PY2
100473,Franklin India Mid Cap Fund - Regular Plan - Growth,Franklin Templeton Mutual Fund,Equity Scheme - Mid Cap Fund,Regular,2645.147,01-Oct-2026,1.47,1.91,-1.04,12.84,11.38,16.22,0.39,-18.04,65.0,19,12,20,20,61,INF090I01809
119071,DSP Midcap Fund - Direct Plan - Growth,DSP Mutual Fund,Equity Scheme - Mid Cap Fund,Direct,164.247,01-Oct-2026,0.66,0.84,1.26,12.4,10.6,16.78,0.35,-20.93,61.7,16,13,18,18,61,INF740K01PX1
101592,Aditya Birla Sun Life Midcap Fund - Regular Plan - GROWTH,Aditya Birla Sun Life Mutual Fund,Equity Scheme - Mid Cap Fund,Regular,804.54,01-Oct-2026,1.56,2.03,4.76,12.25,11.9,16.46,0.35,-21.92,61.7,5,13,20,20,61,INF209K01363
102328,Tata Mid Cap Fund - Regular Plan - Growth Option,Tata Mutual Fund,Equity Scheme - Mid Cap Fund,Regular,434.8022,01-Oct-2026,1.56,2.03,2.35,11.76,12.62,15.51,0.34,-21.02,63.3,13,14,20,20,61,INF277K01626
104481,DSP Midcap Fund - Regular Plan - Growth,DSP Mutual Fund,Equity Scheme - Mid Cap Fund,Regular,146.068,01-Oct-2026,1.42,1.74,0.31,11.36,9.55,16.77,0.29,-21.23,61.7,16,15,20,20,61,INF740K01128
125307,PGIM India Midcap Fund - Direct Plan - Direct Growth,PGIM India Mutual Fund,Equity Scheme - Mid Cap Fund,Direct,74.13,01-Oct-2026,0.48,0.74,-0.13,10.53,9.83,15.39,0.26,-18.14,60.0,17,14,18,18,61,INF663L01DV3
120726,UTI - Mid Cap Fund - Direct Plan - Growth,UTI Mutual Fund,Equity Scheme - Mid Cap Fund,Direct,334.4999,01-Oct-2026,0.85,1.26,1.73,10.27,10.87,16.26,0.23,-22.35,56.7,15,15,18,18,61,INF789F01UA6
120841,Quant Mid Cap Fund - Direct Plan - Growth Option,quant Mutual Fund,Equity Scheme - Mid Cap Fund,Direct,239.6507,01-Oct-2026,0.67,1.19,4.41,9.54,14.91,17.54,0.17,-24.5,65.0,10,16,18,18,61,INF966L01887
118872,Taurus Mid Cap Fund - Direct Plan - Growth,Taurus Mutual Fund,Equity Scheme - Mid Cap Fund,Direct,134.46,01-Oct-2026,1.7,2.36,6.42,9.47,11.72,17.79,0.17,-23.9,56.7,4,17,18,18,61,INF044D01CA9
102394,UTI - Mid Cap Fund - Regular Plan - Growth,UTI Mutual Fund,Equity Scheme - Mid Cap Fund,Regular,297.294,01-Oct-2026,1.48,1.96,0.9,9.31,9.86,16.24,0.17,-22.63,56.7,15,16,20,20,61,INF789F01810
119716,SBI MIDCAP FUND - Direct Plan - Growth,SBI Mutual Fund,Equity Scheme - Mid Cap Fund,Direct,260.1522,01-Oct-2026,0.72,1.02,3.09,9.26,12.59,14.8,0.19,-17.22,65.0,14,18,18,18,61,INF200K01TP4
125305,PGIM India Midcap Fund - Regular Plan - Regular Growth,PGIM India Mutual Fund,Equity Scheme - Mid Cap Fund,Regular,63.09,01-Oct-2026,1.49,1.93,-1.33,9.17,8.35,15.38,0.17,-18.56,60.0,20,17,20,20,61,INF663L01DZ4
100477,Taurus Mid Cap Fund - Regular Plan - Growth,Taurus Mutual Fund,Equity Scheme - Mid Cap Fund,Regular,126.67,01-Oct-2026,2.09,2.8,5.91,9.0,11.29,17.79,0.14,-24.07,56.7,3,18,20,20,61,INF044D01815
101065,Quant Mid Cap Fund - Regular Plan - Growth Option,quant Mutual Fund,Equity Scheme - Mid Cap Fund,Regular,210.9715,01-Oct-2026,1.53,2.21,3.33,8.36,13.26,17.52,0.11,-25.01,63.3,10,19,20,20,61,INF966L01176
102941,SBI MIDCAP FUND - Regular Plan - Growth,SBI Mutual Fund,Equity Scheme - Mid Cap Fund,Regular,229.865,01-Oct-2026,1.39,1.8,2.27,8.34,11.63,14.79,0.12,-17.51,65.0,14,20,20,20,61,INF200K01560
127044,Motilal Oswal Midcap Fund,Motilal Oswal Mutual Fund,Equity Scheme - Mid Cap Fund,Regular,46.1746,01-Oct-2026,1.29,1.64,,,,,,,,,,,,2,INF247L01460
127040,Motilal Oswal Midcap Fund,Motilal Oswal Mutual Fund,Equity Scheme - Mid Cap Fund,Regular,44.2396,01-Oct-2026,1.29,1.64,,,,,,,,,,,,2,INF247L01437
154210,TRUSTMF MID CAP FUND - Direct Plan - Growth,Trust Mutual Fund,Equity Scheme - Mid Cap Fund,Direct,11.62,01-Oct-2026,0.59,1.9,,,,,,,,,,,,7,INF0GCD01875
154211,TRUSTMF MID CAP FUND - Regular Plan - Growth,Trust Mutual Fund,Equity Scheme - Mid Cap Fund,Regular,11.51,01-Oct-2026,2.05,3.53,,,,,,,,,,,,7,INF0GCD01883
150659,LIC MF Multi Cap Fund - Direct Plan - Growth,LIC Mutual Fund,Equity Scheme - Multi Cap Fund,Direct,18.8945,01-Oct-2026,0.48,0.78,7.3,16.83,,16.58,0.62,-18.9,69.6,6,1,17,13,47,INF767K01RK7
151443,BANK OF INDIA MULTI CAP FUND - Direct Plan - Growth,Bank of India Mutual Fund,Equity Scheme - Multi Cap Fund,Direct,19.99,01-Oct-2026,0.73,1.19,11.3,16.26,,15.74,0.62,-19.46,73.8,3,2,17,13,43,INF761K01FR0
147183,ITI Multi Cap Fund - Direct Plan - Growth Option,ITI Mutual Fund,Equity Scheme - Multi Cap Fund,Direct,29.2665,01-Oct-2026,0.54,0.87,12.89,16.09,13.51,16.0,0.6,-22.46,55.9,2,3,17,13,60,INF00XX01168
152094,Edelweiss Multi Cap Fund - Direct Plan - Growth,Edelweiss Mutual Fund,Equity Scheme - Multi Cap Fund,Direct,15.6629,01-Oct-2026,0.45,0.71,3.97,15.67,,17.33,0.53,-19.26,71.4,12,4,17,13,36,INF754K01SD8
150661,LIC MF Multi Cap Fund - Regular Plan - Growth,LIC Mutual Fund,Equity Scheme - Multi Cap Fund,Regular,17.7494,01-Oct-2026,1.74,2.14,5.77,15.03,,16.55,0.52,-19.42,65.2,9,1,19,13,47,INF767K01RH3
151445,BANK OF INDIA MULTI CAP FUND - Regular Plan - Growth,Bank of India Mutual Fund,Equity Scheme - Multi Cap Fund,Regular,19.19,01-Oct-2026,1.84,2.5,9.85,14.9,,15.72,0.53,-19.91,71.4,5,2,19,13,43,INF761K01FU4
147184,ITI Multi Cap Fund - Regular Plan - Growth Option,ITI Mutual Fund,Equity Scheme - Multi Cap Fund,Regular,25.4401,01-Oct-2026,1.82,2.33,11.21,14.24,11.5,15.98,0.48,-23.0,55.9,3,3,19,13,60,INF00XX01135
152095,Edelweiss Multi Cap Fund - Regular Plan - Growth,Edelweiss Mutual Fund,Equity Scheme - Multi Cap Fund,Regular,14.9707,01-Oct-2026,1.66,2.12,2.48,13.95,,17.3,0.43,-19.8,71.4,14,4,19,13,36,INF754K01RW0
150858,Union Multicap Fund - Direct Plan - Growth Option,Union Mutual Fund,Equity Scheme - Multi Cap Fund,Direct,17.61,01-Oct-2026,0.82,1.41,8.3,13.73,,15.1,0.48,-18.71,73.3,5,5,17,13,46,INF582M01IO7
148921,Aditya Birla Sun Life Multi-Cap Fund - Direct Plan - GROWTH,Aditya Birla Sun Life Mutual Fund,Equity Scheme - Multi Cap Fund,Direct,22.04,01-Oct-2026,0.68,1.02,7.2,13.33,12.26,14.61,0.47,-19.66,65.0,7,6,17,13,61,INF209KB1Y49
119354,Baroda BNP Paribas Multi Cap Fund - Direct Plan - Growth Option,Baroda BNP Paribas Mutual Fund,Equity Scheme - Multi Cap Fund,Direct,318.9337,01-Oct-2026,0.75,1.2,1.4,13.28,11.72,15.28,0.44,-17.39,63.3,13,7,17,13,61,INF955L01AG0
150855,Union Multicap Fund - Regular Plan - Growth Option,Union Mutual Fund,Equity Scheme - Multi Cap Fund,Regular,16.78,01-Oct-2026,1.81,2.58,7.02,12.33,,15.07,0.39,-19.17,73.3,7,5,19,13,46,INF582M01IS8
148918,Aditya Birla Sun Life Multi-Cap Fund - Regular Plan - GROWTH,Aditya Birla Sun Life Mutual Fund,Equity Scheme - Multi Cap Fund,Regular,20.51,01-Oct-2026,1.54,2.0,6.1,12.1,10.84,14.61,0.38,-20.01,63.3,8,6,19,13,61,INF209KB1Y23
102020,Baroda BNP Paribas Multi Cap Fund - Regular Plan - Growth Option,Baroda BNP Paribas Mutual Fund,Equity Scheme - Multi Cap Fund,Regular,280.5727,01-Oct-2026,1.65,2.25,0.33,12.1,10.57,15.27,0.37,-17.74,63.3,15,7,19,13,61,INF955L01674
149882,SBI MultiCap Fund - Direct Plan - Growth,SBI Mutual Fund,Equity Scheme - Multi Cap Fund,Direct,17.194,01-Oct-2026,0.72,1.09,-1.23,11.71,,13.84,0.38,-14.02,63.0,16,8,17,13,55,INF200KA18E2
149303,BANDHAN MULTI CAP FUND - Direct Plan - Growth,Bandhan Mutual Fund,Equity Scheme - Multi Cap Fund,Direct,17.982,01-Oct-2026,0.54,0.94,0.54,11.4,,14.65,0.33,-17.47,63.2,14,9,17,13,58,INF194KB1CL0
149669,Sundaram Multi Cap Fund (Formerly Known as Principal Multi Cap Growth Fund) - Direct Plan - GROWTH,Sundaram Mutual Fund,Equity Scheme - Multi Cap Fund,Direct,418.6147,01-Oct-2026,0.77,1.27,-0.85,11.24,,15.22,0.31,-18.02,58.9,15,10,17,13,57,INF173K01FQ0
149886,SBI MultiCap Fund - Regular Plan - Growth,SBI Mutual Fund,Equity Scheme - Multi Cap Fund,Regular,16.5007,01-Oct-2026,1.39,1.87,-2.02,10.8,,13.83,0.31,-14.31,61.1,18,8,19,13,55,INF200KA15E8
149368,HDFC Multi Cap Fund - Direct Plan - Growth Option,HDFC Mutual Fund,Equity Scheme - Multi Cap Fund,Direct,18.78,01-Oct-2026,0.71,0.94,-3.85,10.19,,15.46,0.24,-19.49,63.2,17,11,17,13,58,INF179KC1BS5
149667,Sundaram Multi Cap Fund (Formerly Known as Principal Multi Cap Growth Fund) - Regular Plan - GROWTH,Sundaram Mutual Fund,Equity Scheme - Multi Cap Fund,Regular,371.2852,01-Oct-2026,1.68,2.31,-1.9,10.05,,15.2,0.23,-18.39,58.9,17,9,19,13,57,INF173K01940
149305,BANDHAN MULTI CAP FUND - Regular Plan - Growth,Bandhan Mutual Fund,Equity Scheme - Multi Cap Fund,Regular,16.712,01-Oct-2026,1.68,2.26,-0.84,9.82,,14.61,0.23,-17.95,61.4,16,10,19,13,58,INF194KB1CI6
149366,HDFC Multi Cap Fund - Regular Plan - Growth Option,HDFC Mutual Fund,Equity Scheme - Multi Cap Fund,Regular,17.774,01-Oct-2026,1.42,1.77,-4.69,9.11,,15.44,0.17,-19.81,61.4,19,11,19,13,58,INF179KC1BV9
120823,Quant Multi Cap Fund - Direct Plan - Growth Option,quant Mutual Fund,Equity Scheme - Multi Cap Fund,Direct,707.7968,01-Oct-2026,0.61,1.01,6.39,9.09,11.01,17.29,0.15,-25.27,63.3,9,12,17,13,61,INF966L01614
151232,TATA MULTICAP FUND - Direct Plan - Growth Option,Tata Mutual Fund,Equity Scheme - Multi Cap Fund,Direct,15.3592,01-Oct-2026,0.48,0.8,4.55,8.97,,15.07,0.16,-21.74,67.4,11,13,17,13,44,INF277KA1679
100631,Quant Multi Cap Fund - Regular Plan - Growth Option,quant Mutual Fund,Equity Scheme - Multi Cap Fund,Regular,640.7384,01-Oct-2026,1.54,2.1,5.21,7.89,9.66,17.28,0.08,-26.66,63.3,11,12,19,13,61,INF966L01234
151235,TATA MULTICAP FUND - Regular Plan - Growth Option,Tata Mutual Fund,Equity Scheme - Multi Cap Fund,Regular,14.5205,01-Oct-2026,1.64,2.15,3.06,7.33,,15.03,0.06,-22.2,65.1,13,13,19,13,44,INF277KA1703
153309,Bajaj Finserv Multi Cap Fund - Direct Plan - Growth,Bajaj Finserv Mutual Fund,Equity Scheme - Multi Cap Fund,Direct,12.069,01-Oct-2026,0.57,1.09,9.8,,,16.47,,-12.29,72.2,4,,17,,19,INF0QA701AV7
153307,Bajaj Finserv Multi Cap Fund - Regular Plan - Growth,Bajaj Finserv Mutual Fund,Equity Scheme - Multi Cap Fund,Regular,11.779,01-Oct-2026,1.8,2.55,8.19,,,16.44,,-12.77,72.2,6,,19,,19,INF0QA701AS3
152739,Franklin India Multi Cap Fund - Direct Plan - Growth,Franklin Templeton Mutual Fund,Equity Scheme - Multi Cap Fund,Direct,10.9771,01-Oct-2026,0.44,1.01,5.94,,,17.04,,-17.42,65.4,10,,17,,27,INF090I01XA7
152738,Franklin India Multi Cap Fund - Regular Plan - Growth,Franklin Templeton Mutual Fund,Equity Scheme - Multi Cap Fund,Regular,10.6403,01-Oct-2026,1.6,2.35,4.52,,,17.02,,-17.94,61.5,12,,19,,27,INF090I01WX1
152650,Motilal Oswal Multi Cap Fund,Motilal Oswal Mutual Fund,Equity Scheme - Multi Cap Fund,Regular,14.4477,01-Oct-2026,1.61,2.32,10.32,,,22.0,,-22.38,55.6,4,,19,,28,INF247L01CO2
152649,Motilal Oswal Multi Cap Fund,Motilal Oswal Mutual Fund,Equity Scheme - Multi Cap Fund,Regular,14.2307,01-Oct-2026,1.61,2.32,,,,,,,,,,,,2,INF247L01CJ2
152651,Motilal Oswal Multi Cap Fund,Motilal Oswal Mutual Fund,Equity Scheme - Multi Cap Fund,Regular,14.8784,01-Oct-2026,1.61,2.32,11.59,,,22.03,,-22.1,59.3,2,,19,,28,INF247L01CL8
152652,Motilal Oswal Multi Cap Fund,Motilal Oswal Mutual Fund,Equity Scheme - Multi Cap Fund,Regular,14.6596,01-Oct-2026,1.61,2.32,,,,,,,,,,,,2,INF247L01CM6
152815,PGIM India Multi Cap Fund - Direct Plan - Direct Growth,PGIM India Mutual Fund,Equity Scheme - Multi Cap Fund,Direct,10.62,01-Oct-2026,0.65,0.84,7.16,,,16.65,,-17.21,54.2,8,,17,,25,INF663L01Z03
152816,PGIM India Multi Cap Fund - Regular Plan - Regular Growth,PGIM India Mutual Fund,Equity Scheme - Multi Cap Fund,Regular,10.25,01-Oct-2026,2.1,2.55,5.24,,,16.63,,-17.72,54.2,10,,19,,25,INF663L01Y87
153644,TRUSTMF MULTI CAP FUND - Direct Plan - Growth,Trust Mutual Fund,Equity Scheme - Multi Cap Fund,Direct,11.62,01-Oct-2026,0.55,1.81,16.32,,,18.81,,-12.23,64.3,1,,17,,15,INF0GCD01834
153645,TRUSTMF MULTI CAP FUND - Regular Plan - Growth,Trust Mutual Fund,Equity Scheme - Multi Cap Fund,Regular,11.37,01-Oct-2026,1.96,3.41,14.27,,,18.8,,-12.78,64.3,1,,19,,15,INF0GCD01842
152082,HDFC Pharma and Healthcare Fund - Direct Plan - Growth Option,HDFC Mutual Fund,Equity Scheme - Sectoral/ Thematic,Direct,21.979,01-Oct-2026,0.71,1.03,28.0,30.63,,16.3,1.48,-14.25,71.4,4,1,158,102,36,INF179KC1HO1
152084,HDFC Pharma and Healthcare Fund - Regular Plan - Growth Option,HDFC Mutual Fund,Equity Scheme - Sectoral/ Thematic,Regular,21.213,01-Oct-2026,1.65,2.11,26.56,29.13,,16.29,1.39,-14.41,71.4,4,1,164,103,36,INF179KC1HL7
118559,Franklin Asian Equity Fund - Direct Plan - Growth,Franklin Templeton Mutual Fund,Equity Scheme - Sectoral/ Thematic,Direct,49.3262,01-Oct-2026,0.84,1.25,34.16,24.01,9.33,18.53,0.94,-30.87,50.0,1,2,158,102,61,INF090I01IZ5
151901,HDFC Transportation and Logistics Fund - Direct Plan - Growth Option,HDFC Mutual Fund,Equity Scheme - Sectoral/ Thematic,Direct,19.335,01-Oct-2026,0.83,1.1,5.41,23.26,,18.85,0.89,-21.27,70.3,57,3,158,102,38,INF179KC1GU0
106979,Franklin Asian Equity Fund - Regular Plan - Growth,Franklin Templeton Mutual Fund,Equity Scheme - Sectoral/ Thematic,Regular,44.6357,01-Oct-2026,1.93,2.52,32.97,22.93,8.36,18.52,0.89,-31.45,50.0,1,2,164,103,61,INF090I01AB3
119783,SBI HEALTHCARE OPPORTUNITIES FUND - Direct Plan - Growth,SBI Mutual Fund,Equity Scheme - Sectoral/ Thematic,Direct,584.6184,01-Oct-2026,0.73,1.01,21.26,22.83,17.89,14.65,1.11,-14.98,65.0,7,4,158,102,61,INF200K01UP2
119517,Aditya Birla Sun Life International Equity Fund - Direct Plan - GROWTH,Aditya Birla Sun Life Mutual Fund,Equity Scheme - Sectoral/ Thematic,Direct,57.8202,01-Oct-2026,1.6,1.99,18.68,22.69,13.09,13.5,1.2,-15.06,63.3,16,5,158,102,61,INF209K01WS3
120351,LIC MF Infrastructure Fund - Direct Plan - Growth,LIC Mutual Fund,Equity Scheme - Sectoral/ Thematic,Direct,61.8288,01-Oct-2026,0.68,1.33,9.96,22.61,21.45,18.97,0.85,-25.37,63.3,37,6,158,102,61,INF767K01GW5
120782,UTI - Healthcare Fund - Direct Plan - Growth,UTI Mutual Fund,Equity Scheme - Sectoral/ Thematic,Direct,378.6495,01-Oct-2026,1.05,1.34,17.88,22.55,15.43,15.7,1.02,-17.16,65.0,18,7,158,102,61,INF789F01TO9
106873,Aditya Birla Sun Life International Equity Fund - Regular Plan - GROWTH,Aditya Birla Sun Life Mutual Fund,Equity Scheme - Sectoral/ Thematic,Regular,53.2856,01-Oct-2026,2.08,2.54,18.02,22.02,12.37,13.5,1.15,-15.69,63.3,14,3,164,103,61,INF209K01520
151900,HDFC Transportation and Logistics Fund - Regular Plan - Growth Option,HDFC Mutual Fund,Equity Scheme - Sectoral/ Thematic,Regular,18.638,01-Oct-2026,1.76,2.16,4.23,21.81,,18.83,0.81,-21.65,70.3,59,4,164,103,38,INF179KC1GX4
102823,SBI HEALTHCARE OPPORTUNITIES FUND - Regular Plan - Growth,SBI Mutual Fund,Equity Scheme - Sectoral/ Thematic,Regular,504.4175,01-Oct-2026,1.57,1.99,20.06,21.57,16.66,14.63,1.03,-15.43,65.0,7,5,164,103,61,INF200K01446
100807,UTI - Healthcare Fund - Regular Plan - Growth,UTI Mutual Fund,Equity Scheme - Sectoral/ Thematic,Regular,331.9643,01-Oct-2026,1.83,2.22,16.76,21.36,14.26,15.7,0.95,-17.92,65.0,17,6,164,103,61,INF789F01695
119364,BANK OF INDIA MANUFACTURING & INFRASTRUCTURE FUND - Direct Plan - Growth,Bank of India Mutual Fund,Equity Scheme - Sectoral/ Thematic,Direct,77.85,01-Oct-2026,0.58,0.98,17.74,21.1,20.53,16.54,0.88,-23.28,68.3,19,8,158,102,61,INF761K01702
107763,LIC MF Infrastructure Fund - Regular Plan - Growth,LIC Mutual Fund,Equity Scheme - Sectoral/ Thematic,Regular,53.2174,01-Oct-2026,1.88,2.67,8.49,21.0,19.95,18.96,0.76,-25.88,63.3,40,7,164,103,61,INF767K01501
152024,LIC MF Healthcare Fund - Direct Plan - Growth,LIC Mutual Fund,Equity Scheme - Sectoral/ Thematic,Direct,36.4119,01-Oct-2026,0.97,1.37,14.7,20.88,,16.01,0.9,-14.42,68.4,26,9,158,102,39,INF397L01LK4
150685,ICICI PRUDENTIAL TRANSPORTATION AND LOGISTICS FUND - Direct Plan - Growth,ICICI Prudential Mutual Fund,Equity Scheme - Sectoral/ Thematic,Direct,22.05,01-Oct-2026,0.92,1.27,4.35,20.32,,16.97,0.81,-20.85,72.3,62,10,158,102,48,INF109KC12K1
151853,quant Healthcare Fund - Direct Plan - Growth Option,quant Mutual Fund,Equity Scheme - Sectoral/ Thematic,Direct,18.6912,01-Oct-2026,0.72,1.51,20.68,20.19,,17.88,0.77,-22.49,63.2,11,11,158,102,39,INF966L01CD0
133516,Aditya Birla Sun Life Manufacturing Equity Fund - Direct Plan - GROWTH,Aditya Birla Sun Life Mutual Fund,Equity Scheme - Sectoral/ Thematic,Direct,42.85,01-Oct-2026,1.04,1.4,21.08,20.13,14.69,16.28,0.84,-22.49,58.3,10,12,158,102,61,INF209KA1YK0
147409,Aditya Birla Sun Life Pharma and Healthcare Fund - Direct Plan - GROWTH,Aditya Birla Sun Life Mutual Fund,Equity Scheme - Sectoral/ Thematic,Direct,39.62,01-Oct-2026,0.83,1.07,18.69,20.1,14.12,15.36,0.89,-16.53,60.0,15,13,158,102,61,INF209KB1O25
151791,quant BFSI Fund - Direct Plan - Growth Option,quant Mutual Fund,Equity Scheme - Sectoral/ Thematic,Direct,20.5822,01-Oct-2026,0.65,1.95,11.52,19.99,,18.35,0.74,-20.71,71.8,34,14,158,102,40,INF966L01BX0
147727,Kotak Pioneer Fund - Direct Plan - Growth,Kotak Mahindra Mutual Fund,Equity Scheme - Sectoral/ Thematic,Direct,38.447,01-Oct-2026,0.47,0.63,9.74,19.8,15.31,14.57,0.91,-16.21,66.7,39,15,158,102,61,INF174KA1EZ1
149841,Kotak Manufacture in India Fund - Direct Plan - Growth,Kotak Mahindra Mutual Fund,Equity Scheme - Sectoral/ Thematic,Direct,23.346,01-Oct-2026,0.56,0.77,16.22,19.7,,15.41,0.86,-21.73,70.4,20,16,158,102,55,INF174KA1IF4
118539,Franklin India Opportunities Fund - Direct Plan - Growth,Franklin Templeton Mutual Fund,Equity Scheme - Sectoral/ Thematic,Direct,288.5129,01-Oct-2026,0.46,0.88,3.02,19.6,17.68,16.08,0.81,-17.05,66.7,72,17,158,102,61,INF090I01GC8
152025,LIC MF Healthcare Fund - Regular Plan - Growth,LIC Mutual Fund,Equity Scheme - Sectoral/ Thematic,Regular,32.8383,01-Oct-2026,2.1,2.67,13.19,19.36,,15.99,0.8,-14.59,68.4,25,8,164,103,39,INF397L01LG2
112359,BANK OF INDIA MANUFACTURING & INFRASTRUCTURE FUND - Regular Plan - Growth,Bank of India Mutual Fund,Equity Scheme - Sectoral/ Thematic,Regular,65.28,01-Oct-2026,1.93,2.57,15.91,19.28,18.82,16.52,0.77,-23.76,68.3,19,9,164,103,61,INF761K01199
150684,ICICI PRUDENTIAL TRANSPORTATION AND LOGISTICS FUND - Regular Plan - Growth,ICICI Prudential Mutual Fund,Equity Scheme - Sectoral/ Thematic,Regular,21.02,01-Oct-2026,1.63,2.08,3.34,19.01,,16.95,0.74,-21.26,72.3,61,10,164,103,48,INF109KC19J8
133513,Aditya Birla Sun Life Manufacturing Equity Fund - Regular Plan - GROWTH,Aditya Birla Sun Life Mutual Fund,Equity Scheme - Sectoral/ Thematic,Regular,38.52,01-Oct-2026,1.83,2.32,19.93,19.0,13.62,16.26,0.77,-22.8,56.7,8,11,164,103,61,INF209KA1YH6
149268,ITI Pharma and Healthcare Fund - Direct Plan - Growth Option,ITI Mutual Fund,Equity Scheme - Sectoral/ Thematic,Direct,19.4256,01-Oct-2026,0.58,0.92,13.67,18.88,,15.94,0.78,-16.07,66.7,28,18,158,102,58,INF00XX01BO9
147407,Aditya Birla Sun Life Pharma and Healthcare Fund - Regular Plan - Growth,Aditya Birla Sun Life Mutual Fund,Equity Scheme - Sectoral/ Thematic,Regular,35.52,01-Oct-2026,1.9,2.29,17.11,18.51,12.55,15.32,0.78,-17.49,58.3,16,12,164,103,61,INF209KB1N91
109061,Sundaram Financial Services Opportunities Fund - Institutional GROWTH,Sundaram Mutual Fund,Equity Scheme - Sectoral/ Thematic,Regular,104.9194,22-Jan-2025,,,5.13,18.37,,14.72,0.81,-14.76,51.3,53,13,164,103,40,INF903J01652
150539,ICICI PRUDENTIAL PSU EQUITY FUND - Direct Plan - Growth,ICICI Prudential Mutual Fund,Equity Scheme - Sectoral/ Thematic,Direct,21.91,01-Oct-2026,0.85,1.29,1.34,18.28,,18.31,0.64,-22.64,58.3,88,19,158,102,49,INF109KC12I5
135810,Tata India Pharma & Healthcare Fund - Direct Plan - Growth Option,Tata Mutual Fund,Equity Scheme - Sectoral/ Thematic,Direct,38.0577,01-Oct-2026,0.63,1.07,8.76,18.26,14.18,15.65,0.75,-16.17,61.7,42,20,158,102,61,INF277K019A3
151855,quant Healthcare Fund - Regular Plan - Growth Option,quant Mutual Fund,Equity Scheme - Sectoral/ Thematic,Regular,17.7372,01-Oct-2026,2.1,3.13,18.75,18.25,,17.85,0.66,-23.02,60.5,11,14,164,103,39,INF966L01CG3
147724,Kotak Pioneer Fund - Regular Plan - Growth,Kotak Mahindra Mutual Fund,Equity Scheme - Sectoral/ Thematic,Regular,34.556,01-Oct-2026,1.56,1.91,8.27,18.15,13.64,14.56,0.8,-16.7,65.0,42,15,164,103,61,INF174KA1EW8
103151,Franklin India Opportunities Fund - Regular Plan - Growth,Franklin Templeton Mutual Fund,Equity Scheme - Sectoral/ Thematic,Regular,257.748,01-Oct-2026,1.51,2.08,1.78,18.12,16.47,16.06,0.72,-17.49,66.7,73,16,164,103,61,INF090I01841
151788,quant BFSI Fund - Regular Plan - Growth Option,quant Mutual Fund,Equity Scheme - Sectoral/ Thematic,Regular,19.5255,01-Oct-2026,1.96,3.49,9.78,18.09,,18.32,0.63,-21.45,71.8,35,17,164,103,40,INF966L01CA6
145075,ICICI Prudential Manufacturing Fund - Direct Plan - Cumulative,ICICI Prudential Mutual Fund,Equity Scheme - Sectoral/ Thematic,Direct,40.37,01-Oct-2026,0.72,1.2,5.65,18.08,17.98,16.36,0.71,-22.58,60.0,55,21,158,102,61,INF109KC1LJ8
149840,Kotak Manufacture in India Fund - Regular Plan - Growth,Kotak Mahindra Mutual Fund,Equity Scheme - Sectoral/ Thematic,Regular,21.749,01-Oct-2026,1.66,2.08,14.63,17.97,,15.39,0.75,-22.21,70.4,20,18,164,103,55,INF174KA1IC1
148539,Aditya Birla Sun Life Special Opportunities Fund - Direct Plan - GROWTH,Aditya Birla Sun Life Mutual Fund,Equity Scheme - Sectoral/ Thematic,Direct,30.02,01-Oct-2026,0.87,1.19,13.03,17.92,13.47,14.68,0.78,-16.36,58.3,29,22,158,102,61,INF209KB1T79
151905,Union Innovation & Opportunities Fund - Direct Plan - Growth Option,Union Mutual Fund,Equity Scheme - Sectoral/ Thematic,Direct,16.14,01-Oct-2026,0.7,1.01,10.02,17.62,,17.99,0.62,-20.54,69.4,36,23,158,102,37,INF582M01JE6
119732,SBI PSU FUND - Direct Plan - Growth,SBI Mutual Fund,Equity Scheme - Sectoral/ Thematic,Direct,35.9446,01-Oct-2026,0.73,0.98,0.87,17.54,21.51,21.03,0.52,-24.1,58.3,94,24,158,102,61,INF200K01UY4
151580,ICICI Prudential Innovation Fund - Direct Plan - Growth,ICICI Prudential Mutual Fund,Equity Scheme - Sectoral/ Thematic,Direct,19.22,01-Oct-2026,0.7,1.24,1.85,17.39,,15.28,0.71,-15.98,75.0,79,25,158,102,41,INF109KC12T2
142388,Edelweiss Recently Listed IPO Fund - Direct Plan - Growth,Edelweiss Mutual Fund,Equity Scheme - Sectoral/ Thematic,Direct,35.2788,01-Oct-2026,0.8,1.13,21.21,17.12,11.85,19.61,0.54,-24.38,61.7,8,26,158,102,61,INF754K01ML4
147844,Aditya Birla Sun Life PSU Equity Fund - Direct Plan - GROWTH,Aditya Birla Sun Life Mutual Fund,Equity Scheme - Sectoral/ Thematic,Direct,37.76,01-Oct-2026,0.61,0.77,4.25,16.94,21.15,20.91,0.5,-26.75,58.3,63,27,158,102,61,INF209KB1O82
145077,ICICI Prudential Manufacturing Fund - Regular Plan - Cumulative,ICICI Prudential Mutual Fund,Equity Scheme - Sectoral/ Thematic,Regular,37.04,01-Oct-2026,1.55,2.14,4.6,16.81,16.87,16.35,0.63,-23.07,60.0,57,19,164,103,61,INF109KC1LG4
150538,ICICI PRUDENTIAL PSU EQUITY FUND - Regular Plan - Growth,ICICI Prudential Mutual Fund,Equity Scheme - Sectoral/ Thematic,Regular,20.75,01-Oct-2026,1.78,2.34,0.19,16.81,,18.3,0.56,-23.24,58.3,89,20,164,103,49,INF109KC19H2
149270,ITI Pharma and Healthcare Fund - Regular Plan - Growth Option,ITI Mutual Fund,Equity Scheme - Sectoral/ Thematic,Regular,17.6281,01-Oct-2026,2.1,2.62,11.63,16.68,,15.92,0.64,-16.32,64.9,30,21,164,103,58,INF00XX01BL5
148537,Aditya Birla Sun Life Special Opportunities Fund - Regular Plan - GROWTH,Aditya Birla Sun Life Mutual Fund,Equity Scheme - Sectoral/ Thematic,Regular,27.67,01-Oct-2026,1.84,2.29,11.8,16.59,12.04,14.67,0.69,-16.73,58.3,29,22,164,103,61,INF209KB1T46
135812,Tata India Pharma & Healthcare Fund - Regular Plan - Growth Option,Tata Mutual Fund,Equity Scheme - Sectoral/ Thematic,Regular,32.1622,01-Oct-2026,1.8,2.37,7.22,16.54,12.5,15.63,0.64,-16.36,60.0,44,23,164,103,61,INF277K016A9
120186,ICICI Prudential US Bluechip Equity Fund - Direct Plan - Growth,ICICI Prudential Mutual Fund,Equity Scheme - Sectoral/ Thematic,Direct,87.28,01-Oct-2026,0.97,1.19,15.39,16.42,12.86,16.42,0.6,-15.23,61.7,21,28,158,102,61,INF109K01Z71
120833,Quant Infrastructure Fund - Direct Plan - Growth Option,quant Mutual Fund,Equity Scheme - Sectoral/ Thematic,Direct,44.2104,01-Oct-2026,0.66,1.06,7.52,16.38,16.95,21.49,0.46,-27.0,61.7,45,29,158,102,61,INF966L01721
148564,quant ESG Integration Strategy Fund - Direct Plan - Growth Option,quant Mutual Fund,Equity Scheme - Sectoral/ Thematic,Direct,41.4029,01-Oct-2026,0.8,1.84,20.14,16.33,17.46,19.87,0.49,-24.32,60.0,12,30,158,102,61,INF966L01AD4
113099,SBI PSU FUND - Regular Plan - Growth,SBI Mutual Fund,Equity Scheme - Sectoral/ Thematic,Regular,32.2543,01-Oct-2026,1.56,1.94,-0.14,16.3,20.21,21.01,0.47,-24.59,58.3,95,24,164,103,61,INF200K01BC0
119514,Aditya Birla Sun Life Infrastructure Fund - Direct Plan - GROWTH,Aditya Birla Sun Life Mutual Fund,Equity Scheme - Sectoral/ Thematic,Direct,117.55,01-Oct-2026,1.13,1.49,12.9,16.22,16.96,17.93,0.54,-24.04,63.3,30,31,158,102,61,INF209K01WH6
151579,ICICI Prudential Innovation Fund - Regular Plan - Growth,ICICI Prudential Mutual Fund,Equity Scheme - Sectoral/ Thematic,Regular,18.48,01-Oct-2026,1.53,2.18,0.76,16.06,,15.29,0.63,-16.37,75.0,83,25,164,103,41,INF109KC19S9
120621,ICICI Prudential Infrastructure Fund - Direct Plan - Growth,ICICI Prudential Mutual Fund,Equity Scheme - Sectoral/ Thematic,Direct,210.26,01-Oct-2026,0.99,1.3,0.08,16.0,19.72,15.96,0.6,-18.99,61.7,96,32,158,102,61,INF109K018M4
151903,Union Innovation & Opportunities Fund - Regular Plan - Growth Option,Union Mutual Fund,Equity Scheme - Sectoral/ Thematic,Regular,15.44,01-Oct-2026,1.85,2.37,8.5,15.93,,17.95,0.53,-20.74,69.4,39,26,164,103,37,INF582M01JA4
142383,Edelweiss Recently Listed IPO Fund - Regular Plan - Growth,Edelweiss Mutual Fund,Equity Scheme - Sectoral/ Thematic,Regular,32.4533,01-Oct-2026,1.85,2.36,19.68,15.64,10.38,19.59,0.47,-25.78,61.7,10,27,164,103,61,INF754K01MH2
147846,Aditya Birla Sun Life PSU Equity Fund - Regular Plan - GROWTH,Aditya Birla Sun Life Mutual Fund,Equity Scheme - Sectoral/ Thematic,Regular,34.06,01-Oct-2026,1.58,1.89,2.99,15.46,19.49,20.88,0.43,-27.3,58.3,65,28,164,103,61,INF209KB1O66
117620,ICICI Prudential US Bluechip Equity Fund - Regular Plan - Growth,ICICI Prudential Mutual Fund,Equity Scheme - Sectoral/ Thematic,Regular,77.4,01-Oct-2026,1.64,1.97,14.46,15.46,11.85,16.41,0.55,-15.92,61.7,22,29,164,103,61,INF109K01E35
133801,Kotak Infrastructure and Economic Reform Fund - Direct Plan - Growth Option,Kotak Mahindra Mutual Fund,Equity Scheme - Sectoral/ Thematic,Direct,81.407,01-Oct-2026,0.63,0.85,7.48,15.4,17.71,18.04,0.49,-27.17,66.7,46,33,158,102,61,INF178L01AL9
151916,quant Manufacturing Fund - Direct Plan - Growth Option,quant Mutual Fund,Equity Scheme - Sectoral/ Thematic,Direct,16.6956,01-Oct-2026,0.82,1.45,12.46,15.4,,22.14,0.4,-29.07,59.5,32,34,158,102,38,INF966L01CJ7
103476,Aditya Birla Sun Life Infrastructure Fund - Regular Plan - GROWTH,Aditya Birla Sun Life Mutual Fund,Equity Scheme - Sectoral/ Thematic,Regular,105.46,01-Oct-2026,1.86,2.33,11.89,15.19,15.95,17.91,0.49,-24.4,63.3,28,30,164,103,61,INF209K01504
103149,ICICI Prudential Infrastructure Fund - Regular Plan - Growth,ICICI Prudential Mutual Fund,Equity Scheme - Sectoral/ Thematic,Regular,192.26,01-Oct-2026,1.52,1.91,-0.58,15.19,18.95,15.95,0.54,-19.22,60.0,98,31,164,103,61,INF109K01AV5
150624,Kotak Business Cycle Fund - Direct Plan - Growth,Kotak Mahindra Mutual Fund,Equity Scheme - Sectoral/ Thematic,Direct,17.776,01-Oct-2026,0.57,0.77,4.68,15.04,,14.26,0.6,-17.59,72.3,60,35,158,102,48,INF174KA1JN6
106170,Quant Infrastructure Fund - Regular Plan - Growth Option,quant Mutual Fund,Equity Scheme - Sectoral/ Thematic,Regular,39.7052,01-Oct-2026,1.67,2.25,6.23,14.95,15.3,21.46,0.39,-28.28,60.0,47,32,164,103,61,INF966L01523
148560,quant ESG Integration Strategy Fund - Regular Plan - Growth Option,quant Mutual Fund,Equity Scheme - Sectoral/ Thematic,Regular,37.7961,01-Oct-2026,2.1,3.38,18.32,14.53,15.6,19.85,0.4,-24.92,58.3,12,33,164,103,61,INF966L01AB8
135813,Tata Resources & Energy Fund - Direct Plan - Growth Option,Tata Mutual Fund,Equity Scheme - Sectoral/ Thematic,Direct,55.7366,01-Oct-2026,0.59,0.82,4.7,14.45,11.9,17.04,0.47,-19.73,61.7,59,36,158,102,61,INF277K015B9
133859,SBI BANKING & FINANCIAL SERVICES FUND - Direct Plan - Growth,SBI Mutual Fund,Equity Scheme - Sectoral/ Thematic,Direct,46.6459,01-Oct-2026,0.66,1.19,-1.75,14.22,11.58,15.28,0.51,-15.4,61.7,110,37,158,102,61,INF200KA1507
148925,quant Quantamental Fund - Direct Plan - Growth Option,quant Mutual Fund,Equity Scheme - Sectoral/ Thematic,Direct,25.6956,01-Oct-2026,0.68,1.62,7.43,14.21,18.33,17.7,0.44,-22.74,63.3,47,38,158,102,61,INF966L01AK9
118557,Franklin Build India Fund - Direct Plan - Growth,Franklin Templeton Mutual Fund,Equity Scheme - Sectoral/ Thematic,Direct,156.6555,01-Oct-2026,0.81,1.1,-3.01,14.19,17.19,16.28,0.47,-19.7,60.0,117,39,158,102,61,INF090I01JF5
147662,ICICI Prudential Commodities Fund - Direct Plan - Growth,ICICI Prudential Mutual Fund,Equity Scheme - Sectoral/ Thematic,Direct,49.21,01-Oct-2026,0.84,1.05,5.53,14.12,14.16,17.28,0.44,-17.87,63.3,56,40,158,102,61,INF109KC1F91
119705,SBI COMMA FUND - Direct Plan - Growth,SBI Mutual Fund,Equity Scheme - Sectoral/ Thematic,Direct,122.4448,01-Oct-2026,0.95,1.24,7.97,14.04,9.79,16.38,0.46,-21.67,56.7,43,41,158,102,61,INF200K01SB6
129212,Sundaram Infrastructure Advantage Fund (Erstwhile Sundaram Capex Opportunities) - Direct Plan - GROWTH,Sundaram Mutual Fund,Equity Scheme - Sectoral/ Thematic,Direct,102.6804,01-Oct-2026,1.5,1.81,2.08,13.93,14.6,16.68,0.45,-22.3,60.0,78,42,158,102,61,INF903J01F92
133796,Kotak Infrastructure and Economic Reform Fund - Regular Plan - Growth Option,Kotak Mahindra Mutual Fund,Equity Scheme - Sectoral/ Thematic,Regular,67.9,01-Oct-2026,1.73,2.15,6.07,13.85,16.09,18.02,0.41,-27.64,66.7,48,34,164,103,61,INF178L01095
151913,quant Manufacturing Fund - Regular Plan - Growth Option,quant Mutual Fund,Equity Scheme - Sectoral/ Thematic,Regular,15.9187,01-Oct-2026,2.04,2.89,10.87,13.67,,22.1,0.32,-30.6,59.5,32,35,164,103,38,INF966L01CN9
148651,ICICI Prudential Business Cycle Fund - Direct Plan - Growth,ICICI Prudential Mutual Fund,Equity Scheme - Sectoral/ Thematic,Direct,24.78,01-Oct-2026,0.72,1.01,-4.8,13.52,14.09,13.54,0.52,-13.37,60.0,127,43,158,102,61,INF109KC1P24
120688,ICICI Prudential Exports & Services Fund - Direct Plan - Growth,ICICI Prudential Mutual Fund,Equity Scheme - Sectoral/ Thematic,Direct,179.36,01-Oct-2026,1.38,1.79,1.56,13.49,12.99,12.28,0.57,-13.85,61.7,85,44,158,102,61,INF109K01W25
150626,Kotak Business Cycle Fund - Regular Plan - Growth,Kotak Mahindra Mutual Fund,Equity Scheme - Sectoral/ Thematic,Regular,16.746,01-Oct-2026,1.65,2.05,3.31,13.43,,14.24,0.49,-18.07,68.1,62,36,164,103,48,INF174KA1JK2
103145,SBI COMMA FUND - Regular Plan - Growth,SBI Mutual Fund,Equity Scheme - Sectoral/ Thematic,Regular,112.2431,01-Oct-2026,1.87,2.29,7.17,13.3,9.13,16.38,0.42,-21.87,56.7,45,37,164,103,61,INF200K01339
129213,Sundaram Infrastructure Advantage Fund (Erstwhile Sundaram Capex Opportunities) - Regular Plan - GROWTH,Sundaram Mutual Fund,Equity Scheme - Sectoral/ Thematic,Regular,95.4175,01-Oct-2026,1.95,2.32,1.47,13.28,13.96,16.68,0.41,-22.48,60.0,77,38,164,103,61,INF903J01F68
112092,Franklin Build India Fund - Regular Plan - Growth,Franklin Templeton Mutual Fund,Equity Scheme - Sectoral/ Thematic,Regular,134.6129,01-Oct-2026,1.67,2.09,-3.96,13.04,15.99,16.26,0.4,-20.05,60.0,123,39,164,103,61,INF090I01AE7
133858,SBI BANKING & FINANCIAL SERVICES FUND - Regular Plan - Growth,SBI Mutual Fund,Equity Scheme - Sectoral/ Thematic,Regular,41.2747,01-Oct-2026,1.5,2.17,-2.73,13.02,10.36,15.27,0.43,-16.09,60.0,114,40,164,103,61,INF200KA1473
147661,ICICI Prudential Commodities Fund - Regular Plan - Growth,ICICI Prudential Mutual Fund,Equity Scheme - Sectoral/ Thematic,Regular,45.05,01-Oct-2026,1.63,1.97,4.52,12.98,12.84,17.27,0.38,-18.22,63.3,58,41,164,103,61,INF109KC1F67
152033,Nippon India Innovation Fund - Direct Plan - Growth Option,Nippon India Mutual Fund,Equity Scheme - Sectoral/ Thematic,Direct,14.7008,01-Oct-2026,0.6,0.87,-0.18,12.96,,17.04,0.38,-20.43,72.2,99,45,158,102,37,INF204KC1BO3
119333,Baroda BNP Paribas Banking and Financial Services Fund - Direct Plan - Growth Option,Baroda BNP Paribas Mutual Fund,Equity Scheme - Sectoral/ Thematic,Direct,53.4853,01-Oct-2026,0.68,1.08,1.76,12.85,10.9,16.21,0.39,-15.7,56.7,81,46,158,102,61,INF955L01971
118979,HDFC Infrastructure Fund - Direct Plan - Growth Option,HDFC Mutual Fund,Equity Scheme - Sectoral/ Thematic,Direct,50.098,01-Oct-2026,0.98,1.33,-4.27,12.85,18.06,17.42,0.36,-20.43,60.0,125,47,158,102,61,INF179K01WQ2
135805,Tata India Consumer Fund - Direct Plan - Growth Option,Tata Mutual Fund,Equity Scheme - Sectoral/ Thematic,Direct,52.3064,01-Oct-2026,0.63,0.92,1.81,12.83,12.45,16.02,0.4,-19.03,60.0,80,48,158,102,61,INF277K013A6
103312,ICICI Prudential Exports & Services Fund - Regular Plan - Growth,ICICI Prudential Mutual Fund,Equity Scheme - Sectoral/ Thematic,Regular,163.56,01-Oct-2026,1.82,2.3,0.98,12.81,12.34,12.27,0.51,-14.06,61.7,80,42,164,103,61,INF109K01BB5
148923,quant Quantamental Fund - Regular Plan - Growth Option,quant Mutual Fund,Equity Scheme - Sectoral/ Thematic,Regular,23.675,01-Oct-2026,1.81,2.96,6.03,12.69,16.59,17.68,0.35,-23.36,63.3,49,43,164,103,61,INF966L01AH5
135815,Tata Resources & Energy Fund - Regular Plan - Growth Option,Tata Mutual Fund,Equity Scheme - Sectoral/ Thematic,Regular,46.6431,01-Oct-2026,1.82,2.2,3.13,12.67,10.12,17.01,0.36,-20.25,60.0,63,44,164,103,61,INF277K012B6
144835,Sundaram Services Fund - Direct Plan - GROWTH,Sundaram Mutual Fund,Equity Scheme - Sectoral/ Thematic,Direct,38.0015,01-Oct-2026,0.64,0.85,1.61,12.61,12.17,14.55,0.42,-16.3,60.0,84,49,158,102,61,INF903JA1FA2
148653,ICICI Prudential Business Cycle Fund - Regular Plan - Growth,ICICI Prudential Mutual Fund,Equity Scheme - Sectoral/ Thematic,Regular,23.2,01-Oct-2026,1.43,1.83,-5.69,12.42,12.84,13.52,0.44,-13.72,58.3,134,45,164,103,61,INF109KC1O90
145897,ICICI Prudential India Opportunities Fund - Direct Plan - Cumulative,ICICI Prudential Mutual Fund,Equity Scheme - Sectoral/ Thematic,Direct,37.79,01-Oct-2026,0.62,0.94,-2.33,12.3,15.66,12.94,0.45,-12.37,60.0,114,50,158,102,61,INF109KC1RH9
151881,Kotak Quant Fund - Direct Plan - Growth,Kotak Mahindra Mutual Fund,Equity Scheme - Sectoral/ Thematic,Direct,14.568,01-Oct-2026,1.0,1.58,-1.71,12.15,,17.52,0.32,-21.99,67.6,108,51,158,102,38,INF174KA1OL0
149141,Baroda BNP Paribas Business Cycle Fund - Direct Plan - Growth Option,Baroda BNP Paribas Mutual Fund,Equity Scheme - Sectoral/ Thematic,Direct,16.5823,01-Oct-2026,0.83,1.04,2.89,11.85,10.76,15.13,0.35,-19.39,60.0,73,52,158,102,61,INF955L01KK1
107524,HDFC Infrastructure Fund - Regular Plan - Growth Option,HDFC Mutual Fund,Equity Scheme - Sectoral/ Thematic,Regular,44.832,01-Oct-2026,1.73,2.2,-5.14,11.81,17.07,17.42,0.3,-20.81,60.0,131,46,164,103,61,INF179K01GF8
118769,Nippon India Quant Fund - Direct Plan - Growth Option,Nippon India Mutual Fund,Equity Scheme - Sectoral/ Thematic,Direct,74.2893,01-Oct-2026,0.45,0.87,-2.95,11.77,12.13,14.63,0.36,-15.7,61.7,115,53,158,102,61,INF204K01J34
119700,SBI INFRASTRUCTURE FUND - Direct Plan - Growth,SBI Mutual Fund,Equity Scheme - Sectoral/ Thematic,Direct,52.2666,01-Oct-2026,0.86,1.16,0.88,11.75,15.09,16.43,0.32,-22.06,61.7,93,54,158,102,61,INF200K01RS2
151878,Kotak Quant Fund - Regular Plan - Growth,Kotak Mahindra Mutual Fund,Equity Scheme - Sectoral/ Thematic,Regular,14.379,01-Oct-2026,1.6,2.26,-2.35,11.67,,17.51,0.3,-22.06,67.6,109,47,164,103,38,INF174KA1OI6
149295,Aditya Birla Sun Life Business Cycle Fund - Direct Plan - GROWTH,Aditya Birla Sun Life Mutual Fund,Equity Scheme - Sectoral/ Thematic,Direct,16.41,01-Oct-2026,0.95,1.65,6.08,11.65,,14.46,0.36,-17.1,61.4,52,55,158,102,58,INF209KB14D2
120733,UTI - Banking and Financial Services Fund - Direct Plan - Growth,UTI Mutual Fund,Equity Scheme - Sectoral/ Thematic,Direct,215.8294,01-Oct-2026,0.98,1.45,1.51,11.65,10.64,16.03,0.32,-16.35,56.7,87,56,158,102,61,INF789F01SN3
119243,Tata Infrastructure Fund - Direct Plan - Growth Option,Tata Mutual Fund,Equity Scheme - Sectoral/ Thematic,Direct,190.7025,01-Oct-2026,0.99,1.23,3.99,11.63,15.39,18.14,0.28,-29.82,61.7,65,57,158,102,61,INF277K01PQ8
152034,Nippon India Innovation Fund - Regular Plan - Growth Option,Nippon India Mutual Fund,Equity Scheme - Sectoral/ Thematic,Regular,14.1188,01-Oct-2026,1.68,2.08,-1.44,11.49,,17.02,0.29,-20.86,69.4,104,48,164,103,37,INF204KC1BL9
135804,Tata India Consumer Fund - Regular Plan - Growth Option,Tata Mutual Fund,Equity Scheme - Sectoral/ Thematic,Regular,44.7778,01-Oct-2026,1.68,2.12,0.55,11.42,11.02,16.01,0.31,-20.28,60.0,84,49,164,103,61,INF277K010A2
144838,Sundaram Services Fund - Regular Plan - GROWTH,Sundaram Mutual Fund,Equity Scheme - Sectoral/ Thematic,Regular,34.6297,01-Oct-2026,1.6,1.94,0.46,11.33,10.81,14.54,0.33,-16.63,60.0,87,50,164,103,61,INF903JA1EX7
145896,ICICI Prudential India Opportunities Fund - Regular Plan - Cumulative,ICICI Prudential Mutual Fund,Equity Scheme - Sectoral/ Thematic,Regular,34.33,01-Oct-2026,1.31,1.74,-3.16,11.22,14.41,12.91,0.37,-12.71,60.0,117,51,164,103,61,INF109KC1RE6
108249,Nippon India Quant Fund - Regular Plan - Growth Option,Nippon India Mutual Fund,Equity Scheme - Sectoral/ Thematic,Regular,68.2031,01-Oct-2026,0.82,1.31,-3.36,11.22,11.52,14.62,0.32,-15.9,60.0,120,52,164,103,61,INF204K01760
117549,Baroda BNP Paribas Banking and Financial Services Fund - Regular Plan - Growth Option,Baroda BNP Paribas Mutual Fund,Equity Scheme - Sectoral/ Thematic,Regular,46.8367,01-Oct-2026,2.08,2.67,0.07,11.17,9.47,16.21,0.29,-16.19,55.0,92,53,164,103,61,INF955L01856
120728,UTI - Infrastructure Fund - Direct Plan - Growth,UTI Mutual Fund,Equity Scheme - Sectoral/ Thematic,Direct,143.8374,01-Oct-2026,1.59,2.01,-1.39,11.07,12.28,15.82,0.29,-20.67,58.3,105,58,158,102,61,INF789F01TU6
148986,HDFC Banking & Financial Services Fund - Direct Plan - Growth Option,HDFC Mutual Fund,Equity Scheme - Sectoral/ Thematic,Direct,18.16,01-Oct-2026,0.74,0.98,2.87,11.02,11.16,16.31,0.28,-16.11,56.7,74,59,158,102,61,INF179KC1BG0
119597,Sundaram Financial Services Opportunities Fund - Direct Plan - GROWTH,Sundaram Mutual Fund,Equity Scheme - Sectoral/ Thematic,Direct,117.7138,01-Oct-2026,0.68,0.93,3.89,10.96,12.76,16.57,0.27,-15.46,53.3,67,60,158,102,61,INF903J01NB8
151384,Kotak Banking and Financial Services Fund - Direct Plan - Growth,Kotak Mahindra Mutual Fund,Equity Scheme - Sectoral/ Thematic,Direct,16.034,01-Oct-2026,0.6,0.8,1.72,10.87,,15.94,0.27,-15.05,61.9,82,61,158,102,43,INF174KA1MD1
106096,SBI INFRASTRUCTURE FUND - Regular Plan - Growth,SBI Mutual Fund,Equity Scheme - Sectoral/ Thematic,Regular,47.9009,01-Oct-2026,1.61,2.04,0.02,10.84,14.31,16.43,0.26,-22.37,61.7,94,54,164,103,61,INF200K01CT2
102395,UTI - Infrastructure Fund - Regular Plan - Growth,UTI Mutual Fund,Equity Scheme - Sectoral/ Thematic,Regular,136.4777,01-Oct-2026,1.76,2.19,-1.66,10.72,11.9,15.82,0.27,-20.8,58.3,105,55,164,103,61,INF789F01752
151757,quant Business Cycle Fund - Direct Plan - Growth Option,quant Mutual Fund,Equity Scheme - Sectoral/ Thematic,Direct,16.4929,01-Oct-2026,0.63,1.45,4.41,10.66,,20.17,0.21,-28.26,65.0,61,62,158,102,41,INF966L01BR2
101766,Tata Infrastructure Fund - Regular Plan - Growth Option,Tata Mutual Fund,Equity Scheme - Sectoral/ Thematic,Regular,173.484,01-Oct-2026,1.75,2.11,3.02,10.6,14.34,18.13,0.23,-30.19,61.7,64,56,164,103,61,INF277K01782
149296,Aditya Birla Sun Life Business Cycle Fund - Regular Plan - GROWTH,Aditya Birla Sun Life Mutual Fund,Equity Scheme - Sectoral/ Thematic,Regular,15.45,01-Oct-2026,1.79,2.61,5.03,10.5,,14.44,0.28,-17.5,61.4,54,57,164,103,58,INF209KB12D6
148516,ICICI Prudential ESG Exclusionary Strategy Fund - Direct Plan - Growth,ICICI Prudential Mutual Fund,Equity Scheme - Sectoral/ Thematic,Direct,21.92,01-Oct-2026,0.93,1.26,-7.35,10.49,9.35,13.52,0.3,-15.87,51.7,141,63,158,102,61,INF109KC1O09
102401,UTI - Banking and Financial Services Fund - Regular Plan - Growth,UTI Mutual Fund,Equity Scheme - Sectoral/ Thematic,Regular,187.0682,01-Oct-2026,1.81,2.38,0.48,10.49,9.45,16.02,0.25,-17.03,56.7,85,58,164,103,61,INF789F01372
148600,ICICI Prudential QUANT FUND - Direct Plan - Growth,ICICI Prudential Mutual Fund,Equity Scheme - Sectoral/ Thematic,Direct,22.86,01-Oct-2026,1.42,2.07,-1.34,10.4,9.73,12.3,0.32,-13.79,61.7,104,64,158,102,61,INF109KC1O66
150805,HDFC Business Cycle Fund - Direct Plan - Growth Option,HDFC Mutual Fund,Equity Scheme - Sectoral/ Thematic,Direct,15.389,01-Oct-2026,0.85,1.14,1.52,10.29,,14.24,0.27,-16.49,60.9,86,65,158,102,47,INF179KC1DY9
149140,Baroda BNP Paribas Business Cycle Fund - Regular Plan - Growth Option,Baroda BNP Paribas Mutual Fund,Equity Scheme - Sectoral/ Thematic,Regular,15.4053,01-Oct-2026,2.07,2.49,1.39,10.27,9.16,15.14,0.25,-19.9,60.0,78,59,164,103,61,INF955L01KH7
149321,ITI Banking and Financial Services Fund - Direct Plan - Growth Option,ITI Mutual Fund,Equity Scheme - Sectoral/ Thematic,Direct,16.4917,01-Oct-2026,0.58,1.08,3.35,10.08,,16.16,0.22,-15.2,60.7,69,66,158,102,57,INF00XX01BU6
135793,Tata Banking & Financial Services Fund - Direct Plan - Growth Option,Tata Mutual Fund,Equity Scheme - Sectoral/ Thematic,Direct,49.145,01-Oct-2026,0.5,0.93,-0.01,10.04,11.19,16.24,0.22,-17.14,51.7,98,67,158,102,61,INF277K01Z10
148637,Aditya Birla Sun Life ESG Integration Strategy Fund - Direct Plan - GROWTH,Aditya Birla Sun Life Mutual Fund,Equity Scheme - Sectoral/ Thematic,Direct,18.44,01-Oct-2026,1.21,1.44,-1.07,9.77,6.55,15.08,0.22,-21.48,56.7,101,68,158,102,61,INF209KB1U76
148987,HDFC Banking & Financial Services Fund - Regular Plan - Growth Option,HDFC Mutual Fund,Equity Scheme - Sectoral/ Thematic,Regular,16.891,01-Oct-2026,1.62,2.02,1.77,9.74,9.67,16.3,0.2,-17.04,55.0,74,60,164,103,61,INF179KC1BJ4
148598,ICICI Prudential QUANT FUND - Regular Plan - Growth,ICICI Prudential Mutual Fund,Equity Scheme - Sectoral/ Thematic,Regular,22.0,01-Oct-2026,2.08,2.81,-2.0,9.71,9.03,12.33,0.26,-14.06,60.0,107,61,164,103,61,INF109KC1O33
150310,ICICI PRUDENTIAL HOUSING OPPORTUNITIES FUND - Direct Plan - Growth,ICICI Prudential Mutual Fund,Equity Scheme - Sectoral/ Thematic,Direct,17.12,01-Oct-2026,0.95,1.24,-4.04,9.64,,13.83,0.23,-16.0,56.6,123,69,158,102,54,INF109KC10C2
149071,Tata Business Cycle Fund - Direct Plan - Growth Option,Tata Mutual Fund,Equity Scheme - Sectoral/ Thematic,Direct,19.2929,01-Oct-2026,0.62,0.92,-1.79,9.64,13.01,14.83,0.21,-19.26,63.3,111,70,158,102,61,INF277KA1166
109059,Sundaram Financial Services Opportunities Fund - Regular Plan - GROWTH,Sundaram Mutual Fund,Equity Scheme - Sectoral/ Thematic,Regular,102.6841,01-Oct-2026,1.8,2.21,2.53,9.49,11.19,16.56,0.18,-15.64,53.3,68,62,164,103,61,INF903J01629
148517,ICICI Prudential ESG Exclusionary Strategy Fund - Regular Plan - Growth,ICICI Prudential Mutual Fund,Equity Scheme - Sectoral/ Thematic,Regular,20.3,01-Oct-2026,1.85,2.32,-8.39,9.22,8.02,13.53,0.2,-16.85,51.7,146,63,164,103,61,INF109KC1N75
151381,Kotak Banking and Financial Services Fund - Regular Plan - Growth,Kotak Mahindra Mutual Fund,Equity Scheme - Sectoral/ Thematic,Regular,15.169,01-Oct-2026,1.82,2.24,0.26,9.21,,15.93,0.17,-15.16,61.9,88,64,164,103,43,INF174KA1MA7
147346,ICICI Prudential MNC Fund - Direct Plan - Growth,ICICI Prudential Mutual Fund,Equity Scheme - Sectoral/ Thematic,Direct,31.58,01-Oct-2026,0.95,1.21,3.44,9.19,10.75,12.62,0.21,-18.09,66.7,68,71,158,102,61,INF109KC1D93
150803,HDFC Business Cycle Fund - Regular Plan - Growth Option,HDFC Mutual Fund,Equity Scheme - Sectoral/ Thematic,Regular,14.694,01-Oct-2026,1.7,2.12,0.47,9.04,,14.23,0.18,-17.87,60.9,86,65,164,103,47,INF179KC1EB5
151758,quant Business Cycle Fund - Regular Plan - Growth Option,quant Mutual Fund,Equity Scheme - Sectoral/ Thematic,Regular,15.6602,01-Oct-2026,1.95,3.01,2.82,8.97,,20.14,0.12,-29.9,65.0,66,66,164,103,41,INF966L01BU6
120244,ICICI Prudential Banking & Financial Services Fund - Direct Plan - Growth,ICICI Prudential Mutual Fund,Equity Scheme - Sectoral/ Thematic,Direct,142.18,01-Oct-2026,0.89,1.25,-4.17,8.7,8.82,14.84,0.15,-16.27,58.3,124,72,158,102,61,INF109K013J1
148635,Aditya Birla Sun Life ESG Integration Strategy Fund - Regular Plan - GROWTH,Aditya Birla Sun Life Mutual Fund,Equity Scheme - Sectoral/ Thematic,Regular,17.04,01-Oct-2026,2.08,2.44,-2.13,8.58,5.18,15.07,0.14,-22.19,55.0,108,67,164,103,61,INF209KB1U43
150308,ICICI PRUDENTIAL HOUSING OPPORTUNITIES FUND - Regular Plan - Growth,ICICI Prudential Mutual Fund,Equity Scheme - Sectoral/ Thematic,Regular,16.24,01-Oct-2026,1.7,2.09,-4.86,8.57,,13.82,0.15,-16.38,56.6,127,68,164,103,54,INF109KC17B9
151804,HDFC Consumption Fund - Direct Plan - Growth Option,HDFC Mutual Fund,Equity Scheme - Sectoral/ Thematic,Direct,13.415,01-Oct-2026,1.05,1.4,-9.1,8.52,,16.29,0.12,-21.9,60.5,148,73,158,102,39,INF179KC1GO3
135794,Tata Banking & Financial Services Fund - Regular Plan - Growth Option,Tata Mutual Fund,Equity Scheme - Sectoral/ Thematic,Regular,41.4863,01-Oct-2026,1.66,2.23,-1.41,8.45,9.52,16.22,0.12,-18.02,51.7,103,69,164,103,61,INF277K01Y86
125597,Aditya Birla Sun Life Banking and Financial Services Fund - Direct Plan - GROWTH,Aditya Birla Sun Life Mutual Fund,Equity Scheme - Sectoral/ Thematic,Direct,67.1,01-Oct-2026,0.9,1.15,-0.01,8.26,9.56,16.76,0.11,-17.53,51.7,97,74,158,102,61,INF209K014W1
150266,Baroda BNP Paribas India Consumption Fund - Direct Plan - Growth Option,Baroda BNP Paribas Mutual Fund,Equity Scheme - Sectoral/ Thematic,Direct,32.1569,01-Oct-2026,0.61,1.0,-9.16,8.25,,15.09,0.12,-20.23,68.5,149,75,158,102,55,INF251K01PT7
118876,Taurus Ethical Fund - Direct Plan - Growth,Taurus Mutual Fund,Equity Scheme - Sectoral/ Thematic,Direct,136.86,01-Oct-2026,0.9,1.35,-1.74,8.1,8.08,14.8,0.11,-19.46,55.0,109,76,158,102,61,INF044D01CJ0
149324,ITI Banking and Financial Services Fund - Regular Plan - Growth Option,ITI Mutual Fund,Equity Scheme - Sectoral/ Thematic,Regular,15.0033,01-Oct-2026,2.1,2.78,1.49,8.06,,16.13,0.1,-15.35,58.9,76,70,164,103,57,INF00XX01BR2
149068,Tata Business Cycle Fund - Regular Plan - Growth Option,Tata Mutual Fund,Equity Scheme - Sectoral/ Thematic,Regular,17.8037,01-Oct-2026,1.71,2.18,-3.1,8.06,11.27,14.81,0.11,-19.73,63.3,116,71,164,103,61,INF277KA1190
147345,ICICI Prudential MNC Fund - Regular Plan - Growth,ICICI Prudential Mutual Fund,Equity Scheme - Sectoral/ Thematic,Regular,28.82,01-Oct-2026,1.79,2.16,2.42,8.03,9.47,12.62,0.12,-18.43,65.0,69,72,164,103,61,INF109KC1D69
141924,HDFC Housing Opportunities Fund - Direct Plan - Growth Option,HDFC Mutual Fund,Equity Scheme - Sectoral/ Thematic,Direct,22.169,01-Oct-2026,1.16,1.4,-7.18,8.0,10.36,17.11,0.09,-22.4,61.7,139,77,158,102,61,INF179KC1AU3
146951,ICICI Prudential Bharat Consumption Fund - Direct Plan - Growth,ICICI Prudential Mutual Fund,Equity Scheme - Sectoral/ Thematic,Direct,25.38,01-Oct-2026,0.96,1.31,-7.74,7.94,11.12,13.56,0.11,-20.63,61.7,144,78,158,102,61,INF109KC1YD4
118537,Franklin India Technology Fund - Direct Plan - Growth,Franklin Templeton Mutual Fund,Equity Scheme - Sectoral/ Thematic,Direct,497.3976,01-Oct-2026,0.94,1.16,-10.35,7.88,6.39,18.18,0.08,-24.73,53.3,154,79,158,102,61,INF090I01FE6
109445,ICICI Prudential Banking & Financial Services Fund - Regular Plan - Growth,ICICI Prudential Mutual Fund,Equity Scheme - Sectoral/ Thematic,Regular,125.14,01-Oct-2026,1.49,1.95,-4.88,7.86,7.94,14.83,0.09,-16.49,55.0,128,73,164,103,61,INF109K01BU5
147928,Axis ESG Integration Strategy Fund - Direct Plan - Growth Option,Axis Mutual Fund,Equity Scheme - Sectoral/ Thematic,Direct,21.45,01-Oct-2026,1.18,1.84,-4.92,7.72,4.82,14.03,0.09,-19.38,60.0,128,80,158,102,61,INF846K01W23
120682,UTI - MNC Fund - Direct Plan - Growth,UTI Mutual Fund,Equity Scheme - Sectoral/ Thematic,Direct,426.9333,01-Oct-2026,1.11,1.53,-3.14,7.66,7.35,13.42,0.09,-21.01,56.7,118,81,158,102,61,INF789F01UD0
120578,SBI TECHNOLOGY OPPORTUNITIES FUND - Direct Plan - Growth,SBI Mutual Fund,Equity Scheme - Sectoral/ Thematic,Direct,219.7075,01-Oct-2026,0.8,1.04,-8.24,7.64,6.26,18.6,0.06,-22.34,55.0,147,82,158,102,61,INF200K01RV6
119709,SBI ESG Exclusionary Strategy Fund - Direct Plan - Growth,SBI Mutual Fund,Equity Scheme - Sectoral/ Thematic,Direct,248.6248,01-Oct-2026,1.13,1.49,-3.86,7.63,7.36,14.05,0.08,-14.95,58.3,122,83,158,102,61,INF200K01SE0
119595,Sundaram Consumption Fund (Formerly Known as Sundaram Rural and Consumption Fund) - Direct Plan - GROWTH,Sundaram Mutual Fund,Equity Scheme - Sectoral/ Thematic,Direct,98.6073,01-Oct-2026,1.09,1.67,-8.18,7.49,9.87,15.46,0.06,-22.53,65.0,146,84,158,102,61,INF903J01NH5
148606,Kotak ESG Exclusionary Strategy Fund - Direct Plan - Growth Option,Kotak Mahindra Mutual Fund,Equity Scheme - Sectoral/ Thematic,Direct,17.284,01-Oct-2026,0.9,1.16,-5.96,7.47,6.69,14.01,0.07,-16.87,56.7,135,85,158,102,61,INF174KA1FI4
125595,Aditya Birla Sun Life Banking and Financial Services Fund - Regular Plan - GROWTH,Aditya Birla Sun Life Mutual Fund,Equity Scheme - Sectoral/ Thematic,Regular,59.17,01-Oct-2026,1.65,2.02,-0.92,7.26,8.52,16.74,0.05,-18.05,51.7,101,74,164,103,61,INF209K011W7
151803,HDFC Consumption Fund - Regular Plan - Growth Option,HDFC Mutual Fund,Equity Scheme - Sectoral/ Thematic,Regular,12.906,01-Oct-2026,1.94,2.43,-10.15,7.23,,16.28,0.04,-23.29,60.5,155,75,164,103,39,INF179KC1GR6
119591,Aditya Birla Sun Life Consumption Fund - Direct Plan - GROWTH,Aditya Birla Sun Life Mutual Fund,Equity Scheme - Sectoral/ Thematic,Direct,225.13,01-Oct-2026,0.73,0.98,-9.29,7.15,8.4,14.54,0.04,-19.71,53.3,150,86,158,102,61,INF209K01WC7
146950,ICICI Prudential Bharat Consumption Fund - Regular Plan - Growth,ICICI Prudential Mutual Fund,Equity Scheme - Sectoral/ Thematic,Regular,23.38,01-Oct-2026,1.67,2.13,-8.53,6.99,10.15,13.57,0.04,-21.72,60.0,147,76,164,103,61,INF109KC1YA0
104523,SBI ESG Exclusionary Strategy Fund - Regular Plan - Growth,SBI Mutual Fund,Equity Scheme - Sectoral/ Thematic,Regular,225.3291,01-Oct-2026,1.6,2.04,-4.42,6.98,6.69,14.05,0.03,-15.12,58.3,125,77,164,103,61,INF200K01214
141923,HDFC Housing Opportunities Fund - Regular Plan - Growth Option,HDFC Mutual Fund,Equity Scheme - Sectoral/ Thematic,Regular,20.281,01-Oct-2026,1.9,2.25,-8.05,6.96,9.28,17.1,0.03,-22.72,60.0,145,78,164,103,61,INF179KC1AX7
100522,Franklin India Technology Fund - Regular Plan - Growth,Franklin Templeton Mutual Fund,Equity Scheme - Sectoral/ Thematic,Regular,446.3188,01-Oct-2026,1.8,2.15,-11.23,6.79,5.3,18.17,0.02,-25.3,53.3,160,79,164,103,61,INF090I01742
100740,UTI - MNC Fund - Regular Plan - Growth,UTI Mutual Fund,Equity Scheme - Sectoral/ Thematic,Regular,379.7591,01-Oct-2026,1.7,2.2,-3.87,6.78,6.45,13.41,0.02,-21.28,55.0,122,80,164,103,61,INF789F01844
147929,Axis ESG Integration Strategy Fund - Regular Plan - Growth Option,Axis Mutual Fund,Equity Scheme - Sectoral/ Thematic,Regular,19.78,01-Oct-2026,1.92,2.71,-5.76,6.75,3.68,14.04,0.02,-20.23,60.0,135,81,164,103,61,INF846K01W56
150268,Baroda BNP Paribas India Consumption Fund - Regular Plan - Growth Option,Baroda BNP Paribas Mutual Fund,Equity Scheme - Sectoral/ Thematic,Regular,28.5333,01-Oct-2026,1.82,2.42,-10.47,6.68,,15.07,0.01,-21.94,57.4,159,82,164,103,55,INF251K01PQ3
151458,HDFC MNC Fund - Direct Plan - Growth Option,HDFC Mutual Fund,Equity Scheme - Sectoral/ Thematic,Direct,14.026,01-Oct-2026,1.19,1.89,1.24,6.68,,15.65,0.01,-24.07,66.7,90,87,158,102,43,INF179KC1FC0
118868,Taurus Banking & Financial Services Fund - Direct Plan - Growth,Taurus Mutual Fund,Equity Scheme - Sectoral/ Thematic,Direct,56.52,01-Oct-2026,1.46,1.84,-4.74,6.68,8.18,15.47,0.01,-16.89,53.3,126,88,158,102,61,INF044D01CN2
111787,Taurus Ethical Fund - Regular Plan - Growth,Taurus Mutual Fund,Equity Scheme - Sectoral/ Thematic,Regular,119.44,01-Oct-2026,2.1,2.73,-3.16,6.67,6.74,14.8,0.01,-19.93,55.0,118,83,164,103,61,INF044D01864
150532,TATA HOUSING OPPORTUNITIES FUND - Direct Plan - Growth Option,Tata Mutual Fund,Equity Scheme - Sectoral/ Thematic,Direct,15.115,01-Oct-2026,0.75,1.1,-3.0,6.64,,17.15,0.01,-23.69,58.3,116,89,158,102,49,INF277KA1497
119711,SBI MNC FUND - Direct Plan - Growth,SBI Mutual Fund,Equity Scheme - Sectoral/ Thematic,Direct,440.4628,01-Oct-2026,1.02,1.39,15.23,6.61,7.94,13.05,0.01,-14.14,63.3,23,90,158,102,61,INF200K01SN1
147372,QUANTUM ESG BEST IN CLASS STRATEGY FUND - Direct Plan - Growth Option,Quantum Mutual Fund,Equity Scheme - Sectoral/ Thematic,Direct,23.5,01-Oct-2026,0.63,0.82,-5.74,6.6,6.34,14.32,0.01,-18.98,55.0,134,91,158,102,61,INF082J01382
102142,Sundaram Consumption Fund (Formerly Known as Sundaram Rural and Consumption Fund) - Regular Plan - GROWTH,Sundaram Mutual Fund,Equity Scheme - Sectoral/ Thematic,Regular,88.9939,01-Oct-2026,1.83,2.53,-9.0,6.55,8.9,15.45,0.0,-23.55,65.0,151,84,164,103,61,INF903J01561
120577,SBI TECHNOLOGY OPPORTUNITIES FUND - Regular Plan - Growth,SBI Mutual Fund,Equity Scheme - Sectoral/ Thematic,Regular,190.6376,01-Oct-2026,1.63,2.01,-9.13,6.53,5.1,18.58,0.0,-22.79,55.0,152,85,164,103,61,INF200K01VS4
103111,Aditya Birla Sun Life Consumption Fund - Regular Plan - GROWTH,Aditya Birla Sun Life Mutual Fund,Equity Scheme - Sectoral/ Thematic,Regular,194.44,01-Oct-2026,1.58,1.96,-10.22,6.02,7.22,14.53,-0.03,-20.96,51.7,156,86,164,103,61,INF209K01447
148602,Kotak ESG Exclusionary Strategy Fund - Regular Plan - Growth Option,Kotak Mahindra Mutual Fund,Equity Scheme - Sectoral/ Thematic,Regular,15.77,01-Oct-2026,2.04,2.51,-7.28,5.92,5.05,13.99,-0.04,-17.37,55.0,141,87,164,103,61,INF174KA1FF0
103034,SBI MNC FUND - Regular Plan - Growth,SBI Mutual Fund,Equity Scheme - Sectoral/ Thematic,Regular,396.648,01-Oct-2026,1.56,2.03,14.48,5.9,7.2,13.05,-0.05,-14.45,63.3,21,88,164,103,61,INF200K01271
117312,Taurus Banking & Financial Services Fund - Regular Plan - Growth,Taurus Mutual Fund,Equity Scheme - Sectoral/ Thematic,Regular,50.13,01-Oct-2026,2.08,2.54,-5.42,5.88,7.36,15.46,-0.04,-17.33,51.7,132,89,164,103,61,INF044D01BI4
118879,Taurus Infrastructure Fund - Direct Plan - Growth,Taurus Mutual Fund,Equity Scheme - Sectoral/ Thematic,Direct,62.94,01-Oct-2026,1.63,2.05,-12.63,5.84,9.25,17.27,-0.04,-24.92,53.3,157,92,158,102,61,INF044D01CD3
134017,LIC MF Banking and Financial Services Fund - Direct Plan - Growth,LIC Mutual Fund,Equity Scheme - Sectoral/ Thematic,Direct,22.8045,01-Oct-2026,1.02,1.65,-2.02,5.83,8.81,16.63,-0.04,-14.86,50.0,112,93,158,102,61,INF767K01NK6
146643,SBI Equity Minimum Variance Fund - Direct Plan - Growth,SBI Mutual Fund,Equity Scheme - Sectoral/ Thematic,Direct,22.851,01-Oct-2026,0.36,0.53,-5.5,5.69,7.15,13.67,-0.06,-19.55,53.3,130,94,158,102,61,INF200KA1A71
151457,HDFC MNC Fund - Regular Plan - Growth Option,HDFC Mutual Fund,Equity Scheme - Sectoral/ Thematic,Regular,13.452,01-Oct-2026,2.09,2.91,0.11,5.44,,15.63,-0.07,-24.44,66.7,90,90,164,103,43,INF179KC1FF3
146644,SBI Equity Minimum Variance Fund - Regular Plan - Growth,SBI Mutual Fund,Equity Scheme - Sectoral/ Thematic,Regular,22.242,01-Oct-2026,0.65,0.87,-5.82,5.34,6.8,13.66,-0.08,-19.66,53.3,136,91,164,103,61,INF200KA1A48
105417,Taurus Infrastructure Fund - Regular Plan - Growth,Taurus Mutual Fund,Equity Scheme - Sectoral/ Thematic,Regular,58.27,01-Oct-2026,2.06,2.52,-13.12,5.32,8.74,17.27,-0.07,-25.07,53.3,161,92,164,103,61,INF044D01906
147371,QUANTUM ESG BEST IN CLASS STRATEGY FUND - Regular Plan - Growth Option,Quantum Mutual Fund,Equity Scheme - Sectoral/ Thematic,Regular,21.9,01-Oct-2026,1.85,2.26,-7.09,5.16,5.15,14.32,-0.09,-20.66,55.0,139,93,164,103,61,INF082J01390
119646,Aditya Birla Sun Life MNC Fund - Direct Plan - GROWTH,Aditya Birla Sun Life Mutual Fund,Equity Scheme - Sectoral/ Thematic,Direct,1365.3,01-Oct-2026,1.13,1.47,-9.74,4.98,4.8,14.99,-0.1,-21.72,51.7,153,95,158,102,61,INF209K01VT3
150537,TATA HOUSING OPPORTUNITIES FUND - Regular Plan - Growth Option,Tata Mutual Fund,Equity Scheme - Sectoral/ Thematic,Regular,14.1025,01-Oct-2026,2.09,2.65,-4.54,4.9,,17.13,-0.09,-25.38,56.2,126,94,164,103,49,INF277KA1521
120594,ICICI Prudential Technology Fund - Direct Plan - Growth,ICICI Prudential Mutual Fund,Equity Scheme - Sectoral/ Thematic,Direct,191.4,01-Oct-2026,0.9,1.21,-9.4,4.74,2.56,19.59,-0.09,-25.85,53.3,152,96,158,102,61,INF109K01Z48
134016,LIC MF Banking and Financial Services Fund - Regular Plan - Growth,LIC Mutual Fund,Equity Scheme - Sectoral/ Thematic,Regular,19.9005,01-Oct-2026,2.1,2.86,-3.24,4.33,7.36,16.62,-0.13,-15.28,48.3,119,95,164,103,61,INF767K01NH2
100064,Aditya Birla Sun Life MNC Fund - Regular Plan - GROWTH,Aditya Birla Sun Life Mutual Fund,Equity Scheme - Sectoral/ Thematic,Regular,1216.84,01-Oct-2026,1.67,2.1,-10.35,4.25,4.05,14.98,-0.15,-22.15,51.7,157,96,164,103,61,INF209K01322
120575,SBI CONSUMPTION OPPORTUNITIES FUND - Direct Plan - Growth,SBI Mutual Fund,Equity Scheme - Sectoral/ Thematic,Direct,306.5443,01-Oct-2026,0.82,1.15,-12.4,4.04,10.61,15.06,-0.16,-25.22,61.7,156,97,158,102,61,INF200K01RM5
100363,ICICI Prudential Technology Fund - Regular Plan - Growth,ICICI Prudential Mutual Fund,Equity Scheme - Sectoral/ Thematic,Regular,170.67,01-Oct-2026,1.47,1.87,-10.05,3.96,1.65,19.58,-0.13,-26.53,51.7,154,97,164,103,61,INF109K01506
119172,Tata Ethical Fund - Direct Plan - Growth Option,Tata Mutual Fund,Equity Scheme - Sectoral/ Thematic,Direct,395.7253,01-Oct-2026,0.61,0.82,-7.88,3.72,5.43,14.25,-0.2,-21.42,56.7,145,98,158,102,61,INF277K01NG4
135800,Tata Digital India Fund - Direct Plan - Growth Option,Tata Mutual Fund,Equity Scheme - Sectoral/ Thematic,Direct,45.6817,01-Oct-2026,0.5,0.67,-12.24,3.58,2.27,20.18,-0.14,-29.69,51.7,155,99,158,102,61,INF277K01Z77
120539,Aditya Birla Sun Life Digital India Fund - Direct Plan - GROWTH,Aditya Birla Sun Life Mutual Fund,Equity Scheme - Sectoral/ Thematic,Direct,170.14,01-Oct-2026,0.78,1.07,-6.98,3.52,3.26,20.04,-0.15,-26.55,48.3,138,100,158,102,61,INF209K01VF2
152067,quant Teck Fund - Direct Plan - Growth Option,quant Mutual Fund,Equity Scheme - Sectoral/ Thematic,Direct,10.9592,01-Oct-2026,0.8,2.28,-6.19,3.06,,26.13,-0.13,-41.8,50.0,136,101,158,102,37,INF966L01CT6
120576,SBI CONSUMPTION OPPORTUNITIES FUND - Regular Plan - Growth,SBI Mutual Fund,Equity Scheme - Sectoral/ Thematic,Regular,265.3726,01-Oct-2026,1.7,2.17,-13.3,2.95,9.44,15.05,-0.24,-26.39,60.0,163,98,164,103,61,INF200K01VR6
100415,Tata Ethical Fund - Regular Plan - Growth Option,Tata Mutual Fund,Equity Scheme - Sectoral/ Thematic,Regular,341.543,01-Oct-2026,1.63,1.95,-8.99,2.45,4.14,14.24,-0.28,-22.87,55.0,150,99,164,103,61,INF277K01956
103168,Aditya Birla Sun Life Digital India Fund - Regular Plan - GROWTH,Aditya Birla Sun Life Mutual Fund,Equity Scheme - Sectoral/ Thematic,Regular,149.33,01-Oct-2026,1.63,2.05,-7.94,2.42,2.09,20.03,-0.2,-27.74,48.3,144,100,164,103,61,INF209K01140
135797,Tata Digital India Fund - Regular Plan - Growth Option,Tata Mutual Fund,Equity Scheme - Sectoral/ Thematic,Regular,38.6406,01-Oct-2026,1.5,1.75,-13.29,2.28,0.85,20.15,-0.21,-30.77,50.0,162,101,164,103,61,INF277K01Z44
152070,quant Teck Fund - Regular Plan - Growth Option,quant Mutual Fund,Equity Scheme - Sectoral/ Thematic,Regular,10.4405,01-Oct-2026,2.1,3.81,-7.64,1.43,,26.09,-0.19,-43.29,44.4,142,102,164,103,37,INF966L01CQ2
120587,ICICI Prudential FMCG Fund - Direct Plan - Growth,ICICI Prudential Mutual Fund,Equity Scheme - Sectoral/ Thematic,Direct,420.29,01-Oct-2026,1.18,1.69,-19.45,-4.38,3.42,13.66,-0.8,-29.09,63.3,158,102,158,102,61,INF109K01Z14
100352,ICICI Prudential FMCG Fund - Regular Plan - Growth,ICICI Prudential Mutual Fund,Equity Scheme - Sectoral/ Thematic,Regular,377.52,01-Oct-2026,1.81,2.42,-20.09,-5.19,2.55,13.65,-0.86,-30.27,63.3,164,103,164,103,61,INF109K01415
153124,Aditya Birla Sun Life Conglomerate Fund - Direct Plan - GROWTH,Aditya Birla Sun Life Mutual Fund,Equity Scheme - Sectoral/ Thematic,Direct,10.37,01-Oct-2026,0.69,1.05,-2.26,,,18.29,,-15.81,57.1,113,,158,,22,INF209KC1373
153127,Aditya Birla Sun Life Conglomerate Fund - Regular Plan - GROWTH,Aditya Birla Sun Life Mutual Fund,Equity Scheme - Sectoral/ Thematic,Regular,10.11,01-Oct-2026,1.81,2.32,-3.62,,,18.26,,-16.21,52.4,121,,164,,22,INF209KC1399
152684,Aditya Birla Sun Life Quant Fund - Direct Plan - GROWTH,Aditya Birla Sun Life Mutual Fund,Equity Scheme - Sectoral/ Thematic,Direct,9.88,01-Oct-2026,0.65,1.25,3.24,,,18.18,,-22.45,65.4,70,,158,,27,INF209KC1118
152686,Aditya Birla Sun Life Quant Fund - Regular Plan - GROWTH,Aditya Birla Sun Life Mutual Fund,Equity Scheme - Sectoral/ Thematic,Regular,9.57,01-Oct-2026,1.77,2.52,1.92,,,18.18,,-23.0,65.4,72,,164,,27,INF209KC1092
152158,Aditya Birla Sun Life Transportation and Logistics Fund - Direct Plan - GROWTH,Aditya Birla Sun Life Mutual Fund,Equity Scheme - Sectoral/ Thematic,Direct,17.08,01-Oct-2026,0.74,1.06,11.56,,,19.33,,-25.77,73.5,33,,158,,35,INF209KB15X7
152161,Aditya Birla Sun Life Transportation and Logistics Fund - Regular Plan - GROWTH,Aditya Birla Sun Life Mutual Fund,Equity Scheme - Sectoral/ Thematic,Regular,16.4,01-Oct-2026,1.79,2.24,10.14,,,19.31,,-26.25,73.5,34,,164,,35,INF209KB17X3
153937,Bajaj Finserv Banking and Financial Services Fund - Direct Plan - Growth,Bajaj Finserv Mutual Fund,Equity Scheme - Sectoral/ Thematic,Direct,9.428,01-Oct-2026,0.66,1.12,,,,,,,,,,,,10,INF0QA701BZ6
153935,Bajaj Finserv Banking and Financial Services Fund - Regular Plan - Growth,Bajaj Finserv Mutual Fund,Equity Scheme - Sectoral/ Thematic,Regular,9.299,01-Oct-2026,2.09,2.81,,,,,,,,,,,,10,INF0QA701BW3
153075,Bajaj Finserv Consumption Fund - Direct Plan - Growth,Bajaj Finserv Mutual Fund,Equity Scheme - Sectoral/ Thematic,Direct,9.031,01-Oct-2026,0.66,1.24,-7.3,,,18.15,,-19.49,57.1,140,,158,,22,INF0QA701946
153072,Bajaj Finserv Consumption Fund - Regular Plan - Growth,Bajaj Finserv Mutual Fund,Equity Scheme - Sectoral/ Thematic,Regular,8.763,01-Oct-2026,2.07,2.9,-8.79,,,18.11,,-21.1,57.1,148,,164,,22,INF0QA701979
153157,Bajaj Finserv Healthcare Fund - Direct Plan - Growth,Bajaj Finserv Mutual Fund,Equity Scheme - Sectoral/ Thematic,Direct,11.734,01-Oct-2026,0.66,0.9,22.48,,,17.08,,-15.39,61.9,5,,158,,22,INF0QA701AB9
153155,Bajaj Finserv Healthcare Fund - Regular Plan - Growth,Bajaj Finserv Mutual Fund,Equity Scheme - Sectoral/ Thematic,Regular,11.391,01-Oct-2026,2.09,2.59,20.46,,,17.05,,-15.63,61.9,6,,164,,22,INF0QA701987
154093,Bank of India Banking & Financial Services Fund - Direct Plan - Growth,Bank of India Mutual Fund,Equity Scheme - Sectoral/ Thematic,Direct,9.16,01-Oct-2026,1.17,1.68,,,,,,,,,,,,8,INF761K01HE4
154095,Bank of India Banking & Financial Services Fund - Regular Plan - Growth,Bank of India Mutual Fund,Equity Scheme - Sectoral/ Thematic,Regular,9.09,01-Oct-2026,2.1,2.77,,,,,,,,,,,,8,INF761K01HH7
152789,Bank of India Business Cycle Fund - Direct Plan - Growth,Bank of India Mutual Fund,Equity Scheme - Sectoral/ Thematic,Direct,9.64,01-Oct-2026,1.01,1.36,4.1,,,19.85,,-22.63,50.0,64,,158,,25,INF761K01GF3
152790,Bank of India Business Cycle Fund - Regular Plan - Growth,Bank of India Mutual Fund,Equity Scheme - Sectoral/ Thematic,Regular,9.39,01-Oct-2026,2.1,2.64,2.74,,,19.75,,-22.79,50.0,67,,164,,25,INF761K01GC0
153139,Bank of India Consumption Fund - Direct Plan - Growth,Bank of India Mutual Fund,Equity Scheme - Sectoral/ Thematic,Direct,10.69,01-Oct-2026,1.08,1.52,-3.26,,,16.76,,-14.71,57.1,119,,158,,22,INF761K01GI7
153140,Bank of India Consumption Fund - Regular Plan - Growth,Bank of India Mutual Fund,Equity Scheme - Sectoral/ Thematic,Regular,10.47,01-Oct-2026,2.1,2.72,-4.3,,,16.79,,-15.21,57.1,124,,164,,22,INF761K01GL1
153847,Baroda BNP Paribas Business Conglomerates Fund - Direct Plan - Growth Option,Baroda BNP Paribas Mutual Fund,Equity Scheme - Sectoral/ Thematic,Direct,9.4446,01-Oct-2026,0.72,0.93,-5.64,,,18.86,,-13.66,58.3,131,,158,,13,INF251K01VJ6
153844,Baroda BNP Paribas Business Conglomerates Fund - Regular Plan - Growth Option,Baroda BNP Paribas Mutual Fund,Equity Scheme - Sectoral/ Thematic,Regular,9.2861,01-Oct-2026,2.05,2.5,-7.18,,,18.84,,-14.01,58.3,140,,164,,13,INF251K01VG2
153225,Baroda BNP Paribas Energy Opportunities Fund - Direct Plan - Growth Option,Baroda BNP Paribas Mutual Fund,Equity Scheme - Sectoral/ Thematic,Direct,11.2513,01-Oct-2026,1.16,1.57,-1.43,,,16.59,,-10.58,47.4,106,,158,,20,INF251K01UJ8
153226,Baroda BNP Paribas Energy Opportunities Fund - Regular Plan - Growth Option,Baroda BNP Paribas Mutual Fund,Equity Scheme - Sectoral/ Thematic,Regular,10.9946,01-Oct-2026,2.05,2.62,-2.69,,,16.56,,-11.0,47.4,113,,164,,20,INF251K01UG4
154195,Baroda BNP Paribas ESG Best-in-Class Strategy Fund - Direct Plan - Growth Option,Baroda BNP Paribas Mutual Fund,Equity Scheme - Sectoral/ Thematic,Direct,9.8144,01-Oct-2026,0.75,1.18,,,,,,,,,,,,7,INF251K01VP3
154194,Baroda BNP Paribas ESG Best-in-Class Strategy Fund - Regular Plan - Growth Option,Baroda BNP Paribas Mutual Fund,Equity Scheme - Sectoral/ Thematic,Regular,9.72,01-Oct-2026,2.06,2.72,,,,,,,,,,,,7,INF251K01VM0
153604,Baroda BNP Paribas Health and Wellness Fund - Direct Plan - Growth Option,Baroda BNP Paribas Mutual Fund,Equity Scheme - Sectoral/ Thematic,Direct,10.6848,01-Oct-2026,1.04,1.51,12.51,,,13.41,,-9.46,57.1,31,,158,,15,INF251K01VA5
153602,Baroda BNP Paribas Health and Wellness Fund - Regular Plan - Growth Option,Baroda BNP Paribas Mutual Fund,Equity Scheme - Sectoral/ Thematic,Regular,10.4548,01-Oct-2026,2.09,2.74,10.62,,,13.39,,-10.28,57.1,33,,164,,15,INF251K01UY7
152470,Baroda BNP Paribas Innovation Fund - Direct Plan - Growth Option,Baroda BNP Paribas Mutual Fund,Equity Scheme - Sectoral/ Thematic,Direct,13.634,01-Oct-2026,0.89,1.33,9.87,,,17.31,,-20.26,66.7,38,,158,,31,INF251K01TE1
152472,Baroda BNP Paribas Innovation Fund - Regular Plan - Growth Option,Baroda BNP Paribas Mutual Fund,Equity Scheme - Sectoral/ Thematic,Regular,13.1382,01-Oct-2026,1.95,2.56,8.5,,,17.29,,-20.82,66.7,38,,164,,31,INF251K01TB7
152697,Baroda BNP Paribas Manufacturing Fund - Direct Plan - Growth Option,Baroda BNP Paribas Mutual Fund,Equity Scheme - Sectoral/ Thematic,Direct,10.7926,01-Oct-2026,1.01,1.31,9.56,,,17.38,,-21.55,53.8,40,,158,,27,INF251K01TP7
152696,Baroda BNP Paribas Manufacturing Fund - Regular Plan - Growth Option,Baroda BNP Paribas Mutual Fund,Equity Scheme - Sectoral/ Thematic,Regular,10.4654,01-Oct-2026,1.97,2.43,8.29,,,17.37,,-22.06,50.0,41,,164,,27,INF251K01TM4
152710,Edelweiss Business Cycle Fund - Direct Plan - Growth,Edelweiss Mutual Fund,Equity Scheme - Sectoral/ Thematic,Direct,9.0294,01-Oct-2026,0.58,1.32,2.49,,,18.94,,-26.01,65.4,77,,158,,27,INF754K01TA2
152724,Edelweiss Business Cycle Fund - Regular Plan - Growth,Edelweiss Mutual Fund,Equity Scheme - Sectoral/ Thematic,Regular,8.7228,01-Oct-2026,1.84,2.78,0.94,,,18.92,,-26.52,65.4,81,,164,,27,INF754K01SW8
153214,Edelweiss Consumption Fund - Direct Plan - Growth,Edelweiss Mutual Fund,Equity Scheme - Sectoral/ Thematic,Direct,10.5712,01-Oct-2026,0.7,0.95,-7.66,,,16.39,,-15.61,63.2,143,,158,,20,INF754K01TY2
153255,Edelweiss Consumption Fund - Regular Plan - Growth,Edelweiss Mutual Fund,Equity Scheme - Sectoral/ Thematic,Regular,10.2908,01-Oct-2026,2.1,2.58,-9.16,,,16.37,,-16.08,63.2,153,,164,,20,INF754K01UC6
154108,Edelweiss Financial Services Fund - Direct Plan - Growth,Edelweiss Mutual Fund,Equity Scheme - Sectoral/ Thematic,Direct,8.9597,01-Oct-2026,0.71,0.98,,,,,,,,,,,,8,INF754K01WH1
154107,Edelweiss Financial Services Fund - Regular Plan - Growth,Edelweiss Mutual Fund,Equity Scheme - Sectoral/ Thematic,Regular,8.8721,01-Oct-2026,2.1,2.59,,,,,,,,,,,,8,INF754K01WL3
152437,Edelweiss Technology Fund - Direct Plan - Growth,Edelweiss Mutual Fund,Equity Scheme - Sectoral/ Thematic,Direct,12.746,01-Oct-2026,0.65,0.8,6.9,,,18.03,,-15.64,56.7,50,,158,,31,INF754K01SK3
152439,Edelweiss Technology Fund - Regular Plan - Growth,Edelweiss Mutual Fund,Equity Scheme - Sectoral/ Thematic,Regular,12.1999,01-Oct-2026,2.02,2.39,5.15,,,18.0,,-16.13,56.7,52,,164,,31,INF754K01SG1
153942,Franklin India Multi-Factor Fund - Direct Plan - Growth,Franklin Templeton Mutual Fund,Equity Scheme - Sectoral/ Thematic,Direct,8.9513,01-Oct-2026,0.62,1.08,,,,,,,,,,,,11,INF090I01YQ1
153943,Franklin India Multi-Factor Fund - Regular Plan - Growth,Franklin Templeton Mutual Fund,Equity Scheme - Sectoral/ Thematic,Regular,8.8311,01-Oct-2026,2.07,2.74,,,,,,,,,,,,11,INF090I01YN8
153620,HDFC INNOVATION FUND - Direct Plan - GROWTH OPTION,HDFC Mutual Fund,Equity Scheme - Sectoral/ Thematic,Direct,11.597,01-Oct-2026,0.76,1.02,15.37,,,16.07,,-11.68,57.1,22,,158,,15,INF179KC1JO7
153619,HDFC INNOVATION FUND - Regular Plan - GROWTH OPTION,HDFC Mutual Fund,Equity Scheme - Sectoral/ Thematic,Regular,11.429,01-Oct-2026,1.67,2.09,14.0,,,16.06,,-12.05,57.1,23,,164,,15,INF179KC1JL3
152600,HDFC Manufacturing Fund - Direct Plan - Growth Option,HDFC Mutual Fund,Equity Scheme - Sectoral/ Thematic,Direct,11.742,01-Oct-2026,0.73,0.95,5.9,,,17.6,,-20.98,57.1,53,,158,,29,INF179KC1II1
152602,HDFC Manufacturing Fund - Regular Plan - Growth Option,HDFC Mutual Fund,Equity Scheme - Sectoral/ Thematic,Regular,11.443,01-Oct-2026,1.5,1.84,4.89,,,17.58,,-21.38,57.1,55,,164,,29,INF179KC1IF7
153684,ICICI Prudential Active Momentum Fund - Direct Plan - Growth,ICICI Prudential Mutual Fund,Equity Scheme - Sectoral/ Thematic,Direct,10.6,01-Oct-2026,0.82,1.87,5.79,,,14.98,,-10.0,64.3,54,,158,,15,INF109K1A385
153685,ICICI Prudential Active Momentum Fund - Regular Plan - Growth,ICICI Prudential Mutual Fund,Equity Scheme - Sectoral/ Thematic,Regular,10.46,01-Oct-2026,1.75,2.92,4.6,,,14.96,,-10.07,64.3,56,,164,,15,INF109K1A377
153867,ICICI Prudential Conglomerate Fund - Direct Plan - Growth,ICICI Prudential Mutual Fund,Equity Scheme - Sectoral/ Thematic,Direct,9.82,01-Oct-2026,1.1,1.39,-1.5,,,,,,,107,,158,,12,INF109K1A427
153865,ICICI Prudential Conglomerate Fund - Regular Plan - Growth,ICICI Prudential Mutual Fund,Equity Scheme - Sectoral/ Thematic,Regular,9.72,01-Oct-2026,2.02,2.43,-2.41,,,,,,,110,,164,,12,INF109K1A393
152728,ICICI PRUDENTIAL ENERGY OPPORTUNITIES FUND - Direct Plan - Growth,ICICI Prudential Mutual Fund,Equity Scheme - Sectoral/ Thematic,Direct,11.4,01-Oct-2026,0.64,1.12,10.57,,,17.72,,-18.35,50.0,35,,158,,27,INF109KC12W6
152726,ICICI PRUDENTIAL ENERGY OPPORTUNITIES FUND - Regular Plan - Growth,ICICI Prudential Mutual Fund,Equity Scheme - Sectoral/ Thematic,Regular,11.11,01-Oct-2026,1.53,2.13,9.35,,,17.75,,-18.86,50.0,37,,164,,27,INF109KC15W9
153070,ICICI Prudential Equity Minimum Variance Fund - Direct Plan - Growth,ICICI Prudential Mutual Fund,Equity Scheme - Sectoral/ Thematic,Direct,10.15,01-Oct-2026,0.76,1.81,-3.7,,,14.71,,-13.09,66.7,121,,158,,22,INF109KC10Y6
153069,ICICI Prudential Equity Minimum Variance Fund - Regular Plan - Growth,ICICI Prudential Mutual Fund,Equity Scheme - Sectoral/ Thematic,Regular,9.93,01-Oct-2026,1.71,2.89,-4.89,,,14.64,,-13.27,61.9,129,,164,,22,INF109KC17X3
153458,ICICI Prudential Quality Fund - Direct Plan - Growth,ICICI Prudential Mutual Fund,Equity Scheme - Sectoral/ Thematic,Direct,10.39,01-Oct-2026,0.81,1.39,3.08,,,13.95,,-12.17,56.2,71,,158,,17,INF109K1A187
153459,ICICI Prudential Quality Fund - Regular Plan - Growth,ICICI Prudential Mutual Fund,Equity Scheme - Sectoral/ Thematic,Regular,10.23,01-Oct-2026,1.76,2.48,1.99,,,13.82,,-12.36,50.0,71,,164,,17,INF109K1A211
153184,ICICI Prudential Rural Opportunities Fund - Direct Plan - Growth,ICICI Prudential Mutual Fund,Equity Scheme - Sectoral/ Thematic,Direct,10.37,01-Oct-2026,0.87,1.24,-9.35,,,17.05,,-13.79,65.0,151,,158,,21,INF109KC12Z9
153181,ICICI Prudential Rural Opportunities Fund - Regular Plan - Growth,ICICI Prudential Mutual Fund,Equity Scheme - Sectoral/ Thematic,Regular,10.17,01-Oct-2026,1.77,2.25,-10.4,,,16.99,,-13.96,65.0,158,,164,,21,INF109KC19Y7
153260,ITI Bharat Consumption Fund - Direct Plan - Growth Option,ITI Mutual Fund,Equity Scheme - Sectoral/ Thematic,Direct,11.4133,01-Oct-2026,0.66,0.96,-1.16,,,15.8,,-15.33,72.2,103,,158,,19,INF00XX01DG1
153263,ITI Bharat Consumption Fund - Regular Plan - Growth Option,ITI Mutual Fund,Equity Scheme - Sectoral/ Thematic,Regular,11.1019,01-Oct-2026,2.1,2.57,-2.81,,,15.77,,-15.83,61.1,115,,164,,19,INF00XX01DD8
154157,ITI Business Cycle Fund - Direct Plan - Growth Option,ITI Mutual Fund,Equity Scheme - Sectoral/ Thematic,Direct,10.4422,01-Oct-2026,0.53,1.66,,,,,,,,,,,,7,INF00XX01DM9
154159,ITI Business Cycle Fund - Regular Plan - Growth Option,ITI Mutual Fund,Equity Scheme - Sectoral/ Thematic,Regular,10.337,01-Oct-2026,2.1,3.42,,,,,,,,,,,,7,INF00XX01DJ5
153753,Kotak Active Momentum Fund - Direct Plan - Growth Option,Kotak Mahindra Mutual Fund,Equity Scheme - Sectoral/ Thematic,Direct,10.55,01-Oct-2026,0.7,1.68,6.23,,,18.76,,-12.02,69.2,51,,158,,14,INF174KA1XA4
153756,Kotak Active Momentum Fund - Regular Plan - Growth,Kotak Mahindra Mutual Fund,Equity Scheme - Sectoral/ Thematic,Regular,10.392,01-Oct-2026,1.8,2.98,,,,,,,,,,,,2,INF174KA1XE6
152169,Kotak Consumption Fund - Direct Plan - Growth Option,Kotak Mahindra Mutual Fund,Equity Scheme - Sectoral/ Thematic,Direct,14.014,01-Oct-2026,0.56,0.87,-3.48,,,16.67,,-18.55,61.8,120,,158,,35,INF174KA1PP8
152170,Kotak Consumption Fund - Regular Plan - Growth Option,Kotak Mahindra Mutual Fund,Equity Scheme - Sectoral/ Thematic,Regular,13.394,01-Oct-2026,1.79,2.33,-4.92,,,16.64,,-19.08,61.8,130,,164,,35,INF174KA1PM5
153447,Kotak Energy Opportunities Fund - Direct Plan - Growth,Kotak Mahindra Mutual Fund,Equity Scheme - Sectoral/ Thematic,Direct,10.391,01-Oct-2026,0.84,1.11,1.64,,,17.08,,-8.98,43.8,83,,158,,17,INF174KA1VX0
153449,Kotak Energy Opportunities Fund - Regular Plan - Growth,Kotak Mahindra Mutual Fund,Equity Scheme - Sectoral/ Thematic,Regular,10.167,01-Oct-2026,2.1,2.6,0.11,,,17.07,,-9.11,37.5,91,,164,,17,INF174KA1WA6
152214,Kotak Healthcare Fund - Direct Plan - Growth Option,Kotak Mahindra Mutual Fund,Equity Scheme - Sectoral/ Thematic,Direct,17.604,01-Oct-2026,0.72,1.04,30.18,,,16.43,,-17.11,63.6,2,,158,,34,INF174KA1PZ7
152216,Kotak Healthcare Fund - Regular Plan - Growth Option,Kotak Mahindra Mutual Fund,Equity Scheme - Sectoral/ Thematic,Regular,16.819,01-Oct-2026,1.99,2.55,28.13,,,16.4,,-17.32,63.6,2,,164,,34,INF174KA1PW4
152910,Kotak MNC Fund - Direct Plan - Growth,Kotak Mahindra Mutual Fund,Equity Scheme - Sectoral/ Thematic,Direct,12.536,01-Oct-2026,0.57,0.91,19.1,,,18.03,,-15.13,69.6,14,,158,,24,INF174KA1TG9
152913,Kotak MNC Fund - Regular Plan - Growth,Kotak Mahindra Mutual Fund,Equity Scheme - Sectoral/ Thematic,Regular,12.195,01-Oct-2026,1.73,2.28,17.44,,,18.01,,-15.45,65.2,15,,164,,24,INF174KA1TJ3
153970,Kotak Rural Opportunities Fund - Direct Plan - Growth,Kotak Mahindra Mutual Fund,Equity Scheme - Sectoral/ Thematic,Direct,9.114,01-Oct-2026,0.73,0.92,,,,,,,,,,,,10,INF174KA1XW8
153969,Kotak Rural Opportunities Fund - Regular Plan - Growth,Kotak Mahindra Mutual Fund,Equity Scheme - Sectoral/ Thematic,Regular,8.995,01-Oct-2026,2.04,2.48,,,,,,,,,,,,10,INF174KA1XZ1
154149,Kotak Services Fund - Direct Plan - Growth,Kotak Mahindra Mutual Fund,Equity Scheme - Sectoral/ Thematic,Direct,9.99,01-Oct-2026,0.9,1.26,,,,,,,,,,,,7,INF174KA1YV8
154151,Kotak Services Fund - Regular Plan - Growth,Kotak Mahindra Mutual Fund,Equity Scheme - Sectoral/ Thematic,Regular,9.907,01-Oct-2026,2.04,2.62,,,,,,,,,,,,7,INF174KA1YY2
152702,Kotak Special Opportunities Fund - Direct Plan - Growth,Kotak Mahindra Mutual Fund,Equity Scheme - Sectoral/ Thematic,Direct,11.498,01-Oct-2026,0.7,1.01,18.15,,,20.32,,-21.79,65.4,17,,158,,27,INF174KA1SF3
152703,Kotak Special Opportunities Fund - Regular Plan - Growth,Kotak Mahindra Mutual Fund,Equity Scheme - Sectoral/ Thematic,Regular,11.148,01-Oct-2026,1.77,2.28,16.59,,,20.29,,-22.24,65.4,18,,164,,27,INF174KA1SC0
152462,Kotak Technology Fund - Direct Plan - Growth,Kotak Mahindra Mutual Fund,Equity Scheme - Sectoral/ Thematic,Direct,10.319,01-Oct-2026,0.88,1.12,-7.49,,,20.8,,-25.43,50.0,142,,158,,31,INF174KA1QZ5
152460,Kotak Technology Fund - Regular Plan - Growth,Kotak Mahindra Mutual Fund,Equity Scheme - Sectoral/ Thematic,Regular,9.939,01-Oct-2026,2.1,2.57,-8.83,,,20.78,,-27.4,50.0,149,,164,,31,INF174KA1QW2
153118,Kotak Transportation & Logistics Fund - Direct Plan - Growth,Kotak Mahindra Mutual Fund,Equity Scheme - Sectoral/ Thematic,Direct,12.02,01-Oct-2026,0.8,1.05,3.96,,,18.54,,-15.16,76.2,66,,158,,22,INF174KA1TS4
153116,Kotak Transportation & Logistics Fund - Regular Plan - Growth,Kotak Mahindra Mutual Fund,Equity Scheme - Sectoral/ Thematic,Regular,11.687,01-Oct-2026,2.08,2.57,2.36,,,18.52,,-15.48,71.4,70,,164,,22,INF174KA1TV8
153948,LIC MF Consumption Fund - Direct Plan - Growth,LIC Mutual Fund,Equity Scheme - Sectoral/ Thematic,Direct,9.2756,01-Oct-2026,0.77,1.21,,,,,,,,,,,,11,INF767K01SD0
153950,LIC MF Consumption Fund - Regular Plan - Growth,LIC Mutual Fund,Equity Scheme - Sectoral/ Thematic,Regular,9.153,01-Oct-2026,2.1,2.72,,,,,,,,,,,,11,INF767K01SA6
152920,LIC MF Manufacturing Fund - Direct Plan - Growth,LIC Mutual Fund,Equity Scheme - Sectoral/ Thematic,Direct,11.6153,01-Oct-2026,0.77,1.5,14.82,,,22.45,,-20.26,56.5,25,,158,,24,INF767K01RR2
152922,LIC MF Manufacturing Fund - Regular Plan - Growth,LIC Mutual Fund,Equity Scheme - Sectoral/ Thematic,Regular,11.2594,01-Oct-2026,2.02,2.87,13.18,,,22.42,,-20.61,56.5,26,,164,,24,INF767K01RO9
154244,LIC MF Technology Fund - Direct Plan - Growth,LIC Mutual Fund,Equity Scheme - Sectoral/ Thematic,Direct,10.8186,01-Oct-2026,0.62,1.09,,,,,,,,,,,,7,INF767K01SJ7
154247,LIC MF Technology Fund - Regular Plan - Growth,LIC Mutual Fund,Equity Scheme - Sectoral/ Thematic,Regular,10.7199,01-Oct-2026,2.1,2.83,,,,,,,,,,,,7,INF767K01SG3
153364,Motilal Oswal Active Momentum Fund - Direct Plan - Growth,Motilal Oswal Mutual Fund,Equity Scheme - Sectoral/ Thematic,Direct,14.3684,01-Oct-2026,1.75,3.2,28.2,,,19.91,,-14.65,61.1,3,,158,,19,INF247L01EP5
153365,Motilal Oswal Active Momentum Fund - Regular Plan - Growth,Motilal Oswal Mutual Fund,Equity Scheme - Sectoral/ Thematic,Regular,14.3458,01-Oct-2026,1.84,3.31,28.07,,,19.91,,-14.67,61.1,3,,164,,19,INF247L01ES9
152796,Motilal Oswal Business Cycle Fund,Motilal Oswal Mutual Fund,Equity Scheme - Sectoral/ Thematic,Regular,12.4714,01-Oct-2026,1.82,2.47,0.85,,,21.46,,-23.53,58.3,82,,164,,25,INF247L01DG6
152797,Motilal Oswal Business Cycle Fund,Motilal Oswal Mutual Fund,Equity Scheme - Sectoral/ Thematic,Regular,12.4707,01-Oct-2026,1.82,2.47,,,,,,,,,,,,2,INF247L01DH4
152794,Motilal Oswal Business Cycle Fund,Motilal Oswal Mutual Fund,Equity Scheme - Sectoral/ Thematic,Regular,12.1275,01-Oct-2026,1.82,2.47,-0.27,,,21.42,,-23.77,54.2,97,,164,,25,INF247L01DD3
152795,Motilal Oswal Business Cycle Fund,Motilal Oswal Mutual Fund,Equity Scheme - Sectoral/ Thematic,Regular,12.1276,01-Oct-2026,1.82,2.47,,,,,,,,,,,,2,INF247L01DE1
153913,Motilal Oswal Consumption Fund,Motilal Oswal Mutual Fund,Equity Scheme - Sectoral/ Thematic,Regular,11.0464,01-Oct-2026,1.88,2.33,11.12,,,,,,,31,,164,,12,INF247L01GA2
153914,Motilal Oswal Consumption Fund,Motilal Oswal Mutual Fund,Equity Scheme - Sectoral/ Thematic,Regular,11.0464,01-Oct-2026,1.88,2.33,,,,,,,,,,,,2,INF247L01GB0
153916,Motilal Oswal Consumption Fund - Regular Plan - Growth,Motilal Oswal Mutual Fund,Equity Scheme - Sectoral/ Thematic,Regular,10.8754,01-Oct-2026,1.88,2.33,9.43,,,,,,,36,,164,,12,INF247L01GD6
153915,Motilal Oswal Consumption Fund,Motilal Oswal Mutual Fund,Equity Scheme - Sectoral/ Thematic,Regular,10.8754,01-Oct-2026,1.88,2.33,,,,,,,,,,,,2,INF247L01GE4
152964,Motilal Oswal Digital India Fund - Direct Plan - Growth,Motilal Oswal Mutual Fund,Equity Scheme - Sectoral/ Thematic,Direct,10.6149,01-Oct-2026,0.74,1.06,5.13,,,24.7,,-29.33,63.6,58,,158,,23,INF247L01DN2
152965,Motilal Oswal Digital India Fund - Direct Plan - Growth,Motilal Oswal Mutual Fund,Equity Scheme - Sectoral/ Thematic,Direct,10.6146,01-Oct-2026,0.74,1.06,,,,,,,,,,,,2,INF247L01DO0
152967,Motilal Oswal Digital India Fund - Regular Plan - Growth,Motilal Oswal Mutual Fund,Equity Scheme - Sectoral/ Thematic,Regular,10.326,01-Oct-2026,1.93,2.34,,,,,,,,,,,,2,INF247L01DR3
152966,Motilal Oswal Digital India Fund - Regular Plan - Growth,Motilal Oswal Mutual Fund,Equity Scheme - Sectoral/ Thematic,Regular,10.3259,01-Oct-2026,1.93,2.34,3.68,,,24.67,,-29.66,63.6,60,,164,,23,INF247L01DQ5
154142,Motilal Oswal Financial Services Fund - Direct Plan - Growth,Motilal Oswal Mutual Fund,Equity Scheme - Sectoral/ Thematic,Direct,10.2996,01-Oct-2026,0.78,1.29,,,,,,,,,,,,8,INF247L01GN5
154137,Motilal Oswal Financial Services Fund - Regular Plan - Growth,Motilal Oswal Mutual Fund,Equity Scheme - Sectoral/ Thematic,Regular,10.2029,01-Oct-2026,2.1,2.66,,,,,,,,,,,,8,INF247L01GQ8
153484,Motilal Oswal Infrastructure Fund - Direct Plan - Growth,Motilal Oswal Mutual Fund,Equity Scheme - Sectoral/ Thematic,Direct,12.6018,01-Oct-2026,0.82,1.67,7.01,,,15.33,,-8.47,56.2,49,,158,,17,INF247L01EW1
153482,Motilal Oswal Infrastructure Fund - Regular Plan - Growth,Motilal Oswal Mutual Fund,Equity Scheme - Sectoral/ Thematic,Regular,12.4226,01-Oct-2026,2.1,3.01,5.52,,,15.37,,-8.87,43.8,51,,164,,17,INF247L01EZ4
153258,Motilal Oswal Innovation Opportunities Fund - Direct Plan - Growth,Motilal Oswal Mutual Fund,Equity Scheme - Sectoral/ Thematic,Direct,14.5132,01-Oct-2026,0.74,1.24,13.76,,,20.12,,-18.57,57.9,27,,158,,20,INF247L01EJ8
153256,Motilal Oswal Innovation Opportunities Fund - Regular Plan - Growth,Motilal Oswal Mutual Fund,Equity Scheme - Sectoral/ Thematic,Regular,14.1877,01-Oct-2026,1.98,2.55,12.12,,,20.11,,-19.08,57.9,27,,164,,20,INF247L01EM2
152762,Motilal Oswal Manufacturing Fund,Motilal Oswal Mutual Fund,Equity Scheme - Sectoral/ Thematic,Regular,11.5293,01-Oct-2026,2.05,3.29,,,,,,,,,,,,2,INF247L01DB7
152760,Motilal Oswal Manufacturing Fund,Motilal Oswal Mutual Fund,Equity Scheme - Sectoral/ Thematic,Regular,11.5299,01-Oct-2026,2.05,3.29,-1.21,,,23.53,,-24.59,64.0,102,,164,,26,INF247L01DA9
152761,Motilal Oswal Manufacturing Fund,Motilal Oswal Mutual Fund,Equity Scheme - Sectoral/ Thematic,Regular,11.1856,01-Oct-2026,2.05,3.29,,,,,,,,,,,,2,INF247L01CY1
152763,Motilal Oswal Manufacturing Fund,Motilal Oswal Mutual Fund,Equity Scheme - Sectoral/ Thematic,Regular,11.1858,01-Oct-2026,2.05,3.29,-2.55,,,23.5,,-24.76,64.0,111,,164,,26,INF247L01CX3
152694,Motilal Oswal Quant Fund - Direct Plan - GROWTH,Motilal Oswal Mutual Fund,Equity Scheme - Sectoral/ Thematic,Direct,9.5943,01-Oct-2026,0.71,1.83,-5.43,,,20.38,,-24.93,48.1,129,,158,,28,INF247L01CS3
152692,Motilal Oswal Quant Fund - Regular Plan - GROWTH,Motilal Oswal Mutual Fund,Equity Scheme - Sectoral/ Thematic,Regular,9.0536,01-Oct-2026,0.8,1.93,-5.53,,,20.38,,-25.02,48.1,133,,164,,28,INF247L01CP9
153558,Motilal Oswal Services Fund - Direct Plan - GROWTH,Motilal Oswal Mutual Fund,Equity Scheme - Sectoral/ Thematic,Direct,11.7002,01-Oct-2026,0.86,1.34,14.94,,,18.6,,-16.37,60.0,24,,158,,16,INF247L01FE6
153561,Motilal Oswal Services Fund - Regular Plan - GROWTH,Motilal Oswal Mutual Fund,Equity Scheme - Sectoral/ Thematic,Regular,11.5399,01-Oct-2026,2.1,2.63,13.4,,,18.6,,-16.71,60.0,24,,164,,16,INF247L01FG1
153749,Motilal Oswal Special Opportunities Fund - Direct Plan - Growth,Motilal Oswal Mutual Fund,Equity Scheme - Sectoral/ Thematic,Direct,12.3566,01-Oct-2026,2.0,2.93,21.6,,,20.95,,-13.17,69.2,6,,158,,14,INF247L01FS6
153751,Motilal Oswal Special Opportunities Fund - Regular Plan - Growth,Motilal Oswal Mutual Fund,Equity Scheme - Sectoral/ Thematic,Regular,12.3415,01-Oct-2026,2.1,3.05,21.46,,,20.94,,-13.2,69.2,5,,164,,14,INF247L01FV0
152255,quant Commodities Fund - Direct Plan - Growth Option,quant Mutual Fund,Equity Scheme - Sectoral/ Thematic,Direct,14.3605,01-Oct-2026,0.85,1.78,9.41,,,23.97,,-24.04,54.5,41,,158,,34,INF966L01DF3
152256,quant Commodities Fund - Regular Plan - Growth Option,quant Mutual Fund,Equity Scheme - Sectoral/ Thematic,Regular,13.7761,01-Oct-2026,2.1,3.26,7.82,,,23.93,,-24.51,51.5,43,,164,,34,INF966L01DC0
152336,quant Consumption Fund - Direct Plan - Growth Option,quant Mutual Fund,Equity Scheme - Sectoral/ Thematic,Direct,10.1683,01-Oct-2026,0.83,1.73,2.53,,,17.37,,-29.93,40.6,76,,158,,33,INF966L01DN7
152338,quant Consumption Fund - Regular Plan - Growth Option,quant Mutual Fund,Equity Scheme - Sectoral/ Thematic,Regular,9.7562,01-Oct-2026,2.1,3.23,1.0,,,17.34,,-31.67,37.5,79,,164,,33,INF966L01DI7
152189,quant Momentum Fund - Direct Plan - Growth Option,quant Mutual Fund,Equity Scheme - Sectoral/ Thematic,Direct,15.1471,01-Oct-2026,0.85,1.88,7.71,,,19.73,,-22.26,61.8,44,,158,,35,INF966L01CZ3
152190,quant Momentum Fund - Regular Plan - Growth Option,quant Mutual Fund,Equity Scheme - Sectoral/ Thematic,Regular,14.6052,01-Oct-2026,1.86,3.07,6.44,,,19.69,,-22.83,61.8,46,,164,,35,INF966L01CW0
152415,quant PSU Fund - Direct Plan - Growth Option,quant Mutual Fund,Equity Scheme - Sectoral/ Thematic,Direct,10.2898,01-Oct-2026,0.96,2.22,-0.5,,,24.7,,-30.58,41.9,100,,158,,32,INF966L01DT4
152413,quant PSU Fund - Regular Plan - Growth Option,quant Mutual Fund,Equity Scheme - Sectoral/ Thematic,Regular,9.9188,01-Oct-2026,2.1,3.56,-1.85,,,24.66,,-31.24,38.7,106,,164,,32,INF966L01DQ0
153094,Quantum Ethical Fund - Direct Plan - Growth Option,Quantum Mutual Fund,Equity Scheme - Sectoral/ Thematic,Direct,9.71,01-Oct-2026,0.64,0.85,-1.12,,,16.4,,-14.79,52.4,102,,158,,22,INF082J01473
153095,Quantum Ethical Fund - Regular Plan - Growth Option,Quantum Mutual Fund,Equity Scheme - Sectoral/ Thematic,Regular,9.47,01-Oct-2026,1.85,2.28,-2.57,,,16.41,,-15.69,47.6,112,,164,,22,INF082J01481
152657,SBI Automotive Opportunities Fund - Direct Plan - Growth,SBI Mutual Fund,Equity Scheme - Sectoral/ Thematic,Direct,13.0047,01-Oct-2026,0.71,1.01,21.13,,,20.22,,-25.32,70.4,9,,158,,28,INF200KB1183
152658,SBI Automotive Opportunities Fund - Regular Plan - Growth,SBI Mutual Fund,Equity Scheme - Sectoral/ Thematic,Regular,12.6758,01-Oct-2026,1.57,2.0,19.91,,,20.21,,-25.69,70.4,9,,164,,28,INF200KB1159
152417,SBI Energy Opportunities Fund - Direct Plan - Growth,SBI Mutual Fund,Equity Scheme - Sectoral/ Thematic,Direct,10.7486,01-Oct-2026,0.71,0.91,1.0,,,20.58,,-27.36,56.7,91,,158,,31,INF200KB1126
152418,SBI Energy Opportunities Fund - Regular Plan - Growth,SBI Mutual Fund,Equity Scheme - Sectoral/ Thematic,Regular,10.4551,01-Oct-2026,1.53,1.86,0.02,,,20.56,,-27.7,56.7,93,,164,,31,INF200KB1092
152776,SBI Innovative Opportunities Fund - Direct Plan - Growth,SBI Mutual Fund,Equity Scheme - Sectoral/ Thematic,Direct,10.4454,01-Oct-2026,0.76,1.05,7.07,,,17.98,,-19.12,68.0,48,,158,,26,INF200KB1324
152774,SBI Innovative Opportunities Fund - Regular Plan - Growth,SBI Mutual Fund,Equity Scheme - Sectoral/ Thematic,Regular,10.2101,01-Oct-2026,1.6,2.03,6.03,,,17.96,,-20.44,64.0,50,,164,,26,INF200KB1290
154177,SBI Quality Fund - Direct Plan - Growth,SBI Mutual Fund,Equity Scheme - Sectoral/ Thematic,Direct,10.4628,01-Oct-2026,0.76,1.28,,,,,,,,,,,,8,INF200KB1AG6
154175,SBI Quality Fund - Regular Plan - Growth,SBI Mutual Fund,Equity Scheme - Sectoral/ Thematic,Regular,10.3895,01-Oct-2026,1.69,2.35,,,,,,,,,,,,8,INF200KB1AD3
153154,SBI Quant Fund - Direct Plan - Growth,SBI Mutual Fund,Equity Scheme - Sectoral/ Thematic,Direct,9.0211,01-Oct-2026,0.82,1.63,-5.67,,,17.85,,-14.1,57.1,132,,158,,22,INF200KB1506
153153,SBI Quant Fund - Regular Plan - Growth,SBI Mutual Fund,Equity Scheme - Sectoral/ Thematic,Regular,8.8435,01-Oct-2026,1.7,2.65,-6.69,,,17.83,,-14.62,57.1,137,,164,,22,INF200KB1472
153076,Shriram Multi Sector Rotation Fund - Direct Plan - Growth,Shriram Mutual Fund,Equity Scheme - Sectoral/ Thematic,Direct,7.8156,01-Oct-2026,0.6,1.02,0.83,,,22.2,,-29.57,52.4,95,,158,,22,INF680P01455
153077,Shriram Multi Sector Rotation Fund - Regular Plan - Growth,Shriram Mutual Fund,Equity Scheme - Sectoral/ Thematic,Regular,7.5775,01-Oct-2026,2.1,2.75,-0.85,,,22.16,,-31.05,52.4,100,,164,,22,INF680P01463
152677,Sundaram Business Cycle Fund - Direct Plan - GROWTH,Sundaram Mutual Fund,Equity Scheme - Sectoral/ Thematic,Direct,11.2188,01-Oct-2026,0.5,1.15,0.9,,,17.0,,-18.34,59.3,92,,158,,28,INF903JA1LQ6
152678,Sundaram Business Cycle Fund - Regular Plan - GROWTH,Sundaram Mutual Fund,Equity Scheme - Sectoral/ Thematic,Regular,10.8317,01-Oct-2026,1.79,2.6,-0.59,,,16.97,,-18.84,59.3,99,,164,,28,INF903JA1LN3
153669,Sundaram Multi-Factor Fund - Direct Plan - GROWTH,Sundaram Mutual Fund,Equity Scheme - Sectoral/ Thematic,Direct,9.3656,01-Oct-2026,0.7,1.79,-6.24,,,16.66,,-13.68,64.3,137,,158,,15,INF903JA1LV6
153667,Sundaram Multi-Factor Fund - Regular Plan - GROWTH,Sundaram Mutual Fund,Equity Scheme - Sectoral/ Thematic,Regular,9.1896,01-Oct-2026,2.01,3.26,-7.7,,,16.63,,-14.02,64.3,143,,164,,15,INF903JA1LY0
153055,Tata India Innovation Fund - Direct Plan - Growth Option,Tata Mutual Fund,Equity Scheme - Sectoral/ Thematic,Direct,9.9253,01-Oct-2026,0.65,0.97,1.28,,,17.02,,-15.83,47.6,89,,158,,22,INF277KA1CU2
153059,Tata India Innovation Fund - Regular Plan - Growth Option,Tata Mutual Fund,Equity Scheme - Sectoral/ Thematic,Regular,9.6549,01-Oct-2026,1.85,2.37,-0.19,,,17.0,,-17.08,47.6,96,,164,,22,INF277KA1CR8
147864,Tata Quant Fund - Direct Plan - Growth Option,Tata Mutual Fund,Equity Scheme - Sectoral/ Thematic,Direct,0.0,01-Apr-2025,,,,,,13.85,,-19.19,61.0,,,,,42,INF277K013Y6
147867,Tata Quant Fund - Regular Plan - Growth Option,Tata Mutual Fund,Equity Scheme - Sectoral/ Thematic,Regular,0.0,01-Apr-2025,,,,,,13.84,,-19.69,56.1,,,,,42,INF277K016Y9
153895,THE WEALTH COMPANY ETHICAL FUND - Direct Plan - Growth,The Wealth Company Mutual Fund,Equity Scheme - Sectoral/ Thematic,Direct,9.4093,01-Oct-2026,0.61,1.17,-5.72,,,,,,,133,,158,,12,INF2F0001214
153897,THE WEALTH COMPANY ETHICAL FUND - Regular Plan - Growth,The Wealth Company Mutual Fund,Equity Scheme - Sectoral/ Thematic,Regular,9.2713,01-Oct-2026,2.01,2.78,-7.01,,,,,,,138,,164,,12,INF2F0001248
153109,Union Active Momentum Fund - Direct Plan - Growth Option,Union Mutual Fund,Equity Scheme - Sectoral/ Thematic,Direct,10.12,01-Oct-2026,0.91,2.61,19.91,,,23.49,,-25.05,52.4,13,,158,,22,INF582M01KG9
153111,Union Active Momentum Fund - Regular Plan - Growth Option,Union Mutual Fund,Equity Scheme - Sectoral/ Thematic,Regular,9.88,01-Oct-2026,2.08,3.99,18.18,,,23.46,,-25.17,52.4,13,,164,,22,INF582M01KC8
152409,Union Business Cycle Fund - Direct Plan - Growth Option,Union Mutual Fund,Equity Scheme - Sectoral/ Thematic,Direct,11.64,01-Oct-2026,1.03,1.86,2.74,,,16.27,,-18.9,63.3,75,,158,,31,INF582M01JQ0
152411,Union Business Cycle Fund - Regular Plan - Growth Option,Union Mutual Fund,Equity Scheme - Sectoral/ Thematic,Regular,11.25,01-Oct-2026,2.09,3.11,1.53,,,16.24,,-19.38,63.3,75,,164,,31,INF582M01JM9
154020,Union Consumption Fund - Direct Plan - Growth Option,Union Mutual Fund,Equity Scheme - Sectoral/ Thematic,Direct,9.37,01-Oct-2026,0.94,1.41,,,,,,,,,,,,10,INF582M01MH3
154022,Union Consumption Fund - Regular Plan - Growth Option,Union Mutual Fund,Equity Scheme - Sectoral/ Thematic,Regular,9.28,01-Oct-2026,2.1,2.78,,,,,,,,,,,,10,INF582M01MD2
147946,BANDHAN Small Cap Fund - Direct Plan - Growth,Bandhan Mutual Fund,Equity Scheme - Small Cap Fund,Direct,56.085,01-Oct-2026,0.37,0.61,11.45,23.22,19.27,18.67,0.9,-21.26,53.3,13,1,22,17,61,INF194KB1AL4
147919,ITI Small Cap Fund - Direct Plan - Growth Option,ITI Mutual Fund,Equity Scheme - Small Cap Fund,Direct,37.3545,01-Oct-2026,0.45,0.86,20.61,23.17,18.08,18.33,0.91,-20.93,66.1,5,2,22,17,60,INF00XX01747
145678,BANK OF INDIA SMALL CAP FUND - Direct Plan - Growth,Bank of India Mutual Fund,Equity Scheme - Small Cap Fund,Direct,66.33,01-Oct-2026,0.42,0.73,30.49,21.67,20.11,19.27,0.79,-24.48,63.3,2,3,22,17,61,INF761K01EP7
147944,BANDHAN Small Cap Fund - Regular Plan - Growth,Bandhan Mutual Fund,Equity Scheme - Small Cap Fund,Regular,50.665,01-Oct-2026,1.32,1.72,10.13,21.61,17.58,18.64,0.81,-21.68,53.3,13,1,22,17,61,INF194KB1AJ8
147920,ITI Small Cap Fund - Regular Plan - Growth Option,ITI Mutual Fund,Equity Scheme - Small Cap Fund,Regular,33.0666,01-Oct-2026,1.64,2.22,18.87,21.27,16.06,18.31,0.81,-21.88,66.1,5,2,22,17,60,INF00XX01713
145677,BANK OF INDIA SMALL CAP FUND - Regular Plan - Growth,Bank of India Mutual Fund,Equity Scheme - Small Cap Fund,Regular,58.46,01-Oct-2026,1.64,2.17,28.65,19.91,18.3,19.24,0.7,-24.95,63.3,2,3,22,17,61,INF761K01ER3
152004,LIC MF Small Cap Fund - Direct Plan - Growth,LIC Mutual Fund,Equity Scheme - Small Cap Fund,Direct,39.279,01-Oct-2026,0.8,1.32,16.53,17.65,,21.3,0.52,-24.73,60.5,9,4,22,17,39,INF397L01JS1
119212,DSP Small Cap Fund - Direct Plan - Growth,DSP Mutual Fund,Equity Scheme - Small Cap Fund,Direct,250.328,01-Oct-2026,0.65,0.81,18.35,16.97,17.36,19.02,0.55,-21.63,61.7,6,5,22,17,61,INF740K01QD1
120828,Quant Small Cap Fund - Direct Plan - Growth Option,quant Mutual Fund,Equity Scheme - Small Cap Fund,Direct,313.6754,01-Oct-2026,0.62,0.93,15.13,16.97,18.68,18.73,0.56,-23.57,63.3,10,6,22,17,61,INF966L01689
129649,Union Small Cap Fund - Direct Plan - Growth Option,Union Mutual Fund,Equity Scheme - Small Cap Fund,Direct,65.34,01-Oct-2026,0.77,1.09,22.15,16.49,16.8,17.86,0.56,-23.38,65.0,3,7,22,17,61,INF582M01BU9
152003,LIC MF Small Cap Fund - Regular Plan - Growth,LIC Mutual Fund,Equity Scheme - Small Cap Fund,Regular,34.5244,01-Oct-2026,1.99,2.65,14.96,16.21,,21.29,0.46,-24.9,60.5,9,4,22,17,39,INF397L01JW3
105989,DSP Small Cap Fund - Regular Plan - Growth,DSP Mutual Fund,Equity Scheme - Small Cap Fund,Regular,225.376,01-Oct-2026,1.4,1.7,17.29,15.93,16.32,19.01,0.5,-21.92,60.0,6,5,22,17,61,INF740K01797
100177,Quant Small Cap Fund - Regular Plan - Growth Option,quant Mutual Fund,Equity Scheme - Small Cap Fund,Regular,285.7581,01-Oct-2026,1.32,1.75,14.15,15.92,17.35,18.72,0.5,-23.87,63.3,10,6,22,17,61,INF966L01AA0
119589,Sundaram Small Cap Fund - Direct Plan - GROWTH,Sundaram Mutual Fund,Equity Scheme - Small Cap Fund,Direct,322.6033,01-Oct-2026,0.73,0.98,14.24,15.55,15.84,17.58,0.51,-22.32,56.7,12,8,22,17,61,INF903J01NK9
149019,PGIM India Small Cap Fund - Direct Plan - Direct Growth,PGIM India Mutual Fund,Equity Scheme - Small Cap Fund,Direct,19.62,01-Oct-2026,0.57,0.94,14.27,15.51,12.79,16.96,0.53,-19.73,60.0,11,9,22,17,61,INF663L01W06
129647,Union Small Cap Fund - Regular Plan - Growth Option,Union Mutual Fund,Equity Scheme - Small Cap Fund,Regular,58.39,01-Oct-2026,1.69,2.18,20.82,15.15,15.53,17.83,0.49,-23.76,63.3,3,7,22,17,61,INF582M01BY1
119556,Aditya Birla Sun Life Small Cap Fund - Direct Plan - GROWTH,Aditya Birla Sun Life Mutual Fund,Equity Scheme - Small Cap Fund,Direct,111.8012,01-Oct-2026,0.76,1.07,18.13,14.6,13.25,18.22,0.44,-24.95,56.7,7,10,22,17,61,INF209K01WN4
146196,Edelweiss Small Cap Fund - Direct Plan - Growth,Edelweiss Mutual Fund,Equity Scheme - Small Cap Fund,Direct,51.391,01-Oct-2026,0.42,0.65,7.58,14.31,16.14,16.87,0.46,-20.9,63.3,17,11,22,17,61,INF754K01JN6
100795,Sundaram Small Cap Fund - Regular Plan - GROWTH,Sundaram Mutual Fund,Equity Scheme - Small Cap Fund,Regular,287.6619,01-Oct-2026,1.63,2.01,13.01,14.3,14.55,17.56,0.44,-22.67,55.0,11,8,22,17,61,INF903J01470
118778,Nippon India Small Cap Fund - Direct Plan - Growth Option,Nippon India Mutual Fund,Equity Scheme - Small Cap Fund,Direct,202.2936,01-Oct-2026,0.52,0.69,8.73,14.29,18.1,17.6,0.44,-23.18,60.0,16,12,22,17,61,INF204K01K15
149020,PGIM India Small Cap Fund - Regular Plan - Regular Growth,PGIM India Mutual Fund,Equity Scheme - Small Cap Fund,Regular,18.01,01-Oct-2026,1.79,2.38,12.56,13.77,10.95,16.96,0.43,-20.19,60.0,12,9,22,17,61,INF663L01W30
105804,Aditya Birla Sun Life Small Cap Fund - Regular Plan - GROWTH,Aditya Birla Sun Life Mutual Fund,Equity Scheme - Small Cap Fund,Regular,97.3016,01-Oct-2026,1.57,2.01,17.0,13.46,12.1,18.21,0.38,-25.24,55.0,7,10,22,17,61,INF209K01EN2
113177,Nippon India Small Cap Fund - Regular Plan - Growth Option,Nippon India Mutual Fund,Equity Scheme - Small Cap Fund,Regular,178.9402,01-Oct-2026,1.13,1.4,7.94,13.42,17.15,17.59,0.39,-23.42,60.0,14,11,22,17,61,INF204K01HY3
146193,Edelweiss Small Cap Fund - Regular Plan - Growth,Edelweiss Mutual Fund,Equity Scheme - Small Cap Fund,Regular,45.737,01-Oct-2026,1.54,1.97,6.14,12.7,14.4,16.85,0.37,-21.37,61.7,17,12,22,17,61,INF754K01JJ4
118525,Franklin India Small Cap Fund - Direct Plan - Growth,Franklin Templeton Mutual Fund,Equity Scheme - Small Cap Fund,Direct,196.6439,01-Oct-2026,0.76,1.05,5.26,11.72,15.09,17.71,0.29,-22.83,61.7,20,13,22,17,61,INF090I01IQ4
145206,Tata Small Cap Fund - Direct Plan - Growth Option,Tata Mutual Fund,Equity Scheme - Small Cap Fund,Direct,44.5263,01-Oct-2026,0.41,0.51,0.29,11.66,15.14,17.31,0.3,-29.14,63.3,21,14,22,17,61,INF277K011O1
120164,Kotak Small Cap Fund - Direct Plan - Growth,Kotak Mahindra Mutual Fund,Equity Scheme - Small Cap Fund,Direct,317.69,01-Oct-2026,0.51,0.65,6.39,11.65,12.18,16.98,0.3,-23.91,56.7,18,15,22,17,61,INF174K01KT2
103360,Franklin India Small Cap Fund - Regular Plan - Growth,Franklin Templeton Mutual Fund,Equity Scheme - Small Cap Fund,Regular,172.0507,01-Oct-2026,1.46,1.86,4.42,10.81,14.13,17.7,0.24,-23.14,61.7,20,13,22,17,61,INF090I01569
125497,SBI SMALL CAP FUND - Direct Plan - Growth,SBI Mutual Fund,Equity Scheme - Small Cap Fund,Direct,205.754,01-Oct-2026,0.61,0.8,6.12,10.8,13.31,15.53,0.28,-21.78,60.0,19,16,22,17,61,INF200K01T51
102875,Kotak Small Cap Fund - Regular Plan - Growth,Kotak Mahindra Mutual Fund,Equity Scheme - Small Cap Fund,Regular,267.171,01-Oct-2026,1.42,1.73,5.22,10.38,10.82,16.97,0.23,-24.45,56.7,19,14,22,17,61,INF174K01211
145208,Tata Small Cap Fund - Regular Plan - Growth Option,Tata Mutual Fund,Equity Scheme - Small Cap Fund,Regular,39.0404,01-Oct-2026,1.46,1.69,-0.99,10.16,13.39,17.29,0.21,-30.55,61.7,21,15,22,17,61,INF277K015O2
125494,SBI SMALL CAP FUND - Regular Plan - Growth,SBI Mutual Fund,Equity Scheme - Small Cap Fund,Regular,178.047,01-Oct-2026,1.29,1.59,5.27,9.84,12.24,15.51,0.22,-22.07,58.3,18,16,22,17,61,INF200K01T28
130503,HDFC Small Cap Fund - Direct Plan - Growth Option,HDFC Mutual Fund,Equity Scheme - Small Cap Fund,Direct,155.006,01-Oct-2026,0.64,0.79,-2.55,9.7,13.96,16.53,0.19,-19.53,61.7,22,17,22,17,61,INF179KA1RW5
130502,HDFC Small Cap Fund - Regular Plan - Growth Option,HDFC Mutual Fund,Equity Scheme - Small Cap Fund,Regular,134.978,01-Oct-2026,1.29,1.56,-3.36,8.75,12.93,16.52,0.14,-19.86,58.3,22,17,22,17,61,INF179KA1RZ8
154215,Abakkus Small Cap Fund - Direct Plan - Growth,Abakkus Mutual Fund,Equity Scheme - Small Cap Fund,Direct,12.218,01-Oct-2026,0.49,1.25,,,,,,,,,,,,7,INF2JJD01177
154214,Abakkus Small Cap Fund - Regular Plan - Growth,Abakkus Mutual Fund,Equity Scheme - Small Cap Fund,Regular,12.129,01-Oct-2026,1.66,2.58,,,,,,,,,,,,7,INF2JJD01185
153612,Bajaj Finserv Small Cap Fund - Direct Plan - Growth,Bajaj Finserv Mutual Fund,Equity Scheme - Small Cap Fund,Direct,11.135,01-Oct-2026,0.52,0.96,17.63,,,23.32,,-14.55,57.1,8,,22,,15,INF0QA701BN2
153609,Bajaj Finserv Small Cap Fund - Regular Plan - Growth,Bajaj Finserv Mutual Fund,Equity Scheme - Small Cap Fund,Regular,10.934,01-Oct-2026,1.69,2.34,15.9,,,23.29,,-15.07,57.1,8,,22,,15,INF0QA701BK8
152128,Baroda BNP Paribas Small Cap Fund - Direct Plan - Growth Option,Baroda BNP Paribas Mutual Fund,Equity Scheme - Small Cap Fund,Direct,14.3024,01-Oct-2026,0.79,1.21,8.97,,,18.38,,-24.47,52.9,14,,22,,35,INF251K01SR5
152130,Baroda BNP Paribas Small Cap Fund - Regular Plan - Growth Option,Baroda BNP Paribas Mutual Fund,Equity Scheme - Small Cap Fund,Regular,13.7345,01-Oct-2026,1.85,2.45,7.62,,,18.34,,-24.85,52.9,15,,22,,35,INF251K01SO2
152237,Motilal Oswal Small Cap Fund - Direct Plan - Growth,Motilal Oswal Mutual Fund,Equity Scheme - Small Cap Fund,Direct,17.1644,01-Oct-2026,0.55,0.85,22.02,,,20.77,,-20.82,63.6,4,,22,,34,INF247L01BY3
152232,Motilal Oswal Small Cap Fund - Regular Plan - Growth,Motilal Oswal Mutual Fund,Equity Scheme - Small Cap Fund,Regular,16.5522,01-Oct-2026,1.52,1.92,20.63,,,20.75,,-21.0,63.6,4,,22,,34,INF247L01BV9
152107,QUANTUM SMALL CAP FUND - Direct Plan - Growth Option,Quantum Mutual Fund,Equity Scheme - Small Cap Fund,Direct,13.8,01-Oct-2026,0.59,0.83,8.75,,,16.68,,-16.64,58.8,15,,22,,35,INF082J01432
152108,QUANTUM SMALL CAP FUND - Regular Plan - Growth Option,Quantum Mutual Fund,Equity Scheme - Small Cap Fund,Regular,13.21,01-Oct-2026,1.84,2.31,7.14,,,16.65,,-17.25,58.8,16,,22,,35,INF082J01440
119588,Sundaram Small Cap Fund - Direct Plan - GROWTH,Sundaram Mutual Fund,Equity Scheme - Small Cap Fund,Direct,39.7585,01-Oct-2026,0.73,0.98,,,,,,,,,,,,2,INF903J01NI3
154269,The Wealth Company Small Cap Fund - Direct Plan - Growth,The Wealth Company Mutual Fund,Equity Scheme - Small Cap Fund,Direct,11.6278,01-Oct-2026,0.34,2.05,,,,,,,,,,,,7,INF2F0001537
154268,The Wealth Company Small Cap Fund - Regular Plan - Growth,The Wealth Company Mutual Fund,Equity Scheme - Small Cap Fund,Regular,11.5139,01-Oct-2026,2.1,3.98,,,,,,,,,,,,7,INF2F0001503
152939,TRUSTMF SMALL CAP FUND - Direct Plan - Growth,Trust Mutual Fund,Equity Scheme - Small Cap Fund,Direct,13.65,01-Oct-2026,0.45,1.54,31.25,,,24.06,,-21.78,54.5,1,,22,,23,INF0GCD01800
152940,TRUSTMF SMALL CAP FUND - Regular Plan - Growth,Trust Mutual Fund,Equity Scheme - Small Cap Fund,Regular,13.23,01-Oct-2026,1.64,2.89,29.2,,,24.03,,-22.03,54.5,1,,22,,23,INF0GCD01776
149335,Quant Value Fund - Direct Plan - Growth Option,quant Mutual Fund,Equity Scheme - Value Fund,Direct,23.0374,01-Oct-2026,0.46,0.91,13.19,19.32,,20.38,0.63,-23.65,61.4,2,1,14,14,58,INF966L01AN3
149337,Quant Value Fund - Regular Plan - Growth Option,quant Mutual Fund,Equity Scheme - Value Fund,Regular,21.2869,01-Oct-2026,1.77,2.46,11.46,17.51,,20.36,0.54,-24.35,61.4,2,1,16,16,58,INF966L01AQ6
152018,LIC MF Value Fund - Direct Plan - Growth,LIC Mutual Fund,Equity Scheme - Value Fund,Direct,30.8724,01-Oct-2026,0.86,1.86,21.2,16.83,,18.17,0.57,-22.49,68.4,1,2,14,14,39,INF397L01KU5
152016,LIC MF Value Fund - Regular Plan - Growth,LIC Mutual Fund,Equity Scheme - Value Fund,Regular,28.2579,01-Oct-2026,2.1,3.3,19.64,15.49,,18.16,0.5,-22.86,68.4,1,2,16,16,39,INF397L01KQ3
148595,DSP Value Fund - Direct Plan - Growth,DSP Mutual Fund,Equity Scheme - Value Fund,Direct,23.715,01-Oct-2026,1.0,1.55,3.92,15.4,12.2,11.58,0.77,-12.7,64.9,4,3,14,14,58,INF740KA1PP3
118935,HDFC Value Fund - Direct Plan - Growth Option,HDFC Mutual Fund,Equity Scheme - Value Fund,Direct,856.713,01-Oct-2026,0.87,1.11,4.83,14.76,13.03,14.69,0.56,-17.33,61.7,3,4,14,14,61,INF179K01VC4
148594,DSP Value Fund - Regular Plan - Growth,DSP Mutual Fund,Equity Scheme - Value Fund,Regular,22.667,01-Oct-2026,1.73,2.41,3.06,14.49,11.33,11.59,0.69,-13.02,64.9,6,3,16,16,58,INF740KA1PM0
101764,HDFC Value Fund - Regular Plan - Growth Option,HDFC Mutual Fund,Equity Scheme - Value Fund,Regular,759.549,01-Oct-2026,1.53,1.88,3.98,13.81,12.06,14.68,0.5,-17.61,61.7,5,4,16,16,61,INF179K01426
119659,Aditya Birla Sun Life Value Fund,Aditya Birla Sun Life Mutual Fund,Equity Scheme - Value Fund,Regular,149.7205,01-Oct-2026,1.55,2.0,9.59,12.74,13.33,17.48,0.36,-21.82,65.0,3,5,16,16,61,INF209K01WQ7
118784,Nippon India Value Fund - Direct Plan - Growth Option,Nippon India Mutual Fund,Equity Scheme - Value Fund,Direct,231.4486,01-Oct-2026,0.9,1.28,-5.42,12.0,12.23,15.3,0.36,-16.61,60.0,10,5,14,14,61,INF204K01K49
108167,Aditya Birla Sun Life Value Fund - Regular Plan - GROWTH,Aditya Birla Sun Life Mutual Fund,Equity Scheme - Value Fund,Regular,131.6621,01-Oct-2026,1.55,2.0,8.68,11.79,12.35,17.47,0.3,-22.09,65.0,4,6,16,16,61,INF209K01LF3
119231,Tata Value Fund - Direct Plan - Growth Option,Tata Mutual Fund,Equity Scheme - Value Fund,Direct,382.1491,01-Oct-2026,0.69,1.07,-0.72,11.55,12.45,14.41,0.35,-20.37,60.0,6,6,14,14,61,INF277K01ND1
103085,Nippon India Value Fund - Regular Plan - Growth Option,Nippon India Mutual Fund,Equity Scheme - Value Fund,Regular,209.5536,01-Oct-2026,1.52,2.0,-6.11,11.2,11.43,15.29,0.31,-16.85,60.0,12,7,16,16,61,INF204K01GB3
148972,ITI Value Fund - Direct Plan - Growth Option,ITI Mutual Fund,Equity Scheme - Value Fund,Direct,17.8945,01-Oct-2026,0.6,1.42,1.01,11.13,11.07,16.51,0.28,-21.12,59.3,5,7,14,14,60,INF00XX01AQ6
145473,Union Value Fund - Direct Plan - Growth Option,Union Mutual Fund,Equity Scheme - Value Fund,Direct,29.28,01-Oct-2026,1.08,1.51,-1.15,10.81,11.36,14.06,0.31,-16.95,60.0,7,8,14,14,61,INF582M01EK4
101672,Tata Value Fund - Regular Plan - Growth Option,Tata Mutual Fund,Equity Scheme - Value Fund,Regular,335.385,01-Oct-2026,1.51,2.0,-1.68,10.46,11.34,14.4,0.28,-20.69,60.0,8,8,16,16,61,INF277K01451
120323,ICICI Prudential Value Fund (erstwhile Value Discovery Fund) - Direct Plan - Growth,ICICI Prudential Mutual Fund,Equity Scheme - Value Fund,Direct,478.79,01-Oct-2026,0.8,1.09,-6.8,10.19,12.68,12.26,0.3,-12.73,61.7,12,9,14,14,61,INF109K012K1
102594,ICICI Prudential Value Fund (erstwhile Value Discovery Fund) - Regular Plan - Growth,ICICI Prudential Mutual Fund,Equity Scheme - Value Fund,Regular,433.14,01-Oct-2026,1.2,1.56,-7.25,9.62,12.08,12.25,0.25,-12.91,60.0,13,9,16,16,61,INF109K01AF8
145471,Union Value Fund - Regular Plan - Growth Option,Union Mutual Fund,Equity Scheme - Value Fund,Regular,27.19,01-Oct-2026,2.1,2.71,-2.3,9.55,10.2,14.04,0.22,-17.37,60.0,9,10,16,16,61,INF582M01EO6
148973,ITI Value Fund - Regular Plan - Growth Option,ITI Mutual Fund,Equity Scheme - Value Fund,Regular,16.1254,01-Oct-2026,2.1,3.11,-0.75,9.13,8.93,16.48,0.16,-21.96,55.9,7,11,16,16,60,INF00XX01AN3
118481,Bandhan Value Fund - Direct Plan - Growth,Bandhan Mutual Fund,Equity Scheme - Value Fund,Direct,161.844,01-Oct-2026,0.62,0.98,-1.86,9.1,12.12,14.07,0.18,-16.56,66.7,8,10,14,14,61,INF194K01Z85
103490,Quantum Value Fund - Direct Plan - Growth Option,Quantum Mutual Fund,Equity Scheme - Value Fund,Direct,117.53,01-Oct-2026,0.92,1.14,-8.62,8.1,8.58,13.15,0.12,-14.96,56.7,14,11,14,14,61,INF082J01036
108909,Bandhan Value Fund - Regular Plan - Growth,Bandhan Mutual Fund,Equity Scheme - Value Fund,Regular,140.928,01-Oct-2026,1.51,2.02,-2.89,7.94,10.92,14.05,0.1,-16.93,66.7,10,12,16,16,61,INF194K01342
151755,Baroda BNP Paribas Value Fund - Direct Plan - Growth Option,Baroda BNP Paribas Mutual Fund,Equity Scheme - Value Fund,Direct,13.5935,01-Oct-2026,1.02,1.33,-2.9,7.82,,15.24,0.09,-19.27,61.5,9,12,14,14,40,INF251K01SD5
118494,Templeton India Value Fund - Direct Plan - Growth,Franklin Templeton Mutual Fund,Equity Scheme - Value Fund,Direct,733.6893,01-Oct-2026,0.81,1.11,-6.45,7.8,11.7,14.2,0.09,-16.98,61.7,11,13,14,14,61,INF090I01GY2
141068,Quantum Value Fund - Regular Plan - Growth Option,Quantum Mutual Fund,Equity Scheme - Value Fund,Regular,111.18,01-Oct-2026,1.79,2.17,-9.55,7.07,7.73,13.15,0.04,-16.19,56.7,16,13,16,16,61,INF082J01242
100496,Templeton India Value Fund - Regular Plan - Growth,Franklin Templeton Mutual Fund,Equity Scheme - Value Fund,Regular,648.8413,01-Oct-2026,1.78,2.24,-7.5,6.55,10.43,14.18,0.0,-17.39,60.0,14,14,16,16,61,INF090I01296
151747,Baroda BNP Paribas Value Fund - Regular Plan - Growth Option,Baroda BNP Paribas Mutual Fund,Equity Scheme - Value Fund,Regular,13.0306,01-Oct-2026,1.92,2.4,-3.94,6.5,,15.18,0.0,-19.7,61.5,11,15,16,16,40,INF251K01SA1
119549,Sundaram Value Fund - Direct Plan - GROWTH,Sundaram Mutual Fund,Equity Scheme - Value Fund,Direct,213.0597,01-Oct-2026,1.41,1.78,-7.55,5.46,6.96,13.56,-0.08,-14.78,56.7,13,14,14,14,61,INF903J01NN3
101853,Sundaram Value Fund - Regular Plan - GROWTH,Sundaram Mutual Fund,Equity Scheme - Value Fund,Regular,199.8438,01-Oct-2026,1.87,2.31,-8.04,4.89,6.36,13.56,-0.12,-14.97,55.0,15,16,16,16,61,INF903J01538
120348,Invesco India Contra Fund - Direct Plan - Growth,Invesco Mutual Fund,Equity Schemes - Contra Fund,Direct,151.48,01-Oct-2026,0.49,0.78,-2.59,12.79,12.02,14.98,0.42,-17.51,63.3,1,1,1,1,61,INF205K01LE4
105460,Invesco India Contra Fund - Regular Plan - Growth,Invesco Mutual Fund,Equity Schemes - Contra Fund,Regular,127.54,01-Oct-2026,1.42,1.87,-3.66,11.53,10.73,14.96,0.34,-17.88,63.3,1,1,1,1,61,INF205K01189
154600,Bandhan Contra Fund - Direct Plan - Growth,Bandhan Mutual Fund,Equity Schemes - Contra Fund,Direct,9.5459,01-Oct-2026,0.42,,,,,,,,,,,,,1,INF194KB1KX8
154598,Bandhan Contra Fund - Regular Plan - Growth,Bandhan Mutual Fund,Equity Schemes - Contra Fund,Regular,9.5314,01-Oct-2026,1.79,,,,,,,,,,,,,1,INF194KB1KU4
120494,JM ELSS - Tax Saver Fund - Direct Plan - Growth Option,JM Financial Mutual Fund,Equity Schemes - ELSS- Tax Saver Fund,Direct,58.4582,01-Oct-2026,0.93,1.35,6.49,15.26,13.14,15.65,0.56,-19.65,61.7,1,1,21,20,61,INF192K01CE3
150587,WhiteOak Capital ELSS Tax Saver Fund - Direct Plan - Growth Option,WhiteOak Capital Mutual Fund,Equity Schemes - ELSS- Tax Saver Fund,Direct,18.415,01-Oct-2026,0.64,0.87,2.32,14.99,,14.38,0.59,-15.69,70.2,6,2,21,20,48,INF03VN01621
151078,HSBC ELSS Tax saver Fund - Direct Plan - Growth,HSBC Mutual Fund,Equity Schemes - ELSS- Tax Saver Fund,Direct,149.3456,01-Oct-2026,0.97,1.22,2.75,14.73,,15.49,0.53,-17.75,71.7,2,3,21,20,47,INF917K01GP0
151076,HSBC ELSS Tax saver Fund - Regular Plan - Growth,HSBC Mutual Fund,Equity Schemes - ELSS- Tax Saver Fund,Regular,135.7805,01-Oct-2026,1.63,2.0,1.96,13.85,,15.48,0.47,-18.02,71.7,2,1,22,21,47,INF677K01064
107288,JM ELSS - Tax Saver Fund - Regular Plan - Growth Option,JM Financial Mutual Fund,Equity Schemes - ELSS- Tax Saver Fund,Regular,50.3751,01-Oct-2026,2.1,2.69,5.08,13.82,11.88,15.63,0.47,-20.02,60.0,1,2,22,21,61,INF192K01650
150589,WhiteOak Capital ELSS Tax Saver Fund - Regular Plan - Growth Option,WhiteOak Capital Mutual Fund,Equity Schemes - ELSS- Tax Saver Fund,Regular,17.211,01-Oct-2026,2.1,2.59,0.61,13.1,,14.38,0.46,-16.16,68.1,7,3,22,21,48,INF03VN01647
118620,Edelweiss ELSS Tax Saver Fund - Direct Plan - Growth,Edelweiss Mutual Fund,Equity Schemes - ELSS- Tax Saver Fund,Direct,130.92,01-Oct-2026,0.69,0.93,1.95,12.03,10.92,14.7,0.38,-17.4,65.0,8,4,21,20,61,INF754K01CA8
119242,DSP ELSS Tax Saver Fund - Direct Plan - Growth,DSP Mutual Fund,Equity Schemes - ELSS- Tax Saver Fund,Direct,146.249,01-Oct-2026,0.68,0.92,-4.13,11.46,10.88,14.63,0.34,-15.59,63.3,16,5,21,20,61,INF740K01OK1
119060,HDFC ELSS - Tax Saver Fund - Direct Plan - Growth Option,HDFC Mutual Fund,Equity Schemes - ELSS- Tax Saver Fund,Direct,1405.488,01-Oct-2026,0.97,1.21,-7.77,11.33,12.93,13.09,0.37,-14.23,63.3,21,6,21,20,61,INF179K01YS4
120416,Invesco India ELSS Tax Saver Fund - Direct Plan - Growth,Invesco Mutual Fund,Equity Schemes - ELSS- Tax Saver Fund,Direct,144.85,01-Oct-2026,0.75,1.2,-1.41,11.26,9.11,15.64,0.3,-19.55,61.7,10,7,21,20,61,INF205K01NT8
132756,Tata ELSS - Tax Saver Fund - Direct Plan - Growth Option,Tata Mutual Fund,Equity Schemes - ELSS- Tax Saver Fund,Direct,51.46,01-Oct-2026,0.68,0.88,2.57,11.21,11.14,14.91,0.32,-17.54,63.3,3,8,21,20,61,INF277K01I86
119351,BANK OF INDIA ELSS TAX SAVER FUND - Direct Plan - Growth,Bank of India Mutual Fund,Equity Schemes - ELSS- Tax Saver Fund,Direct,187.62,01-Oct-2026,0.79,1.1,2.37,11.02,10.84,16.21,0.28,-23.27,55.0,4,9,21,20,61,INF761K01884
118803,Nippon India ELSS Tax Saver Fund - Direct Plan - Growth Option,Nippon India Mutual Fund,Equity Schemes - ELSS- Tax Saver Fund,Direct,137.6665,01-Oct-2026,0.88,1.13,-1.43,10.91,10.9,14.33,0.31,-18.63,65.0,11,10,21,20,61,INF204K01L55
101979,HDFC ELSS - Tax Saver Fund - Regular Plan - Growth Option,HDFC Mutual Fund,Equity Schemes - ELSS- Tax Saver Fund,Regular,1292.179,01-Oct-2026,1.45,1.77,-8.31,10.65,12.24,13.08,0.32,-14.41,63.3,21,4,22,21,61,INF179K01BB8
135781,Mirae Asset ELSS Tax Saver Fund - Direct Plan - Growth,Mirae Asset Mutual Fund,Equity Schemes - ELSS- Tax Saver Fund,Direct,54.041,01-Oct-2026,0.59,1.03,-1.56,10.64,9.84,14.41,0.29,-16.19,65.0,12,11,21,20,61,INF769K01DM9
104772,DSP ELSS Tax Saver Fund - Regular Plan - Growth,DSP Mutual Fund,Equity Schemes - ELSS- Tax Saver Fund,Regular,130.23,01-Oct-2026,1.45,1.81,-5.02,10.43,9.84,14.62,0.27,-15.91,61.7,17,5,22,21,61,INF740K01185
111638,Edelweiss ELSS Tax Saver Fund - Regular Plan - Growth,Edelweiss Mutual Fund,Equity Schemes - ELSS- Tax Saver Fund,Regular,108.55,01-Oct-2026,2.1,2.57,0.3,10.2,9.09,14.68,0.25,-17.95,61.7,9,6,22,21,61,INF754K01517
118285,Canara Robeco ELSS - Tax Saver Fund - Direct Plan - GROWTH OPTION,Canara Robeco Mutual Fund,Equity Schemes - ELSS- Tax Saver Fund,Direct,190.92,01-Oct-2026,0.55,0.7,-1.72,10.19,9.2,13.94,0.26,-17.35,61.7,13,12,21,20,61,INF760K01EL8
103196,Nippon India ELSS Tax Saver Fund - Regular Plan - Growth Option,Nippon India Mutual Fund,Equity Schemes - ELSS- Tax Saver Fund,Regular,124.4087,01-Oct-2026,1.46,1.8,-2.1,10.16,10.14,14.33,0.26,-18.85,65.0,11,7,22,21,61,INF204K01GK4
111709,BANK OF INDIA ELSS TAX SAVER FUND - Growth,Bank of India Mutual Fund,Equity Schemes - ELSS- Tax Saver Fund,Regular,172.44,01-Oct-2026,1.83,2.33,1.48,10.07,9.89,16.2,0.22,-23.67,55.0,3,8,22,21,61,INF761K01157
104636,Invesco India ELSS Tax Saver Fund - Regular Plan - Growth,Invesco Mutual Fund,Equity Schemes - ELSS- Tax Saver Fund,Regular,120.84,01-Oct-2026,1.7,2.29,-2.49,9.99,7.83,15.63,0.22,-20.9,60.0,12,9,22,21,61,INF205K01270
132757,Tata ELSS - Tax Saver Fund - Regular Plan - Growth Option,Tata Mutual Fund,Equity Schemes - ELSS- Tax Saver Fund,Regular,44.3688,01-Oct-2026,1.61,1.94,1.45,9.98,9.87,14.9,0.23,-17.92,63.3,4,10,22,21,61,INF277K01I52
120592,ICICI Prudential ELSS - Tax Saver Fund - Direct Plan - Growth,ICICI Prudential Mutual Fund,Equity Schemes - ELSS- Tax Saver Fund,Direct,992.78,01-Oct-2026,0.96,1.22,-4.17,9.88,8.97,13.43,0.25,-16.11,58.3,17,13,21,20,61,INF109K01Y31
111710,BANK OF INDIA ELSS TAX SAVER FUND - Regular Plan - Growth,Bank of India Mutual Fund,Equity Schemes - ELSS- Tax Saver Fund,Regular,158.86,01-Oct-2026,1.83,2.33,1.17,9.77,9.59,16.19,0.2,-23.77,55.0,5,11,22,21,61,INF761K01181
135784,Mirae Asset ELSS Tax Saver Fund - Regular Plan - Growth,Mirae Asset Mutual Fund,Equity Schemes - ELSS- Tax Saver Fund,Regular,47.217,01-Oct-2026,1.38,1.96,-2.51,9.58,8.7,14.4,0.21,-16.53,61.7,13,12,22,21,61,INF769K01DK3
120503,Axis ELSS- Tax Saver Fund - Direct Plan - Growth Option,Axis Mutual Fund,Equity Schemes - ELSS- Tax Saver Fund,Direct,104.808,01-Oct-2026,0.74,1.06,-2.33,9.3,4.81,15.49,0.18,-22.32,56.7,14,14,21,20,61,INF846K01EW2
100354,ICICI Prudential ELSS - Tax Saver Fund - Regular Plan - Growth,ICICI Prudential Mutual Fund,Equity Schemes - ELSS- Tax Saver Fund,Regular,887.86,01-Oct-2026,1.46,1.79,-4.75,9.19,8.27,13.43,0.2,-16.33,56.7,16,13,22,21,61,INF109K01464
111722,Canara Robeco ELSS - Tax Saver Fund - Regular Plan - GROWTH OPTION,Canara Robeco Mutual Fund,Equity Schemes - ELSS- Tax Saver Fund,Regular,168.53,01-Oct-2026,1.53,1.85,-2.84,8.93,7.89,13.93,0.17,-17.73,60.0,14,14,22,21,61,INF760K01100
120270,LIC MF ELSS Tax Saver Fund - Direct Plan - Growth,LIC Mutual Fund,Equity Schemes - ELSS- Tax Saver Fund,Direct,163.7136,01-Oct-2026,0.9,1.29,-4.92,8.72,8.28,14.1,0.16,-16.48,58.3,18,15,21,20,61,INF767K01EM1
151611,NJ ELSS Tax Saver Fund - Direct Plan - Growth Option,NJ Mutual Fund,Equity Schemes - ELSS- Tax Saver Fund,Direct,14.2,01-Oct-2026,0.59,0.79,-3.34,8.56,,15.9,0.13,-21.93,64.1,15,16,21,20,40,INF0J8L01115
112323,Axis ELSS- Tax Saver Fund - Regular Plan - Growth Option,Axis Mutual Fund,Equity Schemes - ELSS- Tax Saver Fund,Regular,92.0006,01-Oct-2026,1.35,1.77,-3.04,8.5,4.02,15.48,0.13,-22.81,53.3,15,15,22,21,61,INF846K01131
118473,BANDHAN ELSS - Tax Saver Fund - Direct Plan - Growth,Bandhan Mutual Fund,Equity Schemes - ELSS- Tax Saver Fund,Direct,171.563,01-Oct-2026,0.63,0.95,-0.54,8.44,10.57,13.77,0.14,-16.35,63.3,9,17,21,20,61,INF194K01Y29
141808,Groww ELSS Tax Saver Fund - Direct Plan - Growth,Groww Mutual Fund,Equity Schemes - ELSS- Tax Saver Fund,Direct,20.63,01-Oct-2026,0.83,1.5,-7.7,7.75,7.56,14.53,0.09,-19.08,61.7,20,18,21,20,61,INF666M01DK7
100865,LIC MF ELSS Tax Saver Fund - Regular Plan - Growth,LIC Mutual Fund,Equity Schemes - ELSS- Tax Saver Fund,Regular,141.3983,01-Oct-2026,1.93,2.44,-6.03,7.43,7.04,14.09,0.07,-17.94,58.3,19,16,22,21,61,INF767K01956
111569,BANDHAN ELSS - Tax Saver Fund - Regular Plan - Growth,Bandhan Mutual Fund,Equity Schemes - ELSS- Tax Saver Fund,Regular,147.425,01-Oct-2026,1.56,2.03,-1.62,7.25,9.32,13.76,0.05,-16.72,61.7,10,17,22,21,61,INF194K01292
139781,Mahindra Manulife ELSS Tax Saver Fund - Direct Plan - Growth,Mahindra Manulife Mutual Fund,Equity Schemes - ELSS- Tax Saver Fund,Direct,30.8076,01-Oct-2026,0.71,1.07,-6.78,6.67,8.33,13.85,0.01,-15.57,60.0,19,19,21,20,61,INF174V01093
151609,NJ ELSS Tax Saver Fund - Regular Plan - Growth Option,NJ Mutual Fund,Equity Schemes - ELSS- Tax Saver Fund,Regular,13.39,01-Oct-2026,2.08,2.55,-5.04,6.64,,15.87,0.01,-22.63,64.1,18,18,22,21,40,INF0J8L01099
141862,Groww ELSS Tax Saver Fund - Regular Plan - Growth,Groww Mutual Fund,Equity Schemes - ELSS- Tax Saver Fund,Regular,17.86,01-Oct-2026,2.08,2.9,-9.06,6.08,5.84,14.54,-0.03,-19.66,60.0,22,19,22,21,61,INF666M01DN1
139783,Mahindra Manulife ELSS Tax Saver Fund - Regular Plan - Growth,Mahindra Manulife Mutual Fund,Equity Schemes - ELSS- Tax Saver Fund,Regular,25.7937,01-Oct-2026,1.99,2.52,-8.17,5.03,6.6,13.83,-0.11,-16.11,58.3,20,20,22,21,61,INF174V01077
150838,Samco ELSS Tax Saver Fund - Direct Plan - Growth,Samco Mutual Fund,Equity Schemes - ELSS- Tax Saver Fund,Direct,13.59,01-Oct-2026,0.91,2.11,2.33,3.52,,17.94,-0.17,-27.68,60.0,5,20,21,20,46,INF0K1H01065
150839,Samco ELSS Tax Saver Fund - Regular Plan - Growth,Samco Mutual Fund,Equity Schemes - ELSS- Tax Saver Fund,Regular,12.88,01-Oct-2026,2.1,3.42,0.94,2.1,,17.91,-0.25,-28.24,60.0,6,21,22,21,46,INF0K1H01057
153201,Bajaj Finserv ELSS - Tax Saver Fund - Direct Plan - Growth,Bajaj Finserv Mutual Fund,Equity Schemes - ELSS- Tax Saver Fund,Direct,11.314,01-Oct-2026,0.67,1.26,2.23,,,17.36,,-13.29,57.9,7,,21,,20,INF0QA701AK0
153202,Bajaj Finserv ELSS - Tax Saver Fund - Regular Plan - Growth,Bajaj Finserv Mutual Fund,Equity Schemes - ELSS- Tax Saver Fund,Regular,10.989,01-Oct-2026,2.1,2.95,0.5,,,17.32,,-13.9,57.9,8,,22,,20,INF0QA701AI4
151796,360 ONE Flexicap Fund - Direct Plan - GROWTH Option,360 ONE Mutual Fund,Equity Schemes - Flexi Cap Fund,Direct,16.6934,01-Oct-2026,0.5,0.92,8.87,16.26,,15.48,0.63,-16.29,71.1,1,1,14,12,39,INF579M01AS1
149763,Invesco India Flexi Cap Fund - Direct Plan - Growth,Invesco Mutual Fund,Equity Schemes - Flexi Cap Fund,Direct,19.82,01-Oct-2026,0.53,0.86,-0.35,16.15,,16.19,0.6,-18.24,69.1,9,2,14,12,56,INF205KA1494
148990,ICICI Prudential Flexi Cap fund - Direct Plan - Growth,ICICI Prudential Mutual Fund,Equity Schemes - Flexi Cap Fund,Direct,20.78,01-Oct-2026,0.65,0.88,2.77,14.7,14.11,14.11,0.58,-18.81,63.3,4,3,14,12,61,INF109KC1R14
120046,HSBC Flexi Cap Fund - Direct Plan - Growth,HSBC Mutual Fund,Equity Schemes - Flexi Cap Fund,Direct,253.9975,01-Oct-2026,0.91,1.31,5.13,14.57,12.51,15.86,0.51,-19.31,61.7,2,4,14,12,61,INF336L01DH5
149766,Invesco India Flexi Cap Fund - Regular Plan - Growth,Invesco Mutual Fund,Equity Schemes - Flexi Cap Fund,Regular,18.49,01-Oct-2026,1.59,2.08,-1.65,14.55,,16.17,0.5,-18.6,69.1,9,1,13,12,56,INF205KA1460
151799,360 ONE Flexicap Fund - Regular Plan - GROWTH Option,360 ONE Mutual Fund,Equity Schemes - Flexi Cap Fund,Regular,15.8711,01-Oct-2026,1.73,2.38,7.26,14.46,,15.46,0.51,-17.87,71.1,1,2,13,12,39,INF579M01AP7
102252,HSBC Flexi Cap Fund - Regular Plan - Growth,HSBC Mutual Fund,Equity Schemes - Flexi Cap Fund,Regular,225.6331,01-Oct-2026,1.58,2.1,4.32,13.7,11.53,15.85,0.45,-19.57,61.7,2,3,13,12,61,INF336L01AF5
148989,ICICI Prudential Flexi Cap fund - Regular Plan - Growth,ICICI Prudential Mutual Fund,Equity Schemes - Flexi Cap Fund,Regular,19.6,01-Oct-2026,1.38,1.73,1.87,13.66,12.87,14.1,0.51,-19.13,63.3,4,4,13,12,61,INF109KC1Q80
150346,WhiteOak Capital Flexi Cap Fund - Direct Plan - Growth Option,WhiteOak Capital Mutual Fund,Equity Schemes - Flexi Cap Fund,Direct,18.25,01-Oct-2026,0.47,0.83,2.04,13.42,,13.79,0.5,-14.63,69.4,6,5,14,12,50,INF03VN01530
120492,JM Flexi Cap Fund - Direct Plan - Growth Option,JM Financial Mutual Fund,Equity Schemes - Flexi Cap Fund,Direct,110.6902,01-Oct-2026,0.55,1.07,0.49,13.37,14.38,15.51,0.44,-22.04,61.7,8,6,14,12,61,INF192K01CC7
141925,Axis Flexi Cap Fund - Direct Plan - Growth Option,Axis Mutual Fund,Equity Schemes - Flexi Cap Fund,Direct,30.24,01-Oct-2026,0.62,0.85,3.49,12.87,8.19,14.93,0.43,-17.83,60.0,3,7,14,12,61,INF846K01B28
150347,WhiteOak Capital Flexi Cap Fund - Regular Plan - Growth Option,WhiteOak Capital Mutual Fund,Equity Schemes - Flexi Cap Fund,Regular,17.191,01-Oct-2026,1.51,2.06,0.76,11.88,,13.77,0.39,-15.03,67.3,6,5,13,12,50,INF03VN01506
109522,JM Flexi Cap Fund - Regular Plan - Growth Option,JM Financial Mutual Fund,Equity Schemes - Flexi Cap Fund,Regular,95.8575,01-Oct-2026,1.6,2.28,-0.73,11.86,13.07,15.49,0.35,-23.5,61.7,8,6,13,12,61,INF192K01635
141927,Axis Flexi Cap Fund - Regular Plan - Growth Option,Axis Mutual Fund,Equity Schemes - Flexi Cap Fund,Regular,27.06,01-Oct-2026,1.46,1.84,2.46,11.73,7.05,14.91,0.35,-18.33,60.0,3,7,13,12,61,INF846K01B51
151412,Mirae Asset Flexi Cap Fund - Direct Plan - Growth,Mirae Asset Mutual Fund,Equity Schemes - Flexi Cap Fund,Direct,16.418,01-Oct-2026,0.46,0.76,1.57,11.28,,13.84,0.35,-15.07,69.8,7,8,14,12,44,INF769K01JJ2
118275,Canara Robeco Flexi Cap Fund - Direct Plan - GROWTH OPTION,Canara Robeco Mutual Fund,Equity Schemes - Flexi Cap Fund,Direct,367.78,01-Oct-2026,0.5,0.69,-3.36,10.28,8.66,13.83,0.27,-16.31,60.0,11,9,14,12,61,INF760K01EF0
120166,Kotak Flexi Cap Fund - Direct Plan - Growth,Kotak Mahindra Mutual Fund,Equity Schemes - Flexi Cap Fund,Direct,91.6,01-Oct-2026,0.52,0.66,-3.19,10.1,9.73,14.27,0.25,-15.29,63.3,10,10,14,12,61,INF174K01LS2
151414,Mirae Asset Flexi Cap Fund - Regular Plan - Growth,Mirae Asset Mutual Fund,Equity Schemes - Flexi Cap Fund,Regular,15.572,01-Oct-2026,1.62,2.13,0.13,9.68,,13.82,0.23,-15.57,67.4,7,8,13,12,44,INF769K01JG8
112090,Kotak Flexi Cap Fund - Regular Plan - Growth,Kotak Mahindra Mutual Fund,Equity Schemes - Flexi Cap Fund,Regular,80.496,01-Oct-2026,1.22,1.49,-4.0,9.17,8.77,14.26,0.19,-15.59,63.3,10,9,13,12,61,INF174K01336
101922,Canara Robeco Flexi Cap Fund - Regular Plan - GROWTH OPTION,Canara Robeco Mutual Fund,Equity Schemes - Flexi Cap Fund,Regular,323.47,01-Oct-2026,1.47,1.83,-4.46,9.02,7.36,13.82,0.18,-16.7,60.0,11,10,13,12,61,INF760K01019
149104,Mahindra Manulife Flexi Cap Fund - Direct Plan - Growth,Mahindra Manulife Mutual Fund,Equity Schemes - Flexi Cap Fund,Direct,16.6187,01-Oct-2026,0.5,0.96,-3.5,8.9,10.19,14.04,0.17,-16.15,63.3,12,11,14,12,61,INF174V01AS2
151917,NJ Flexi Cap Fund - Direct Plan - Growth Option,NJ Mutual Fund,Equity Schemes - Flexi Cap Fund,Direct,13.01,01-Oct-2026,0.52,0.87,-5.24,8.73,,17.23,0.13,-26.33,58.3,13,12,14,12,37,INF0J8L01156
149101,Mahindra Manulife Flexi Cap Fund - Regular Plan - Growth,Mahindra Manulife Mutual Fund,Equity Schemes - Flexi Cap Fund,Regular,15.1762,01-Oct-2026,1.81,2.45,-5.0,7.13,8.26,14.02,0.04,-16.71,61.7,12,11,13,12,61,INF174V01AP8
151920,NJ Flexi Cap Fund - Regular Plan - Growth Option,NJ Mutual Fund,Equity Schemes - Flexi Cap Fund,Regular,12.4,01-Oct-2026,1.7,2.26,-6.63,7.04,,17.17,0.03,-27.95,50.0,13,12,13,12,37,INF0J8L01131
154518,AlphaGrep Flexi Cap Fund - Direct Plan - Growth,AlphaGrep Mutual Fund,Equity Schemes - Flexi Cap Fund,Direct,9.8184,01-Oct-2026,0.5,3.29,,,,,,,,,,,,2,INF2VOA01079
154519,AlphaGrep Flexi Cap Fund - Regular Plan - Growth,AlphaGrep Mutual Fund,Equity Schemes - Flexi Cap Fund,Regular,9.7918,01-Oct-2026,2.08,,,,,,,,,,,,,2,INF2VOA01103
152135,Helios Flexi Cap Fund - Direct Plan - Growth,Helios Mutual Fund,Equity Schemes - Flexi Cap Fund,Direct,15.4,01-Oct-2026,0.46,0.85,2.46,,,16.37,,-15.74,76.5,5,,14,,35,INF0R8701046
152136,Helios Flexi Cap Fund - Regular Plan - Growth,Helios Mutual Fund,Equity Schemes - Flexi Cap Fund,Regular,14.78,01-Oct-2026,1.51,2.09,1.09,,,16.33,,-16.09,73.5,5,,13,,35,INF0R8701012
153859,JioBlackRock Flexi Cap Fund - Direct Plan - Growth Option,Jio BlackRock Mutual Fund,Equity Schemes - Flexi Cap Fund,Direct,9.5259,01-Oct-2026,0.5,1.1,-6.33,,,,,,,14,,14,,12,INF22M001093
154641,JioBlackRock Flexi Cap Fund - Regular Plan - Growth Option,Jio BlackRock Mutual Fund,Equity Schemes - Flexi Cap Fund,Regular,9.3677,01-Oct-2026,1.5,2.12,,,,,,,,,,,,2,INF22M001325
154515,Quantum Flexi Cap Fund - Direct Plan - Growth Option,Quantum Mutual Fund,Equity Schemes - Flexi Cap Fund,Direct,9.6,01-Oct-2026,0.47,0.55,,,,,,,,,,,,1,INF082J01507
154516,Quantum Flexi Cap Fund - Regular Plan - Growth Option,Quantum Mutual Fund,Equity Schemes - Flexi Cap Fund,Regular,9.59,01-Oct-2026,2.0,2.36,,,,,,,,,,,,1,INF082J01515
148481,Invesco India Focused Fund - Direct Plan - Growth,Invesco Mutual Fund,Equity Schemes - Focused Fund,Direct,30.78,01-Oct-2026,0.49,0.7,3.85,19.72,14.47,16.41,0.81,-19.85,60.0,2,1,10,10,61,INF205KA1213
148483,Invesco India Focused Fund - Regular Plan - Growth,Invesco Mutual Fund,Equity Schemes - Focused Fund,Regular,28.17,01-Oct-2026,1.56,1.94,2.51,18.15,12.87,16.39,0.71,-20.64,60.0,2,1,10,10,61,INF205KA1189
120722,ICICI Prudential Focused Fund - Direct Plan - Growth,ICICI Prudential Mutual Fund,Equity Schemes - Focused Fund,Direct,104.12,01-Oct-2026,0.57,1.14,-1.18,15.52,14.14,14.43,0.63,-15.77,61.7,4,2,10,10,61,INF109K018N2
111957,ICICI Prudential Focused Fund - Regular Plan - Growth,ICICI Prudential Mutual Fund,Equity Schemes - Focused Fund,Regular,89.67,01-Oct-2026,1.43,2.15,-2.24,14.22,12.78,14.42,0.54,-16.17,60.0,4,2,10,10,61,INF109K01BZ4
148411,HSBC Focused Fund - Direct Plan - Growth,HSBC Mutual Fund,Equity Schemes - Focused Fund,Direct,28.4632,01-Oct-2026,0.78,1.08,7.12,13.55,11.65,16.02,0.44,-18.6,65.0,1,3,10,10,61,INF336L01PB2
148409,HSBC Focused Fund - Regular Plan - Growth,HSBC Mutual Fund,Equity Schemes - Focused Fund,Regular,26.1668,01-Oct-2026,1.78,2.26,5.88,12.23,10.22,16.01,0.36,-19.0,63.3,1,3,10,10,61,INF336L01PE6
148883,Canara Robeco Focused Fund - Direct Plan - Growth Option,Canara Robeco Mutual Fund,Equity Schemes - Focused Fund,Direct,20.24,01-Oct-2026,0.51,0.82,-5.07,11.22,11.0,13.82,0.34,-15.0,60.0,10,4,10,10,61,INF760K01JQ6
148567,Mahindra Manulife Focused Fund - Direct Plan - Growth,Mahindra Manulife Mutual Fund,Equity Schemes - Focused Fund,Direct,27.5351,01-Oct-2026,0.55,0.88,-3.59,11.13,12.18,13.84,0.33,-15.75,63.3,8,5,10,10,61,INF174V01AG7
120488,JM Focused Fund - Direct Plan - Growth Option,JM Financial Mutual Fund,Equity Schemes - Focused Fund,Direct,22.7577,01-Oct-2026,0.72,1.25,-1.6,10.6,11.6,15.8,0.26,-18.24,61.7,5,6,10,10,61,INF192K01BW7
131580,360 ONE Focused Fund - Direct Plan - GROWTH Option,360 ONE Mutual Fund,Equity Schemes - Focused Fund,Direct,53.5684,01-Oct-2026,0.76,1.23,2.58,10.2,10.6,13.87,0.27,-16.06,65.0,3,7,10,10,61,INF579M01902
148884,Canara Robeco Focused Fund - Regular Plan - Growth Option,Canara Robeco Mutual Fund,Equity Schemes - Focused Fund,Regular,18.63,01-Oct-2026,1.69,2.19,-6.43,9.63,9.32,13.83,0.23,-15.48,60.0,10,4,10,10,61,INF760K01JT0
148571,Mahindra Manulife Focused Fund - Regular Plan - Growth,Mahindra Manulife Mutual Fund,Equity Schemes - Focused Fund,Regular,24.7523,01-Oct-2026,1.77,2.29,-5.04,9.37,10.22,13.82,0.21,-16.3,61.7,8,5,10,10,61,INF174V01AD4
131578,360 ONE Focused Fund - Regular Plan - GROWTH Option,360 ONE Mutual Fund,Equity Schemes - Focused Fund,Regular,46.7035,01-Oct-2026,1.54,2.15,1.6,9.14,9.5,13.86,0.19,-16.91,65.0,3,6,10,10,61,INF579M01878
107410,JM Focused Fund - Regular Plan - Growth Option,JM Financial Mutual Fund,Equity Schemes - Focused Fund,Regular,19.1264,01-Oct-2026,2.1,2.85,-3.17,8.95,10.21,15.8,0.16,-20.26,60.0,6,7,10,10,61,INF192K01577
120468,Axis Focused Fund - Direct Plan - Growth Option,Axis Mutual Fund,Equity Schemes - Focused Fund,Direct,61.46,01-Oct-2026,0.76,1.05,-1.84,8.72,3.17,15.71,0.14,-22.32,58.3,6,8,10,10,61,INF846K01CQ8
149091,UTI Focused Fund (30 stocks) - Direct Plan - Growth,UTI Mutual Fund,Equity Schemes - Focused Fund,Direct,15.6342,01-Oct-2026,0.72,1.13,-4.33,8.52,8.84,14.14,0.14,-18.29,56.7,9,9,10,10,61,INF789F1AVA3
117560,Axis Focused Fund - Regular Plan - Growth Option,Axis Mutual Fund,Equity Schemes - Focused Fund,Regular,52.68,01-Oct-2026,1.49,1.91,-2.73,7.73,2.17,15.71,0.08,-22.93,56.7,5,8,10,10,61,INF846K01CH7
149090,UTI Focused Fund (30 stocks) - Regular Plan - Growth,UTI Mutual Fund,Equity Schemes - Focused Fund,Regular,14.4991,01-Oct-2026,1.72,2.25,-5.55,7.1,7.25,14.12,0.04,-18.73,56.7,9,9,10,10,61,INF789F1AUY5
147206,Mirae Asset Focused Fund - Direct Plan - Growth,Mirae Asset Mutual Fund,Equity Schemes - Focused Fund,Direct,26.703,01-Oct-2026,0.56,0.98,-3.37,6.8,5.72,14.04,0.02,-20.06,55.0,7,10,10,10,61,INF769K01EU0
147203,Mirae Asset Focused Fund - Regular Plan - Growth,Mirae Asset Mutual Fund,Equity Schemes - Focused Fund,Regular,24.197,01-Oct-2026,1.56,2.16,-4.51,5.54,4.45,14.03,-0.07,-21.0,55.0,7,10,10,10,61,INF769K01ES4
120357,Invesco India Large & Mid Cap Fund - Direct Plan - Growth,Invesco Mutual Fund,Equity Schemes - Large & Mid Cap Fund,Direct,125.66,01-Oct-2026,0.54,0.79,6.78,21.18,16.17,16.8,0.87,-17.08,66.7,2,1,13,8,61,INF205K01MA0
106144,Invesco India Large & Mid Cap Fund - Regular Plan - Growth,Invesco Mutual Fund,Equity Schemes - Large & Mid Cap Fund,Regular,104.73,01-Oct-2026,1.47,1.87,5.6,19.81,14.79,16.78,0.79,-17.47,65.0,2,1,13,8,61,INF205K01247
146772,HSBC Large & Mid Cap Fund - Direct Plan - Growth,HSBC Mutual Fund,Equity Schemes - Large & Mid Cap Fund,Direct,31.6913,01-Oct-2026,0.66,1.39,8.27,16.23,13.66,16.78,0.58,-22.09,65.0,1,2,13,8,61,INF336L01NV5
146771,HSBC Large & Mid Cap Fund - Regular Plan - Growth,HSBC Mutual Fund,Equity Schemes - Large & Mid Cap Fund,Regular,28.6228,01-Oct-2026,1.58,2.48,7.09,15.01,12.3,16.77,0.51,-22.22,65.0,1,2,13,8,61,INF336L01NY9
145110,Axis Large & Mid Cap Fund - Direct Plan - Growth Option,Axis Mutual Fund,Equity Schemes - Large & Mid Cap Fund,Direct,37.21,01-Oct-2026,0.54,0.83,4.23,14.01,11.36,14.87,0.51,-16.22,66.7,3,3,13,8,61,INF846K01J46
145112,Axis Large & Mid Cap Fund - Regular Plan - Growth Option,Axis Mutual Fund,Equity Schemes - Large & Mid Cap Fund,Regular,33.34,01-Oct-2026,1.43,1.88,3.09,12.75,10.03,14.86,0.42,-16.84,66.7,3,3,13,8,61,INF846K01J79
120158,Kotak Large & Mid Cap Fund - Direct Plan - Growth,Kotak Mahindra Mutual Fund,Equity Schemes - Large & Mid Cap Fund,Direct,385.69,01-Oct-2026,0.5,0.67,-1.02,11.72,12.56,14.45,0.36,-17.83,63.3,10,4,13,8,61,INF174K01LF9
130498,HDFC Large & Mid Cap Fund - Direct Plan - Growth Option,HDFC Mutual Fund,Equity Schemes - Large & Mid Cap Fund,Direct,348.119,01-Oct-2026,0.77,0.92,-1.63,11.25,13.08,15.32,0.31,-18.08,66.7,11,5,13,8,61,INF179KA1RQ7
118278,Canara Robeco Large and Mid Cap Fund - Direct Plan - GROWTH OPTION,Canara Robeco Mutual Fund,Equity Schemes - Large & Mid Cap Fund,Direct,280.21,01-Oct-2026,0.53,0.77,-3.38,11.05,9.48,14.8,0.31,-17.18,60.0,12,6,13,8,61,INF760K01EI4
103234,Kotak Large & Mid Cap Fund - Regular Plan - Growth,Kotak Mahindra Mutual Fund,Equity Schemes - Large & Mid Cap Fund,Regular,331.876,01-Oct-2026,1.34,1.66,-2.03,10.54,11.3,14.44,0.28,-18.2,63.3,10,4,13,8,61,INF174K01187
147840,Mahindra Manulife Large & Mid Cap Fund - Direct Plan - Growth,Mahindra Manulife Mutual Fund,Equity Schemes - Large & Mid Cap Fund,Direct,29.7565,01-Oct-2026,0.51,0.85,2.91,10.53,11.51,14.93,0.27,-18.98,61.7,5,7,13,8,61,INF174V01945
130496,HDFC Large & Mid Cap Fund - Regular Plan - Growth Option,HDFC Mutual Fund,Equity Schemes - Large & Mid Cap Fund,Regular,328.039,01-Oct-2026,1.36,1.62,-2.38,10.37,12.18,15.31,0.25,-18.35,66.7,11,5,13,8,61,INF179KA1RT1
118834,Mirae Asset Large & Midcap Fund - Direct Plan - Growth,Mirae Asset Mutual Fund,Equity Schemes - Large & Mid Cap Fund,Direct,167.653,01-Oct-2026,0.5,0.85,-0.1,10.29,9.62,14.87,0.25,-18.86,63.3,9,8,13,8,61,INF769K01BI1
102920,Canara Robeco Large and Mid Cap Fund - Regular Plan - GROWTH OPTION,Canara Robeco Mutual Fund,Equity Schemes - Large & Mid Cap Fund,Regular,241.73,01-Oct-2026,1.38,1.77,-4.36,9.91,8.3,14.79,0.23,-17.53,60.0,12,6,13,8,61,INF760K01167
112932,Mirae Asset Large & Midcap Fund - Regular Plan - Growth,Mirae Asset Mutual Fund,Equity Schemes - Large & Mid Cap Fund,Regular,147.328,01-Oct-2026,1.27,1.76,-1.02,9.27,8.59,14.86,0.19,-19.17,63.3,8,7,13,8,61,INF769K01101
147843,Mahindra Manulife Large & Mid Cap Fund - Regular Plan - Growth,Mahindra Manulife Mutual Fund,Equity Schemes - Large & Mid Cap Fund,Regular,26.5438,01-Oct-2026,1.69,2.2,1.46,8.89,9.7,14.91,0.16,-19.48,61.7,4,8,13,8,61,INF174V01911
152408,Bajaj Finserv Large & Mid Cap Fund - Direct Plan - Growth,Bajaj Finserv Mutual Fund,Equity Schemes - Large & Mid Cap Fund,Direct,12.148,01-Oct-2026,0.52,1.16,0.21,,,15.18,,-15.47,71.0,8,,13,,32,INF0QA701763
152406,Bajaj Finserv Large & Mid Cap Fund - Regular Plan - Growth,Bajaj Finserv Mutual Fund,Equity Schemes - Large & Mid Cap Fund,Regular,11.699,01-Oct-2026,1.73,2.59,-1.19,,,15.15,,-15.97,67.7,9,,13,,32,INF0QA701730
152941,Helios Large & Mid Cap Fund - Direct Plan - Growth,Helios Mutual Fund,Equity Schemes - Large & Mid Cap Fund,Direct,11.13,01-Oct-2026,0.48,1.04,2.96,,,18.89,,-14.61,63.6,4,,13,,23,INF0R8701269
152943,Helios Large & Mid Cap Fund - Regular Plan - Growth,Helios Mutual Fund,Equity Schemes - Large & Mid Cap Fund,Regular,10.79,01-Oct-2026,1.81,2.6,1.31,,,18.84,,-14.92,63.6,5,,13,,23,INF0R8701236
153629,JM Large & Mid Cap Fund - Direct Plan - Growth Option,JM Financial Mutual Fund,Equity Schemes - Large & Mid Cap Fund,Direct,10.3158,01-Oct-2026,0.66,1.05,2.72,,,17.34,,-14.67,57.1,6,,13,,15,INF192K01NK7
153627,JM Large & Mid Cap Fund - Regular Plan - Growth Option,JM Financial Mutual Fund,Equity Schemes - Large & Mid Cap Fund,Regular,10.1092,01-Oct-2026,2.1,2.69,0.99,,,17.32,,-15.16,50.0,6,,13,,15,INF192K01NM3
153534,Samco Large & Mid Cap Fund - Direct Plan - Growth,Samco Mutual Fund,Equity Schemes - Large & Mid Cap Fund,Direct,8.76,01-Oct-2026,0.74,2.22,-5.91,,,12.45,,-14.92,40.0,13,,13,,16,INF0K1H01271
153533,Samco Large & Mid Cap Fund - Regular Plan - Growth,Samco Mutual Fund,Equity Schemes - Large & Mid Cap Fund,Regular,8.59,01-Oct-2026,2.1,3.7,-7.34,,,12.45,,-16.0,40.0,13,,13,,16,INF0K1H01289
154433,TRUSTMF LARGE & MIDCAP FUND - Direct Plan - Growth,Trust Mutual Fund,Equity Schemes - Large & Mid Cap Fund,Direct,9.63,01-Oct-2026,0.64,2.68,,,,,,,,,,,,3,INF0GCD01891
154434,TRUSTMF LARGE & MIDCAP FUND - Regular Plan - Growth,Trust Mutual Fund,Equity Schemes - Large & Mid Cap Fund,Regular,9.59,01-Oct-2026,2.1,4.4,,,,,,,,,,,,3,INF0GCD01909
152226,WhiteOak Capital Large & Mid Cap Fund - Direct Plan - Growth Option,WhiteOak Capital Mutual Fund,Equity Schemes - Large & Mid Cap Fund,Direct,13.598,01-Oct-2026,0.47,0.88,2.17,,,15.05,,-15.19,72.7,7,,13,,34,INF03VN01845
152225,WhiteOak Capital Large & Mid Cap Fund - Regular Plan - Growth Option,WhiteOak Capital Mutual Fund,Equity Schemes - Large & Mid Cap Fund,Regular,13.016,01-Oct-2026,1.72,2.36,0.69,,,15.03,,-15.76,72.7,7,,13,,34,INF03VN01837
120392,Invesco India Large Cap Fund - Direct Plan - Growth,Invesco Mutual Fund,Equity Schemes - Large Cap Fund,Direct,83.02,01-Oct-2026,0.67,0.93,0.62,12.63,10.43,14.95,0.41,-17.16,65.0,1,1,10,9,61,INF205K01LB0
150797,WhiteOak Capital Large Cap Fund - Direct Plan - Growth Option,WhiteOak Capital Mutual Fund,Equity Schemes - Large Cap Fund,Direct,14.968,01-Oct-2026,0.54,0.92,-2.64,11.88,,13.38,0.4,-13.86,64.4,4,2,10,9,46,INF03VN01696
112098,Invesco India Large Cap Fund - Regular Plan - Growth,Invesco Mutual Fund,Equity Schemes - Large Cap Fund,Regular,68.12,01-Oct-2026,1.77,2.2,-0.69,11.13,8.9,14.93,0.31,-17.61,61.7,1,1,10,9,61,INF205K01304
150799,WhiteOak Capital Large Cap Fund - Regular Plan - Growth Option,WhiteOak Capital Mutual Fund,Equity Schemes - Large Cap Fund,Regular,14.051,01-Oct-2026,1.87,2.49,-4.15,10.07,,13.36,0.27,-14.46,64.4,4,2,10,9,46,INF03VN01662
120490,JM Large Cap Fund - Direct Plan - Growth Option,JM Financial Mutual Fund,Equity Schemes - Large Cap Fund,Direct,168.5609,01-Oct-2026,0.82,1.18,-2.62,9.1,9.41,14.24,0.18,-19.18,56.7,3,3,10,9,61,INF192K01BZ0
119133,Groww Large Cap Fund - Direct Plan - Growth,Groww Mutual Fund,Equity Schemes - Large Cap Fund,Direct,49.16,01-Oct-2026,1.18,1.69,-4.3,9.09,8.21,13.96,0.19,-17.47,61.7,5,4,10,9,61,INF666M01600
120030,HSBC Large Cap Fund - Direct Plan - Growth,HSBC Mutual Fund,Equity Schemes - Large Cap Fund,Direct,510.7038,01-Oct-2026,1.02,1.43,-1.53,9.06,8.38,14.03,0.18,-16.58,61.7,2,5,10,9,61,INF336L01CM7
118269,Canara Robeco Large Cap Fund - Direct Plan - GROWTH OPTION,Canara Robeco Mutual Fund,Equity Schemes - Large Cap Fund,Direct,67.78,01-Oct-2026,0.48,0.63,-5.8,8.83,8.03,13.12,0.18,-14.56,60.0,8,6,10,9,61,INF760K01FR2
101594,HSBC Large Cap Fund - Regular Plan - Growth,HSBC Mutual Fund,Equity Schemes - Large Cap Fund,Regular,455.0709,01-Oct-2026,1.78,2.33,-2.4,8.08,7.39,14.01,0.11,-16.9,61.7,2,3,10,9,61,INF336L01016
120465,Axis Large Cap Fund - Direct Plan - Growth Option,Axis Mutual Fund,Equity Schemes - Large Cap Fund,Direct,65.82,01-Oct-2026,0.64,0.94,-4.53,7.71,4.86,13.46,0.09,-16.63,58.3,6,7,10,9,61,INF846K01DP8
116547,Groww Large Cap Fund - Regular Plan - Growth,Groww Mutual Fund,Equity Schemes - Large Cap Fund,Regular,40.36,01-Oct-2026,2.09,2.71,-5.52,7.62,6.78,13.94,0.08,-17.94,61.7,6,4,10,9,61,INF666M01162
113221,Canara Robeco Large Cap Fund - Regular Plan - GROWTH OPTION,Canara Robeco Mutual Fund,Equity Schemes - Large Cap Fund,Regular,57.85,01-Oct-2026,1.44,1.76,-6.89,7.55,6.67,13.11,0.08,-14.89,58.3,8,5,10,9,61,INF760K01AR3
100219,JM Large Cap Fund - Regular Plan - Growth Option,JM Financial Mutual Fund,Equity Schemes - Large Cap Fund,Regular,144.6359,01-Oct-2026,2.1,2.67,-4.09,7.52,8.12,14.25,0.07,-19.93,56.7,3,6,10,9,61,INF192K01601
118825,Mirae Asset Large Cap Fund - Direct Plan - Growth,Mirae Asset Mutual Fund,Equity Schemes - Large Cap Fund,Direct,119.857,01-Oct-2026,0.52,0.77,-4.85,7.22,6.83,13.29,0.05,-15.31,56.7,7,8,10,9,61,INF769K01AX2
146549,Mahindra Manulife Large Cap Fund - Direct Plan - Growth,Mahindra Manulife Mutual Fund,Equity Schemes - Large Cap Fund,Direct,23.6809,01-Oct-2026,0.72,1.08,-6.54,7.13,7.58,13.45,0.05,-14.05,60.0,9,9,10,9,61,INF174V01721
112277,Axis Large Cap Fund - Regular Plan - Growth Option,Axis Mutual Fund,Equity Schemes - Large Cap Fund,Regular,56.64,01-Oct-2026,1.35,1.78,-5.33,6.77,3.87,13.46,0.02,-17.27,56.7,5,7,10,9,61,INF846K01164
107578,Mirae Asset Large Cap Fund - Regular Plan - Growth,Mirae Asset Mutual Fund,Equity Schemes - Large Cap Fund,Regular,105.105,01-Oct-2026,1.31,1.7,-5.76,6.18,5.77,13.28,-0.02,-15.58,56.7,7,8,10,9,61,INF769K01010
146551,Mahindra Manulife Large Cap Fund - Regular Plan - Growth,Mahindra Manulife Mutual Fund,Equity Schemes - Large Cap Fund,Regular,20.7018,01-Oct-2026,2.05,2.6,-8.03,5.38,5.74,13.44,-0.08,-14.64,60.0,9,9,10,9,61,INF174V01697
154307,JioBlackRock Large Cap Fund - Direct Plan - Growth Option,Jio BlackRock Mutual Fund,Equity Schemes - Large Cap Fund,Direct,9.3538,01-Oct-2026,0.5,1.38,,,,,,,,,,,,6,INF22M001176
154632,JioBlackRock Large Cap Fund - Regular Plan - Growth Option,Jio BlackRock Mutual Fund,Equity Schemes - Large Cap Fund,Regular,9.2108,01-Oct-2026,1.61,1.93,,,,,,,,,,,,2,INF22M001192
153239,Samco Large Cap Fund - Direct Plan - Growth,Samco Mutual Fund,Equity Schemes - Large Cap Fund,Direct,8.8,01-Oct-2026,0.71,1.86,-7.56,,,10.1,,-13.78,33.3,10,,10,,19,INF0K1H01255
153238,Samco Large Cap Fund - Regular Plan - Growth,Samco Mutual Fund,Equity Schemes - Large Cap Fund,Regular,8.58,01-Oct-2026,2.1,3.4,-9.11,,,10.11,,-15.42,33.3,10,,10,,19,INF0K1H01263
120403,Invesco India Mid Cap Fund - Direct Plan - Growth,Invesco Mutual Fund,Equity Schemes - Mid Cap Fund,Direct,229.39,01-Oct-2026,0.49,0.78,7.48,21.88,18.47,17.71,0.87,-17.97,65.0,7,1,12,10,61,INF205K01MV6
151036,HSBC Midcap Fund - Direct Plan - Growth,HSBC Mutual Fund,Equity Schemes - Mid Cap Fund,Direct,513.1256,01-Oct-2026,0.53,1.15,16.95,21.86,,18.8,0.82,-23.42,67.4,1,2,12,10,47,INF917K01FZ1
151034,HSBC Midcap Fund - Regular Plan - Growth,HSBC Mutual Fund,Equity Schemes - Mid Cap Fund,Regular,448.262,01-Oct-2026,1.43,2.21,15.71,20.57,,18.78,0.75,-23.55,67.4,1,1,12,10,47,INF917K01254
105503,Invesco India Mid Cap Fund - Regular Plan - Growth,Invesco Mutual Fund,Equity Schemes - Mid Cap Fund,Regular,188.21,01-Oct-2026,1.44,1.88,6.24,20.41,16.96,17.7,0.79,-18.13,65.0,7,2,12,10,61,INF205K01BC9
150584,WhiteOak Capital Mid Cap Fund - Direct Plan - Growth Option,WhiteOak Capital Mutual Fund,Equity Schemes - Mid Cap Fund,Direct,22.335,01-Oct-2026,0.43,0.95,11.67,20.1,,16.2,0.84,-16.89,68.8,2,3,12,10,49,INF03VN01597
120381,ICICI Prudential Mid Cap Fund - Direct Plan - Growth,ICICI Prudential Mutual Fund,Equity Schemes - Mid Cap Fund,Direct,364.41,01-Oct-2026,0.89,1.11,11.02,19.36,15.86,17.16,0.75,-20.01,63.3,3,4,12,10,61,INF109K011N7
102528,ICICI Prudential Mid Cap Fund - Regular Plan - Growth,ICICI Prudential Mutual Fund,Equity Schemes - Mid Cap Fund,Regular,322.15,01-Oct-2026,1.53,1.85,10.15,18.4,14.87,17.15,0.69,-20.27,61.7,3,3,12,10,61,INF109K01AN2
150583,WhiteOak Capital Mid Cap Fund - Regular Plan - Growth Option,WhiteOak Capital Mutual Fund,Equity Schemes - Mid Cap Fund,Regular,20.989,01-Oct-2026,1.54,2.26,10.23,18.37,,16.18,0.73,-17.09,68.8,2,4,12,10,49,INF03VN01563
150815,JM Mid Cap Fund - Direct Plan - Growth Option,JM Financial Mutual Fund,Equity Schemes - Mid Cap Fund,Direct,21.668,01-Oct-2026,0.54,0.95,8.77,17.58,,18.1,0.61,-21.4,65.2,6,5,12,10,47,INF192K01MV6
150404,BANDHAN MID CAP FUND - Direct Plan - Growth,Bandhan Mutual Fund,Equity Schemes - Mid Cap Fund,Direct,19.653,01-Oct-2026,0.52,0.76,8.84,16.79,,16.92,0.61,-21.45,67.3,5,6,12,10,50,INF194KB1DJ2
150817,Canara Robeco Mid Cap Fund - Direct Plan - Growth Option,Canara Robeco Mutual Fund,Equity Schemes - Mid Cap Fund,Direct,18.6,01-Oct-2026,0.52,0.86,5.38,15.96,,16.24,0.58,-20.63,68.9,10,7,12,10,46,INF760K01KI1
150812,JM Mid Cap Fund - Regular Plan - Growth Option,JM Financial Mutual Fund,Equity Schemes - Mid Cap Fund,Regular,20.2804,01-Oct-2026,1.85,2.47,7.13,15.66,,18.06,0.51,-21.92,65.2,6,5,12,10,47,INF192K01MS2
119775,Kotak Mid Cap Fund - Direct Plan - Growth,Kotak Mahindra Mutual Fund,Equity Schemes - Mid Cap Fund,Direct,160.202,01-Oct-2026,0.35,0.54,2.04,15.51,15.38,16.31,0.55,-20.03,65.0,12,8,12,10,61,INF174K01LT0
142110,Mahindra Manulife Mid Cap Fund - Direct Plan - Growth,Mahindra Manulife Mutual Fund,Equity Schemes - Mid Cap Fund,Direct,38.8988,01-Oct-2026,0.49,0.75,6.01,15.4,16.32,16.89,0.53,-20.45,66.7,8,9,12,10,61,INF174V01507
150402,BANDHAN MID CAP FUND - Regular Plan - Growth,Bandhan Mutual Fund,Equity Schemes - Mid Cap Fund,Regular,18.443,01-Oct-2026,1.71,2.13,7.31,15.07,,16.9,0.51,-21.92,67.3,5,6,12,10,50,INF194KB1DM6
150816,Canara Robeco Mid Cap Fund - Regular Plan - Growth Option,Canara Robeco Mutual Fund,Equity Schemes - Mid Cap Fund,Regular,17.64,01-Oct-2026,1.6,2.11,4.01,14.44,,16.25,0.49,-21.08,68.9,10,7,12,10,46,INF760K01KL5
104908,Kotak Mid Cap Fund - Regular Plan - Growth,Kotak Mahindra Mutual Fund,Equity Schemes - Mid Cap Fund,Regular,136.742,01-Oct-2026,1.17,1.51,1.03,14.31,14.1,16.3,0.48,-20.37,65.0,12,8,12,10,61,INF174K01DS9
147445,Mirae Asset Midcap Fund - Direct Plan - Growth,Mirae Asset Mutual Fund,Equity Schemes - Mid Cap Fund,Direct,41.387,01-Oct-2026,0.52,0.97,5.61,13.81,14.27,16.89,0.43,-22.25,63.3,9,10,12,10,61,INF769K01FA9
142109,Mahindra Manulife Mid Cap Fund - Regular Plan - Growth,Mahindra Manulife Mutual Fund,Equity Schemes - Mid Cap Fund,Regular,33.8159,01-Oct-2026,1.6,2.02,4.59,13.77,14.57,16.87,0.43,-20.91,66.7,8,9,12,10,61,INF174V01473
147479,Mirae Asset Midcap Fund - Regular Plan - Growth,Mirae Asset Mutual Fund,Equity Schemes - Mid Cap Fund,Regular,37.77,01-Oct-2026,1.42,2.03,4.47,12.58,12.98,16.87,0.36,-22.6,63.3,9,10,12,10,61,INF769K01EY2
153728,BANK OF INDIA MID CAP FUND - Direct Plan - Growth,Bank of India Mutual Fund,Equity Schemes - Mid Cap Fund,Direct,10.23,01-Oct-2026,0.98,1.32,3.75,,,16.55,,-11.49,61.5,11,,12,,14,INF761K01GY4
153726,BANK OF INDIA MID CAP FUND - Regular Plan - Growth,Bank of India Mutual Fund,Equity Schemes - Mid Cap Fund,Regular,10.1,01-Oct-2026,2.02,2.55,2.64,,,16.51,,-11.9,53.8,11,,12,,14,INF761K01HB0
153326,Helios Mid Cap Fund - Direct Plan - Growth,Helios Mutual Fund,Equity Schemes - Mid Cap Fund,Direct,13.57,01-Oct-2026,0.49,0.98,9.52,,,18.79,,-16.01,72.2,4,,12,,19,INF0R8701327
153327,Helios Mid Cap Fund - Regular Plan - Growth,Helios Mutual Fund,Equity Schemes - Mid Cap Fund,Regular,13.25,01-Oct-2026,1.72,2.43,7.81,,,18.74,,-16.41,72.2,4,,12,,19,INF0R8701293
154114,Samco Mid Cap Fund - Direct Plan - Growth,Samco Mutual Fund,Equity Schemes - Mid Cap Fund,Direct,9.6,01-Oct-2026,0.81,1.58,,,,,,,,,,,,8,INF0K1H01313
154115,Samco Mid Cap Fund - Regular Plan - Growth,Samco Mutual Fund,Equity Schemes - Mid Cap Fund,Regular,9.51,01-Oct-2026,2.1,3.0,,,,,,,,,,,,8,INF0K1H01321
154481,The Wealth Company Mid Cap Fund - Direct Plan - Growth,The Wealth Company Mutual Fund,Equity Schemes - Mid Cap Fund,Direct,9.4055,01-Oct-2026,0.4,3.01,,,,,,,,,,,,2,INF2F0001651
154479,The Wealth Company Mid Cap Fund - Regular Plan - Growth,The Wealth Company Mutual Fund,Equity Schemes - Mid Cap Fund,Regular,9.3802,01-Oct-2026,2.1,,,,,,,,,,,,,2,INF2F0001628
149383,Axis Multicap Fund - Direct Plan - Growth Option,Axis Mutual Fund,Equity Schemes - Multi Cap Fund,Direct,20.15,01-Oct-2026,0.65,1.03,8.45,18.34,,15.25,0.78,-17.27,63.2,3,1,14,10,58,INF846K013E0
152071,WhiteOak Capital Multi Cap Fund - Direct Plan - Growth Option,WhiteOak Capital Mutual Fund,Equity Schemes - Multi Cap Fund,Direct,16.188,01-Oct-2026,0.49,0.89,5.38,17.21,,15.68,0.68,-14.58,69.4,5,2,14,10,37,INF03VN01803
149382,Axis Multicap Fund - Regular Plan - Growth Option,Axis Mutual Fund,Equity Schemes - Multi Cap Fund,Regular,18.98,01-Oct-2026,1.48,2.0,7.35,17.03,,15.29,0.69,-17.69,63.2,3,1,14,10,58,INF846K016E3
151290,HSBC Multi Cap Fund - Direct Plan - Growth,HSBC Mutual Fund,Equity Schemes - Multi Cap Fund,Direct,20.5206,01-Oct-2026,0.51,0.81,7.64,16.96,,16.68,0.63,-19.02,74.4,4,3,14,10,44,INF336L01QN5
141226,Mahindra Manulife Multi Cap Fund - Direct Plan - Growth,Mahindra Manulife Mutual Fund,Equity Schemes - Multi Cap Fund,Direct,44.4966,01-Oct-2026,0.45,0.93,10.96,15.85,14.9,15.87,0.59,-19.21,63.3,2,4,14,10,61,INF174V01341
149185,Kotak Multi Cap Fund - Direct Plan - Growth,Kotak Mahindra Mutual Fund,Equity Schemes - Multi Cap Fund,Direct,20.866,01-Oct-2026,0.42,0.7,2.51,15.48,16.11,16.34,0.55,-20.07,67.8,7,5,14,10,60,INF174KA1HV3
151289,HSBC Multi Cap Fund - Regular Plan - Growth,HSBC Mutual Fund,Equity Schemes - Multi Cap Fund,Regular,19.5646,01-Oct-2026,1.56,2.05,6.3,15.46,,16.65,0.54,-19.44,72.1,4,2,14,10,44,INF336L01QQ8
152072,WhiteOak Capital Multi Cap Fund - Regular Plan - Growth Option,WhiteOak Capital Mutual Fund,Equity Schemes - Multi Cap Fund,Regular,15.45,01-Oct-2026,1.62,2.22,3.94,15.42,,15.65,0.57,-15.14,66.7,6,3,14,10,37,INF03VN01795
141224,Mahindra Manulife Multi Cap Fund - Regular Plan - Growth,Mahindra Manulife Mutual Fund,Equity Schemes - Multi Cap Fund,Regular,37.7365,01-Oct-2026,1.53,2.16,9.5,14.23,13.14,15.85,0.49,-19.67,63.3,2,4,14,10,61,INF174V01317
149182,Kotak Multi Cap Fund - Regular Plan - Growth,Kotak Mahindra Mutual Fund,Equity Schemes - Multi Cap Fund,Regular,19.453,01-Oct-2026,1.35,1.8,1.34,14.07,14.52,16.33,0.46,-20.48,66.1,7,5,14,10,60,INF174KA1HS9
120599,ICICI Prudential Multi Cap Fund - Direct Plan - Growth,ICICI Prudential Mutual Fund,Equity Schemes - Multi Cap Fund,Direct,910.45,01-Oct-2026,0.78,1.02,4.87,14.02,13.76,14.7,0.51,-16.64,63.3,6,6,14,10,61,INF109K014O9
101228,ICICI Prudential Multi Cap Fund - Regular Plan - Growth,ICICI Prudential Mutual Fund,Equity Schemes - Multi Cap Fund,Regular,808.31,01-Oct-2026,1.42,1.76,4.06,13.11,12.82,14.7,0.45,-16.91,63.3,5,6,14,10,61,INF109K01613
151824,Canara Robeco Multi Cap Fund - Direct Plan - Growth Option,Canara Robeco Mutual Fund,Equity Schemes - Multi Cap Fund,Direct,14.82,01-Oct-2026,0.44,0.66,0.27,12.86,,15.74,0.4,-17.62,62.2,10,7,14,10,38,INF760K01KO9
151810,Mirae Asset Multicap Fund - Direct Plan - Growth,Mirae Asset Mutual Fund,Equity Schemes - Multi Cap Fund,Direct,14.703,01-Oct-2026,0.41,0.87,0.51,12.27,,16.33,0.35,-17.64,67.6,9,8,14,10,38,INF769K01KK8
120413,Invesco India Multi Cap Fund - Direct Plan - Growth,Invesco Mutual Fund,Equity Schemes - Multi Cap Fund,Direct,151.49,01-Oct-2026,0.62,0.93,-0.14,11.72,10.96,15.93,0.33,-20.56,65.0,11,9,14,10,61,INF205K01MS2
118650,Nippon India Multi Cap Fund - Direct Plan - Growth Option,Nippon India Mutual Fund,Equity Schemes - Multi Cap Fund,Direct,316.8832,01-Oct-2026,0.59,0.88,-2.79,11.72,15.39,14.99,0.35,-17.83,63.3,14,10,14,10,61,INF204K01XF9
151821,Canara Robeco Multi Cap Fund - Regular Plan - Growth Option,Canara Robeco Mutual Fund,Equity Schemes - Multi Cap Fund,Regular,14.17,01-Oct-2026,1.58,1.99,-1.05,11.29,,15.73,0.3,-18.08,62.2,10,7,14,10,38,INF760K01KR2
101161,Nippon India Multi Cap Fund - Regular Plan - Growth Option,Nippon India Mutual Fund,Equity Schemes - Multi Cap Fund,Regular,286.1758,01-Oct-2026,1.22,1.62,-3.52,10.85,14.51,14.99,0.29,-18.11,63.3,14,8,14,10,61,INF204K01489
151812,Mirae Asset Multicap Fund - Regular Plan - Growth,Mirae Asset Mutual Fund,Equity Schemes - Multi Cap Fund,Regular,14.044,01-Oct-2026,1.58,2.25,-0.92,10.63,,16.31,0.25,-18.14,67.6,9,9,14,10,38,INF769K01KH4
107353,Invesco India Multi Cap Fund - Regular Plan - Growth,Invesco Mutual Fund,Equity Schemes - Multi Cap Fund,Regular,125.53,01-Oct-2026,1.62,2.09,-1.32,10.37,9.56,15.91,0.24,-21.99,65.0,11,10,14,10,61,INF205K01DN2
152310,DSP Multi Cap Fund - Direct Plan - Growth,DSP Mutual Fund,Equity Schemes - Multi Cap Fund,Direct,12.231,01-Oct-2026,0.48,0.68,-0.71,,,17.22,,-20.12,62.5,12,,14,,33,INF740KA1UC1
152307,DSP Multi Cap Fund - Regular Plan - Growth,DSP Mutual Fund,Equity Schemes - Multi Cap Fund,Regular,11.76,01-Oct-2026,1.68,2.07,-2.11,,,17.2,,-20.62,62.5,12,,14,,33,INF740KA1TZ4
153034,Groww Multicap Fund - Direct Plan - Growth,Groww Mutual Fund,Equity Schemes - Multi Cap Fund,Direct,12.2419,01-Oct-2026,0.34,1.12,17.72,,,20.59,,-15.36,61.9,1,,14,,22,INF666M01JD9
153100,Groww Multicap Fund - Regular Plan - Growth,Groww Mutual Fund,Equity Schemes - Multi Cap Fund,Regular,11.8454,01-Oct-2026,1.79,2.77,15.57,,,20.55,,-15.61,61.9,1,,14,,22,INF666M01JG2
151292,HSBC Multi Cap Fund - Regular Plan - Growth,HSBC Mutual Fund,Equity Schemes - Multi Cap Fund,Regular,16.0832,01-Oct-2026,1.56,2.05,,,,,,,,,,,,2,INF336L01QR6
106253,Nippon India Multi Cap Fund - Regular Plan - Institutional Plan Growth Plan,Nippon India Mutual Fund,Equity Schemes - Multi Cap Fund,Regular,21.9544,25-Apr-2017,,,,,,,,,,,,,,0,INF204K01448
152847,Samco Multi Cap Fund - Direct Plan - Growth,Samco Mutual Fund,Equity Schemes - Multi Cap Fund,Direct,9.13,01-Oct-2026,0.77,2.2,-1.08,,,12.73,,-18.49,40.9,13,,14,,23,INF0K1H01198
152848,Samco Multi Cap Fund - Regular Plan - Growth,Samco Mutual Fund,Equity Schemes - Multi Cap Fund,Regular,8.86,01-Oct-2026,2.1,3.69,-2.64,,,12.76,,-19.41,40.9,13,,14,,23,INF0K1H01206
154664,The Wealth Company Multi Cap Fund - Regular Plan - Growth,The Wealth Company Mutual Fund,Equity Schemes - Multi Cap Fund,Regular,9.6721,01-Oct-2026,2.1,2.47,,,,,,,,,,,,1,INF2F0001685
154663,The Wealth Company Multi Cap Fund - Direct Plan - Growth,The Wealth Company Mutual Fund,Equity Schemes - Multi Cap Fund,Direct,9.68,01-Oct-2026,0.4,0.47,,,,,,,,,,,,1,INF2F0001719
153515,UTI Multi Cap Fund - Direct Plan - Growth,UTI Mutual Fund,Equity Schemes - Multi Cap Fund,Direct,10.4434,01-Oct-2026,0.68,1.13,2.04,,,15.22,,-13.66,56.2,8,,14,,17,INF789F1AB89
153516,UTI Multi Cap Fund - Regular Plan - Growth,UTI Mutual Fund,Equity Schemes - Multi Cap Fund,Regular,10.2314,01-Oct-2026,1.75,2.29,0.6,,,15.19,,-13.95,56.2,8,,14,,17,INF789F1AB71
145454,DSP Healthcare Fund - Direct Plan - Growth,DSP Mutual Fund,Equity Schemes - Sectoral Fund,Direct,49.795,01-Oct-2026,0.53,0.75,16.87,20.7,15.3,15.05,0.94,-18.36,61.7,2,1,17,9,61,INF740KA1LG1
145456,DSP Healthcare Fund - Regular Plan - Growth,DSP Mutual Fund,Equity Schemes - Sectoral Fund,Regular,44.405,01-Oct-2026,1.64,2.05,15.33,19.1,13.75,15.03,0.84,-18.92,60.0,2,1,17,9,61,INF740KA1LD8
118759,Nippon India Pharma Fund - Direct Plan - Growth Option,Nippon India Mutual Fund,Equity Schemes - Sectoral Fund,Direct,628.4076,01-Oct-2026,0.79,1.0,13.54,17.62,13.68,14.88,0.75,-16.47,63.3,3,2,17,9,61,INF204K01I50
150716,BANDHAN TRANSPORTATION AND LOGISTICS FUND - Direct Plan - Growth,Bandhan Mutual Fund,Equity Schemes - Sectoral Fund,Direct,20.452,01-Oct-2026,0.77,1.08,1.59,17.38,,16.78,0.65,-23.25,72.3,10,3,17,9,48,INF194KB1EB7
118763,Nippon India Power & Infra Fund - Direct Plan - Growth Option,Nippon India Mutual Fund,Equity Schemes - Sectoral Fund,Direct,397.4755,01-Oct-2026,0.8,1.1,6.44,16.98,19.5,18.53,0.57,-25.09,63.3,7,4,17,9,61,INF204K01I92
102431,Nippon India Pharma Fund - Regular Plan - Growth Option,Nippon India Mutual Fund,Equity Schemes - Sectoral Fund,Regular,558.2323,01-Oct-2026,1.51,1.84,12.55,16.57,12.66,14.87,0.68,-16.86,63.3,3,2,17,9,61,INF204K01968
101262,Nippon India Power & Infra Fund - Regular Plan - Growth Option,Nippon India Mutual Fund,Equity Schemes - Sectoral Fund,Regular,363.3806,01-Oct-2026,1.53,1.95,5.53,16.01,18.6,18.52,0.51,-25.36,63.3,6,3,17,9,61,INF204K01AE0
120385,Invesco India Financial Services Fund - Direct Plan - Growth,Invesco Mutual Fund,Equity Schemes - Sectoral Fund,Direct,166.74,01-Oct-2026,0.71,0.96,4.1,15.6,12.98,16.11,0.56,-17.53,60.0,9,5,17,9,61,INF205K01KY4
150717,BANDHAN TRANSPORTATION AND LOGISTICS FUND - Regular Plan - Growth,Bandhan Mutual Fund,Equity Schemes - Sectoral Fund,Regular,19.228,01-Oct-2026,2.04,2.54,0.07,15.58,,16.76,0.54,-23.72,72.3,10,4,17,9,48,INF194KB1EE1
151040,HSBC Infrastructure Fund - Direct Plan - Growth,HSBC Mutual Fund,Equity Schemes - Sectoral Fund,Direct,56.1298,01-Oct-2026,0.86,1.1,8.25,14.76,,19.63,0.42,-25.0,65.2,5,6,17,9,47,INF917K01FW8
118469,BANDHAN Infrastructure Fund - Direct Plan - Growth,Bandhan Mutual Fund,Equity Schemes - Sectoral Fund,Direct,55.818,01-Oct-2026,0.8,1.05,-2.9,14.42,16.23,20.21,0.39,-28.59,60.0,16,7,17,9,61,INF194K01X46
108378,Invesco India Financial Services Fund - Regular Plan - Growth,Invesco Mutual Fund,Equity Schemes - Sectoral Fund,Regular,137.39,01-Oct-2026,1.78,2.19,2.78,14.11,11.5,16.09,0.47,-18.28,60.0,8,5,17,9,61,INF205K01155
151037,HSBC Infrastructure Fund - Regular Plan - Growth,HSBC Mutual Fund,Equity Schemes - Sectoral Fund,Regular,49.3084,01-Oct-2026,1.72,2.12,7.13,13.58,,19.62,0.36,-25.46,65.2,5,6,17,9,47,INF917K01536
151816,BANDHAN FINANCIAL SERVICES FUND - Direct Plan - Growth,Bandhan Mutual Fund,Equity Schemes - Sectoral Fund,Direct,14.926,01-Oct-2026,0.61,1.0,-0.23,13.5,,16.31,0.43,-16.8,55.3,13,8,17,9,39,INF194KB1GB2
114476,BANDHAN Infrastructure Fund - Regular Plan - Growth,Bandhan Mutual Fund,Equity Schemes - Sectoral Fund,Regular,47.063,01-Oct-2026,1.83,2.25,-4.09,13.02,14.8,20.19,0.32,-29.11,58.3,16,7,17,9,61,INF194K01BY9
151818,BANDHAN FINANCIAL SERVICES FUND - Regular Plan - Growth,Bandhan Mutual Fund,Equity Schemes - Sectoral Fund,Regular,14.183,01-Oct-2026,1.91,2.5,-1.75,11.69,,16.28,0.32,-17.24,55.3,14,8,17,9,39,INF194KB1GE6
118589,Nippon India Banking & Financial Services Fund - Direct Plan - Growth Option,Nippon India Mutual Fund,Equity Schemes - Sectoral Fund,Direct,670.0592,01-Oct-2026,0.83,1.07,-0.63,10.2,12.15,16.23,0.23,-14.89,58.3,14,9,17,9,61,INF204K01XO1
101862,Nippon India Banking & Financial Services Fund - Regular Plan - Growth Option,Nippon India Mutual Fund,Equity Schemes - Sectoral Fund,Regular,606.9708,01-Oct-2026,1.54,1.9,-1.47,9.29,11.24,16.22,0.17,-15.14,58.3,13,9,17,9,61,INF204K01927
153972,Bandhan Healthcare Fund - Direct Plan - Growth,Bandhan Mutual Fund,Equity Schemes - Sectoral Fund,Direct,11.074,01-Oct-2026,0.78,1.31,,,,,,,,,,,,10,INF194KB1KF5
153974,Bandhan Healthcare Fund - Regular Plan - Growth,Bandhan Mutual Fund,Equity Schemes - Sectoral Fund,Regular,10.924,01-Oct-2026,2.1,2.83,,,,,,,,,,,,10,INF194KB1KC2
154250,Canara Robeco Banking and Financial Services Fund - Direct Plan - Growth,Canara Robeco Mutual Fund,Equity Schemes - Sectoral Fund,Direct,10.39,01-Oct-2026,0.7,1.08,,,,,,,,,,,,7,INF760K01LN9
154248,Canara Robeco Banking and Financial Services Fund - Regular Plan - Growth,Canara Robeco Mutual Fund,Equity Schemes - Sectoral Fund,Regular,10.3,01-Oct-2026,2.06,2.67,,,,,,,,,,,,7,INF760K01LM1
152206,DSP Banking & Financial Services Fund - Direct Plan - Growth,DSP Mutual Fund,Equity Schemes - Sectoral Fund,Direct,14.482,01-Oct-2026,0.57,0.81,6.76,,,16.54,,-12.93,63.6,6,,17,,34,INF740KA1TQ3
152208,DSP Banking & Financial Services Fund - Regular Plan - Growth,DSP Mutual Fund,Equity Schemes - Sectoral Fund,Regular,13.892,01-Oct-2026,1.76,2.19,5.23,,,16.51,,-13.04,60.6,7,,17,,34,INF740KA1TN0
152254,Groww Banking & Financial Services Fund - Direct Plan - Growth,Groww Mutual Fund,Equity Schemes - Sectoral Fund,Direct,13.0271,01-Oct-2026,0.58,1.26,10.62,,,16.93,,-13.51,61.3,4,,17,,32,INF666M01HS1
152274,Groww Banking & Financial Services Fund - Regular Plan - Growth,Groww Mutual Fund,Equity Schemes - Sectoral Fund,Regular,12.38,01-Oct-2026,2.1,2.99,8.54,,,16.91,,-14.2,61.3,4,,17,,32,INF666M01HP7
152679,Helios Financial Services Fund - Direct Plan - Growth,Helios Mutual Fund,Equity Schemes - Sectoral Fund,Direct,11.27,01-Oct-2026,0.79,1.15,-2.09,,,17.73,,-17.14,51.9,15,,17,,28,INF0R8701202
152682,Helios Financial Services Fund - Regular Plan - Growth,Helios Mutual Fund,Equity Schemes - Sectoral Fund,Regular,10.87,01-Oct-2026,2.1,2.7,-3.63,,,17.73,,-17.62,51.9,15,,17,,28,INF0R8701178
154547,Invesco India Pharma and Healthcare Fund - Direct Plan - Growth,Invesco Mutual Fund,Equity Schemes - Sectoral Fund,Direct,9.57,01-Oct-2026,0.5,0.59,,,,,,,,,,,,1,INF205KA1BX5
154545,Invesco India Pharma and Healthcare Fund - Regular Plan - Growth,Invesco Mutual Fund,Equity Schemes - Sectoral Fund,Regular,9.55,01-Oct-2026,2.1,2.47,,,,,,,,,,,,1,INF205KA1BU1
152863,Invesco India Technology Fund - Direct Plan - Growth,Invesco Mutual Fund,Equity Schemes - Sectoral Fund,Direct,9.58,01-Oct-2026,0.79,1.02,1.05,,,21.96,,-23.08,50.0,12,,17,,25,INF205KA1965
152862,Invesco India Technology Fund - Regular Plan - Growth,Invesco Mutual Fund,Equity Schemes - Sectoral Fund,Regular,9.28,01-Oct-2026,2.1,2.5,-0.54,,,21.99,,-24.69,50.0,12,,17,,25,INF205KA1932
153674,MahindraManulife Banking & Financial Services Fund - Direct Plan - Growth,Mahindra Manulife Mutual Fund,Equity Schemes - Sectoral Fund,Direct,10.3054,01-Oct-2026,0.65,1.16,4.18,,,20.75,,-14.4,71.4,8,,17,,15,INF174V01CO7
153675,MahindraManulife Banking & Financial Services Fund - Regular Plan - Growth,Mahindra Manulife Mutual Fund,Equity Schemes - Sectoral Fund,Regular,10.0881,01-Oct-2026,2.1,2.79,2.37,,,20.72,,-14.54,71.4,9,,17,,15,INF174V01CL3
152321,WhiteOak Capital Banking & Financial Services Fund - Direct Plan - Growth Option,WhiteOak Capital Mutual Fund,Equity Schemes - Sectoral Fund,Direct,12.788,01-Oct-2026,0.64,1.08,1.28,,,16.57,,-14.32,58.1,11,,17,,32,INF03VN01860
152322,WhiteOak Capital Banking & Financial Services Fund - Regular Plan - Growth Option,WhiteOak Capital Mutual Fund,Equity Schemes - Sectoral Fund,Regular,12.22,01-Oct-2026,2.06,2.75,-0.43,,,16.54,,-14.8,58.1,11,,17,,32,INF03VN01852
152915,WhiteOak Capital Digital Bharat Fund - Direct Plan - Growth Option,WhiteOak Capital Mutual Fund,Equity Schemes - Sectoral Fund,Direct,9.821,01-Oct-2026,0.61,1.41,-3.08,,,23.0,,-24.15,60.9,17,,17,,24,INF03VN01936
152914,WhiteOak Capital Digital Bharat Fund - Regular Plan - Growth Option,WhiteOak Capital Mutual Fund,Equity Schemes - Sectoral Fund,Regular,9.49,01-Oct-2026,2.1,3.16,-4.76,,,22.97,,-24.59,60.9,17,,17,,24,INF03VN01944
152349,WhiteOak Capital Pharma and Healthcare Fund - Direct Plan - Growth Option,WhiteOak Capital Mutual Fund,Equity Schemes - Sectoral Fund,Direct,17.22,01-Oct-2026,0.53,1.09,23.72,,,16.29,,-14.39,67.7,1,,17,,32,INF03VN01886
152348,WhiteOak Capital Pharma and Healthcare Fund - Regular Plan - Growth Option,WhiteOak Capital Mutual Fund,Equity Schemes - Sectoral Fund,Regular,16.443,01-Oct-2026,1.95,2.76,21.6,,,16.27,,-14.63,67.7,1,,17,,32,INF03VN01878
145137,Invesco India Small Cap Fund - Direct Plan - Growth,Invesco Mutual Fund,Equity Schemes - Small Cap Fund,Direct,52.22,01-Oct-2026,0.41,0.63,14.9,21.6,19.24,17.74,0.85,-20.61,65.0,3,1,8,6,61,INF205K013T3
145139,Invesco India Small Cap Fund - Regular Plan - Growth,Invesco Mutual Fund,Equity Schemes - Small Cap Fund,Regular,46.41,01-Oct-2026,1.44,1.83,13.44,19.97,17.57,17.72,0.76,-20.78,63.3,3,1,10,8,61,INF205K011T7
150915,Mahindra Manulife Small Cap Fund - Direct Plan - Growth,Mahindra Manulife Mutual Fund,Equity Schemes - Small Cap Fund,Direct,23.142,01-Oct-2026,0.47,0.92,16.5,19.26,,18.65,0.68,-25.83,66.7,2,2,8,6,46,INF174V01BK7
150912,Mahindra Manulife Small Cap Fund - Regular Plan - Growth,Mahindra Manulife Mutual Fund,Equity Schemes - Small Cap Fund,Regular,21.8183,01-Oct-2026,1.59,2.21,14.93,17.51,,18.61,0.59,-26.27,62.2,2,2,10,8,46,INF174V01BH3
125354,Axis Small Cap Fund - Direct Plan - Growth Option,Axis Mutual Fund,Equity Schemes - Small Cap Fund,Direct,132.52,01-Oct-2026,0.53,0.72,9.82,14.74,15.54,15.03,0.55,-18.58,63.3,5,3,8,6,61,INF846K01K35
151130,HSBC Small Cap Fund,HSBC Mutual Fund,Equity Schemes - Small Cap Fund,Regular,99.5591,01-Oct-2026,1.42,1.78,13.38,13.79,,20.07,0.36,-24.66,63.0,4,3,10,8,47,INF917K01QA1
125350,Axis Small Cap Fund - Regular Plan - Growth Option,Axis Mutual Fund,Equity Schemes - Small Cap Fund,Regular,113.31,01-Oct-2026,1.35,1.69,8.72,13.55,14.19,15.02,0.47,-18.93,63.3,6,4,10,8,61,INF846K01K01
148618,UTI Small Cap Fund - Direct Plan - Growth,UTI Mutual Fund,Equity Schemes - Small Cap Fund,Direct,28.7608,01-Oct-2026,0.73,1.06,5.82,12.88,14.55,17.45,0.37,-19.71,60.0,6,4,8,6,61,INF789F1AUQ1
151133,HSBC Small Cap Fund,HSBC Mutual Fund,Equity Schemes - Small Cap Fund,Regular,88.5105,01-Oct-2026,1.42,1.78,12.23,12.64,,20.05,0.31,-24.98,63.0,5,5,10,8,47,INF917K01QC7
148617,UTI Small Cap Fund - Regular Plan - Growth,UTI Mutual Fund,Equity Schemes - Small Cap Fund,Regular,26.373,01-Oct-2026,1.6,2.03,4.59,11.49,12.93,17.43,0.29,-20.1,60.0,8,6,10,8,61,INF789F1AUO6
146130,Canara Robeco Small Cap Fund - Direct Plan - GROWTH OPTION,Canara Robeco Mutual Fund,Equity Schemes - Small Cap Fund,Direct,44.02,01-Oct-2026,0.46,0.68,4.31,11.32,13.91,16.52,0.29,-22.71,61.7,8,5,8,6,61,INF760K01JC6
120591,ICICI Prudential Small Cap Fund - Direct Plan - Growth,ICICI Prudential Mutual Fund,Equity Schemes - Small Cap Fund,Direct,102.09,01-Oct-2026,0.7,1.18,4.82,11.09,13.74,15.81,0.29,-21.81,58.3,7,6,8,6,61,INF109K015M0
146127,Canara Robeco Small Cap Fund - Regular Plan - GROWTH OPTION,Canara Robeco Mutual Fund,Equity Schemes - Small Cap Fund,Regular,39.28,01-Oct-2026,1.46,1.84,3.07,9.98,12.37,16.48,0.21,-23.08,61.7,10,7,10,8,61,INF760K01JF9
106823,ICICI Prudential Small Cap Fund - Regular Plan - Growth,ICICI Prudential Mutual Fund,Equity Schemes - Small Cap Fund,Regular,89.85,01-Oct-2026,1.5,2.1,3.79,9.93,12.46,15.79,0.22,-22.14,58.3,9,8,10,8,61,INF109K01BI0
154063,Groww Small Cap Fund - Direct Plan - Growth,Groww Mutual Fund,Equity Schemes - Small Cap Fund,Direct,12.8834,01-Oct-2026,0.49,1.09,,,,,,,,,,,,8,INF666M01NJ8
154102,Groww Small Cap Fund - Regular Plan - Growth,Groww Mutual Fund,Equity Schemes - Small Cap Fund,Regular,12.7298,01-Oct-2026,1.94,2.73,,,,,,,,,,,,8,INF666M01NM2
153912,Helios Small Cap Fund - Direct Plan - Growth,Helios Mutual Fund,Equity Schemes - Small Cap Fund,Direct,11.33,01-Oct-2026,0.47,0.9,,,,,,,,,,,,11,INF0R8701384
153909,Helios Small Cap Fund - Regular Plan - Growth,Helios Mutual Fund,Equity Schemes - Small Cap Fund,Regular,11.18,01-Oct-2026,1.77,2.43,,,,,,,,,,,,11,INF0R8701350
151132,HSBC Small Cap Fund,HSBC Mutual Fund,Equity Schemes - Small Cap Fund,Regular,47.2762,01-Oct-2026,1.42,1.78,,,,,,,,,,,,2,INF917K01PZ0
151131,HSBC Small Cap Fund,HSBC Mutual Fund,Equity Schemes - Small Cap Fund,Regular,40.0531,01-Oct-2026,1.42,1.78,,,,,,,,,,,,2,INF917K01QB9
106821,ICICI Prudential Small Cap Fund,ICICI Prudential Mutual Fund,Equity Schemes - Small Cap Fund,Regular,18.65,24-Apr-2020,1.5,2.1,,,,,,,,,,,,0,INF109K01BK6
152614,JM Small Cap Fund - Direct Plan - Growth Option,JM Financial Mutual Fund,Equity Schemes - Small Cap Fund,Direct,11.7289,01-Oct-2026,0.59,0.97,16.88,,,23.21,,-23.51,59.3,1,,8,,28,INF192K01NH3
152612,JM Small Cap Fund - Regular Plan - Growth Option,JM Financial Mutual Fund,Equity Schemes - Small Cap Fund,Regular,11.2919,01-Oct-2026,1.94,2.54,15.03,,,23.18,,-25.17,55.6,1,,10,,28,INF192K01NE0
153196,Mirae Asset Small Cap Fund - Direct Plan - Growth,Mirae Asset Mutual Fund,Equity Schemes - Small Cap Fund,Direct,12.582,01-Oct-2026,0.37,0.7,10.24,,,17.26,,-13.83,68.4,4,,8,,20,INF769K01NJ4
153198,Mirae Asset Small Cap Fund - Regular Plan - Growth,Mirae Asset Mutual Fund,Equity Schemes - Small Cap Fund,Regular,12.257,01-Oct-2026,1.57,2.12,8.57,,,17.23,,-14.37,68.4,7,,10,,20,INF769K01NG0
153868,Samco Small Cap Fund - Direct Plan - Growth,Samco Mutual Fund,Equity Schemes - Small Cap Fund,Direct,12.53,01-Oct-2026,0.79,1.97,,,,,,,,,,,,10,INF0K1H01297
153869,Samco Small Cap Fund - Regular Plan - Growth,Samco Mutual Fund,Equity Schemes - Small Cap Fund,Regular,12.37,01-Oct-2026,2.1,3.41,,,,,,,,,,,,10,INF0K1H01305
149329,Nippon India Taiwan Equity Fund - Direct Plan - Growth Option,Nippon India Mutual Fund,Equity Schemes - Thematic Fund,Direct,38.2075,01-Oct-2026,0.76,1.06,122.9,60.61,,41.22,1.31,-41.08,65.3,1,1,55,31,50,INF204KC1303
149328,Nippon India Taiwan Equity Fund - Regular Plan - Growth Option,Nippon India Mutual Fund,Equity Schemes - Thematic Fund,Regular,35.6498,01-Oct-2026,1.88,2.34,119.92,58.36,,41.18,1.26,-41.9,65.3,1,1,55,31,50,INF204KC1279
151750,HDFC Defence Fund - Direct Plan - Growth Option,HDFC Mutual Fund,Equity Schemes - Thematic Fund,Direct,30.224,01-Oct-2026,0.71,0.89,24.28,36.17,,30.34,0.98,-30.6,64.1,4,2,55,31,40,INF179KC1GI5
151751,HDFC Defence Fund - Regular Plan - Growth Option,HDFC Mutual Fund,Equity Schemes - Thematic Fund,Regular,29.136,01-Oct-2026,1.48,1.79,23.08,34.7,,30.31,0.93,-31.05,61.5,4,2,55,31,40,INF179KC1GL9
130860,Nippon India Japan Equity Fund - Direct Plan - Growth Option,Nippon India Mutual Fund,Equity Schemes - Thematic Fund,Direct,32.2339,01-Oct-2026,1.09,1.37,29.46,23.29,11.19,15.12,1.11,-26.39,61.4,2,3,55,31,58,INF204KA1SI1
130863,Nippon India Japan Equity Fund - Regular Plan - Growth Option,Nippon India Mutual Fund,Equity Schemes - Thematic Fund,Regular,28.4709,01-Oct-2026,2.08,2.5,27.96,21.85,9.82,15.12,1.02,-27.39,61.4,2,3,55,31,58,INF204KA1SH3
143783,Mirae Asset Healthcare Fund - Direct Plan - Growth,Mirae Asset Mutual Fund,Equity Schemes - Thematic Fund,Direct,51.144,01-Oct-2026,0.45,0.62,21.23,21.76,15.42,15.85,0.96,-15.97,65.0,5,4,55,31,61,INF769K01ED6
134923,Nippon India US Equity Opportunities Fund - Direct Plan - Growth Option,Nippon India Mutual Fund,Equity Schemes - Thematic Fund,Direct,47.9399,01-Oct-2026,1.08,1.3,16.18,21.2,12.74,15.6,0.94,-22.38,63.3,9,5,55,31,61,INF204KA15G5
143874,ICICI Prudential Healthcare Fund - Direct Plan - Cumulative,ICICI Prudential Mutual Fund,Equity Schemes - Thematic Fund,Direct,45.92,01-Oct-2026,0.89,1.32,9.33,21.11,15.7,15.49,0.94,-15.64,61.7,19,6,55,31,61,INF109KC1GH2
143873,ICICI Prudential Healthcare Fund - Regular Plan - Cumulative,ICICI Prudential Mutual Fund,Equity Schemes - Thematic Fund,Regular,42.21,01-Oct-2026,1.55,2.08,8.45,20.09,14.7,15.48,0.88,-15.77,61.7,19,4,55,31,61,INF109KC1GE9
143785,Mirae Asset Healthcare Fund - Regular Plan - Growth,Mirae Asset Mutual Fund,Equity Schemes - Thematic Fund,Regular,45.086,01-Oct-2026,1.65,2.04,19.49,20.0,13.73,15.83,0.85,-17.21,63.3,5,5,55,31,61,INF769K01EA2
134922,Nippon India US Equity Opportunities Fund - Regular Plan - Growth Option,Nippon India Mutual Fund,Equity Schemes - Thematic Fund,Regular,42.3947,01-Oct-2026,2.0,2.38,14.91,19.86,11.45,15.58,0.86,-23.03,63.3,9,6,55,31,61,INF204KA12G2
119247,DSP India T.I.G.E.R. Fund - Direct Plan - Growth,DSP Mutual Fund,Equity Schemes - Thematic Fund,Direct,379.193,01-Oct-2026,0.73,1.06,12.06,18.71,20.39,17.66,0.69,-25.38,61.7,16,7,55,31,61,INF740K01PU7
119028,DSP Natural Resources And New Energy Fund - Direct Plan - Growth,DSP Mutual Fund,Equity Schemes - Thematic Fund,Direct,116.702,01-Oct-2026,0.76,1.01,12.19,18.03,15.44,16.89,0.68,-20.4,63.3,13,8,55,31,61,INF740K01QA7
120405,Invesco India Infrastructure Fund - Direct Plan - Growth,Invesco Mutual Fund,Equity Schemes - Thematic Fund,Direct,79.63,01-Oct-2026,0.78,1.21,6.02,17.95,18.22,19.94,0.57,-26.02,60.0,24,9,55,31,61,INF205K01MD4
148634,Axis Innovation Fund - Direct Plan - Growth Option,Axis Mutual Fund,Equity Schemes - Thematic Fund,Direct,22.67,01-Oct-2026,1.04,1.35,14.26,17.88,11.46,14.55,0.78,-18.28,60.0,10,10,55,31,61,INF846K01X71
102434,DSP India T.I.G.E.R. Fund - Regular Plan - Growth,DSP Mutual Fund,Equity Schemes - Thematic Fund,Regular,344.384,01-Oct-2026,1.56,2.03,10.88,17.52,19.26,17.66,0.62,-25.7,61.7,14,7,55,31,61,INF740K01151
118267,Canara Robeco Infrastructure Fund - Direct Plan - GROWTH OPTION,Canara Robeco Mutual Fund,Equity Schemes - Thematic Fund,Direct,180.58,01-Oct-2026,0.89,1.16,-0.02,17.35,18.48,17.29,0.63,-22.89,61.7,31,11,55,31,61,INF760K01FO9
120395,Invesco India PSU Equity Fund - Direct Plan - Growth,Invesco Mutual Fund,Equity Schemes - Thematic Fund,Direct,73.71,01-Oct-2026,0.82,1.26,-2.54,17.24,19.25,21.35,0.5,-29.4,55.0,34,12,55,31,61,INF205K01NG5
148631,Axis Innovation Fund - Regular Plan - Growth Option,Axis Mutual Fund,Equity Schemes - Thematic Fund,Regular,21.11,01-Oct-2026,1.84,2.29,13.19,16.74,10.15,14.56,0.7,-18.94,58.3,10,8,55,31,61,INF846K01Y05
108202,DSP Natural Resources And New Energy Fund - Regular Plan - Growth,DSP Mutual Fund,Equity Schemes - Thematic Fund,Regular,103.471,01-Oct-2026,1.71,2.12,10.9,16.71,14.15,16.88,0.6,-20.76,63.3,13,9,55,31,61,INF740K01060
106654,Invesco India Infrastructure Fund - Regular Plan - Growth,Invesco Mutual Fund,Equity Schemes - Thematic Fund,Regular,65.28,01-Oct-2026,1.82,2.42,4.72,16.4,16.61,19.92,0.5,-26.6,60.0,24,10,55,31,61,INF205K01CD5
120731,UTI - Transportation and Logistics Fund - Direct Plan - Growth,UTI Mutual Fund,Equity Schemes - Thematic Fund,Direct,322.2982,01-Oct-2026,0.8,0.98,-3.4,16.14,18.38,16.89,0.57,-22.98,65.0,39,13,55,31,61,INF789F01SH5
103390,Canara Robeco Infrastructure Fund - Regular Plan - GROWTH OPTION,Canara Robeco Mutual Fund,Equity Schemes - Thematic Fund,Regular,158.19,01-Oct-2026,1.94,2.38,-1.29,15.86,17.0,17.27,0.54,-23.3,56.7,31,11,55,31,61,INF760K01274
152045,Mahindra Manulife Business Cycle Fund - Direct Plan - Growth,Mahindra Manulife Mutual Fund,Equity Schemes - Thematic Fund,Direct,15.5932,01-Oct-2026,0.53,0.93,4.37,15.84,,16.82,0.56,-20.99,69.4,26,14,55,31,37,INF174V01BQ4
112171,Invesco India PSU Equity Fund - Regular Plan - Growth,Invesco Mutual Fund,Equity Schemes - Thematic Fund,Regular,61.24,01-Oct-2026,1.84,2.44,-3.71,15.78,17.69,21.33,0.44,-29.94,51.7,34,12,55,31,61,INF205K01338
151142,HSBC Business Cycles Fund - Direct Plan - Growth,HSBC Mutual Fund,Equity Schemes - Thematic Fund,Direct,47.2043,01-Oct-2026,0.85,1.12,2.17,15.16,,18.75,0.46,-21.4,60.9,28,15,55,31,47,INF917K01RI2
151753,Samco Active Momentum Fund - Direct Plan - Growth,Samco Mutual Fund,Equity Schemes - Thematic Fund,Direct,16.01,01-Oct-2026,0.83,1.92,17.29,15.1,,17.13,0.5,-22.16,57.9,8,16,55,31,39,INF0K1H01081
102398,UTI - Transportation and Logistics Fund - Regular Plan - Growth,UTI Mutual Fund,Equity Schemes - Thematic Fund,Regular,277.6628,01-Oct-2026,1.63,1.91,-4.42,14.87,17.04,16.88,0.5,-23.32,65.0,38,13,55,31,61,INF789F01299
152032,HSBC Consumption Fund - Direct Plan - Growth,HSBC Mutual Fund,Equity Schemes - Thematic Fund,Direct,15.0872,01-Oct-2026,0.67,0.88,0.1,14.34,,17.65,0.44,-18.44,66.7,30,17,55,31,37,INF336L01QZ9
152046,Mahindra Manulife Business Cycle Fund - Regular Plan - Growth,Mahindra Manulife Mutual Fund,Equity Schemes - Thematic Fund,Regular,14.8112,01-Oct-2026,1.85,2.42,2.75,13.91,,16.78,0.44,-21.53,66.7,26,14,55,31,37,INF174V01BN1
151144,HSBC Business Cycles Fund - Regular Plan - Growth,HSBC Mutual Fund,Equity Schemes - Thematic Fund,Regular,42.2827,01-Oct-2026,1.87,2.32,0.96,13.87,,18.74,0.39,-21.76,60.9,28,15,55,31,47,INF917K01RF8
151752,Samco Active Momentum Fund - Regular Plan - Growth,Samco Mutual Fund,Equity Schemes - Thematic Fund,Regular,15.3,01-Oct-2026,2.01,3.23,15.65,13.51,,17.1,0.41,-23.48,57.9,8,16,55,31,39,INF0K1H01073
149318,360 ONE QUANT FUND - Direct Plan - GROWTH Option,360 ONE Mutual Fund,Equity Schemes - Thematic Fund,Direct,18.8914,01-Oct-2026,0.61,1.16,-5.62,13.15,,17.86,0.37,-21.31,65.5,44,18,55,31,59,INF579M01AI2
152027,HSBC Consumption Fund - Regular Plan - Growth,HSBC Mutual Fund,Equity Schemes - Thematic Fund,Regular,14.4757,01-Oct-2026,1.79,2.2,-1.18,12.82,,17.62,0.36,-18.9,66.7,30,17,55,31,37,INF336L01RC6
151368,Axis Business Cycles Fund - Direct Plan - Growth Option,Axis Mutual Fund,Equity Schemes - Thematic Fund,Direct,17.21,01-Oct-2026,1.12,1.6,2.32,12.24,,15.23,0.38,-18.42,72.1,27,19,55,31,44,INF846K016N4
149317,360 ONE QUANT FUND - Regular Plan - GROWTH Option,360 ONE Mutual Fund,Equity Schemes - Thematic Fund,Regular,17.7676,01-Oct-2026,1.79,2.55,-6.89,11.64,,17.85,0.29,-21.75,63.8,44,18,55,31,59,INF579M01AF8
148623,Mirae Asset Banking and Financial Services Fund - Direct Plan - Growth,Mirae Asset Mutual Fund,Equity Schemes - Thematic Fund,Direct,22.113,01-Oct-2026,0.57,0.78,1.56,11.16,11.54,16.15,0.29,-15.03,56.7,29,20,55,31,61,INF769K01GX9
151366,Axis Business Cycles Fund - Regular Plan - Growth Option,Axis Mutual Fund,Equity Schemes - Thematic Fund,Regular,16.44,01-Oct-2026,1.76,2.38,1.29,10.85,,15.18,0.29,-18.84,72.1,27,19,55,31,44,INF846K019N8
148621,Mirae Asset Banking and Financial Services Fund - Regular Plan - Growth,Mirae Asset Mutual Fund,Equity Schemes - Thematic Fund,Regular,20.216,01-Oct-2026,1.73,2.14,0.11,9.56,9.88,16.14,0.19,-15.97,53.3,29,20,55,31,61,INF769K01GU5
118837,Mirae Asset Great Consumer Fund - Direct Plan - Growth,Mirae Asset Mutual Fund,Equity Schemes - Thematic Fund,Direct,105.921,01-Oct-2026,0.44,0.67,-6.46,9.31,11.32,15.58,0.18,-22.89,61.7,50,21,55,31,61,INF769K01BL5
118273,Canara Robeco Consumption Fund - Direct Plan - GROWTH OPTION,Canara Robeco Mutual Fund,Equity Schemes - Thematic Fund,Direct,117.8,01-Oct-2026,0.72,0.96,-6.34,9.11,10.27,15.14,0.17,-19.92,56.7,48,22,55,31,61,INF760K01DU1
145356,Mahindra Manulife Consumption Fund - Direct Plan - Growth,Mahindra Manulife Mutual Fund,Equity Schemes - Thematic Fund,Direct,23.4714,01-Oct-2026,0.73,1.09,-8.58,8.41,10.31,14.63,0.13,-22.0,63.3,52,23,55,31,61,INF174V01663
120780,UTI - India Consumer Fund - Direct Plan - Growth,UTI Mutual Fund,Equity Schemes - Thematic Fund,Direct,58.3509,01-Oct-2026,1.39,1.7,-8.1,8.16,7.41,15.55,0.11,-22.13,58.3,51,24,55,31,61,INF789F01VF3
148751,Invesco India ESG Integration Strategy Fund - Direct Plan - Growth,Invesco Mutual Fund,Equity Schemes - Thematic Fund,Direct,17.69,01-Oct-2026,0.98,1.29,-3.17,8.11,6.27,14.82,0.11,-21.35,58.3,38,25,55,31,61,INF205KA1338
118724,Nippon India Consumption Fund - Direct Plan - Growth Option,Nippon India Mutual Fund,Equity Schemes - Thematic Fund,Direct,204.1397,01-Oct-2026,0.61,0.9,-9.58,7.95,11.0,15.4,0.09,-23.07,60.0,54,26,55,31,61,INF204K01G52
114931,Mirae Asset Great Consumer Fund - Regular Plan - Growth,Mirae Asset Mutual Fund,Equity Schemes - Thematic Fund,Regular,87.381,01-Oct-2026,1.61,2.05,-7.77,7.77,9.69,15.56,0.08,-23.34,61.7,49,21,55,31,61,INF769K01135
112152,Canara Robeco Consumption Fund - Regular Plan - GROWTH OPTION,Canara Robeco Mutual Fund,Equity Schemes - Thematic Fund,Regular,100.94,01-Oct-2026,1.77,2.17,-7.5,7.75,8.87,15.13,0.08,-21.41,56.7,48,22,55,31,61,INF760K01241
148993,Axis Quant Fund - Direct Plan - Growth Option,Axis Mutual Fund,Equity Schemes - Thematic Fund,Direct,16.2,01-Oct-2026,0.83,2.73,-1.4,7.5,8.15,15.23,0.07,-21.89,60.0,33,27,55,31,61,INF846K01Z87
106425,UTI - India Consumer Fund - Regular Plan - Growth,UTI Mutual Fund,Equity Schemes - Thematic Fund,Regular,53.3769,01-Oct-2026,2.04,2.42,-8.86,7.19,6.53,15.54,0.04,-22.76,56.7,51,23,55,31,61,INF789F01CE6
148753,Invesco India ESG Integration Strategy Fund - Regular Plan - Growth,Invesco Mutual Fund,Equity Schemes - Thematic Fund,Regular,16.24,01-Oct-2026,2.09,2.57,-4.47,6.62,4.66,14.82,0.01,-22.99,58.3,39,24,55,31,61,INF205KA1304
145355,Mahindra Manulife Consumption Fund - Regular Plan - Growth,Mahindra Manulife Mutual Fund,Equity Schemes - Thematic Fund,Regular,20.5237,01-Oct-2026,2.1,2.64,-10.09,6.59,8.49,14.61,0.01,-23.61,63.3,52,25,55,31,61,INF174V01630
102751,Nippon India Consumption Fund - Regular Plan - Growth Option,Nippon India Mutual Fund,Equity Schemes - Thematic Fund,Regular,178.8084,01-Oct-2026,1.73,2.19,-10.78,6.52,9.56,15.39,0.0,-24.66,60.0,54,26,55,31,61,INF204K01AQ4
148992,Axis Quant Fund - Regular Plan - Growth Option,Axis Mutual Fund,Equity Schemes - Thematic Fund,Regular,14.91,01-Oct-2026,2.02,4.14,-2.87,5.88,6.47,15.22,-0.04,-22.39,60.0,33,27,55,31,61,INF846K011A2
147306,DSP Quant Fund - Direct Plan - Growth,DSP Mutual Fund,Equity Schemes - Thematic Fund,Direct,21.129,01-Oct-2026,0.7,1.01,-4.75,5.65,3.78,14.3,-0.06,-17.93,51.7,43,28,55,31,61,INF740KA1NQ6
152059,HDFC Technology Fund - Direct Plan - Growth Option,HDFC Mutual Fund,Equity Schemes - Thematic Fund,Direct,11.502,01-Oct-2026,0.9,1.09,-12.15,5.18,,21.21,-0.06,-27.11,52.8,55,29,55,31,37,INF179KC1HI3
147303,DSP Quant Fund - Regular Plan - Growth,DSP Mutual Fund,Equity Schemes - Thematic Fund,Regular,20.025,01-Oct-2026,1.31,1.73,-5.43,4.89,3.03,14.29,-0.11,-18.37,51.7,41,28,55,31,61,INF740KA1NN3
152087,UTI Innovation Fund - Direct Plan - Growth,UTI Mutual Fund,Equity Schemes - Thematic Fund,Direct,11.2138,01-Oct-2026,0.94,1.24,-4.04,4.08,,21.44,-0.11,-30.0,57.1,40,30,55,31,36,INF789F1AZA4
152058,HDFC Technology Fund - Regular Plan - Growth Option,HDFC Mutual Fund,Equity Schemes - Thematic Fund,Regular,11.091,01-Oct-2026,1.84,2.17,-13.15,3.94,,21.19,-0.12,-28.37,52.8,55,29,55,31,37,INF179KC1HF9
152086,UTI Innovation Fund - Regular Plan - Growth,UTI Mutual Fund,Equity Schemes - Thematic Fund,Regular,10.7565,01-Oct-2026,2.02,2.42,-5.32,2.67,,21.41,-0.18,-31.55,54.3,40,30,55,31,36,INF789F1AYY7
149450,Samco Flexi Cap Fund - Direct Plan - Growth,Samco Mutual Fund,Equity Schemes - Thematic Fund,Direct,9.87,01-Oct-2026,0.9,1.83,-6.09,-3.75,,18.57,-0.55,-28.94,56.4,47,31,55,31,56,INF0K1H01024
149449,Samco Flexi Cap Fund - Regular Plan - Growth,Samco Mutual Fund,Equity Schemes - Thematic Fund,Regular,9.23,01-Oct-2026,2.1,3.14,-7.42,-5.1,,18.57,-0.62,-30.41,56.4,47,31,55,31,56,INF0K1H01016
152805,Axis Consumption Fund - Direct Plan - Growth Option,Axis Mutual Fund,Equity Schemes - Thematic Fund,Direct,8.84,01-Oct-2026,0.63,0.89,-9.24,,,16.96,,-18.98,50.0,53,,55,,25,INF846K013X0
152804,Axis Consumption Fund - Regular Plan - Growth Option,Axis Mutual Fund,Equity Schemes - Thematic Fund,Regular,8.59,01-Oct-2026,1.72,2.16,-10.43,,,16.96,,-20.67,50.0,53,,55,,25,INF846K010X6
152202,Axis India Manufacturing Fund - Direct Plan - Growth Option,Axis Mutual Fund,Equity Schemes - Thematic Fund,Direct,16.22,01-Oct-2026,0.6,0.92,13.35,,,17.18,,-22.33,63.6,12,,55,,34,INF846K016S3
152205,Axis India Manufacturing Fund - Regular Plan - Growth Option,Axis Mutual Fund,Equity Schemes - Thematic Fund,Regular,15.61,01-Oct-2026,1.58,2.08,11.82,,,17.14,,-22.73,63.6,12,,55,,34,INF846K013S0
153083,Axis Momentum Fund - Direct Plan - Growth Option,Axis Mutual Fund,Equity Schemes - Thematic Fund,Direct,8.74,01-Oct-2026,0.76,2.4,-2.56,,,20.12,,-19.98,57.1,35,,55,,22,INF846K011Z9
153085,Axis Momentum Fund - Regular Plan - Growth Option,Axis Mutual Fund,Equity Schemes - Thematic Fund,Regular,8.5,01-Oct-2026,1.99,3.85,-3.95,,,20.08,,-20.1,57.1,35,,55,,22,INF846K010Z1
153624,Axis Services Opportunities Fund - Direct Plan - Growth Option,Axis Mutual Fund,Equity Schemes - Thematic Fund,Direct,9.26,01-Oct-2026,0.75,0.94,-5.7,,,18.03,,-17.85,57.1,46,,55,,15,INF846KA1168
153621,Axis Services Opportunities Fund - Regular Plan - Growth Option,Axis Mutual Fund,Equity Schemes - Thematic Fund,Regular,9.11,01-Oct-2026,1.85,2.22,-6.95,,,18.01,,-18.24,57.1,45,,55,,15,INF846KA1135
152878,Bandhan Business Cycle Fund - Direct Plan - Growth,Bandhan Mutual Fund,Equity Schemes - Thematic Fund,Direct,9.59,01-Oct-2026,0.65,1.0,-4.43,,,17.61,,-16.6,52.2,41,,55,,24,INF194KB1IQ6
152877,Bandhan Business Cycle Fund - Regular Plan - Growth,Bandhan Mutual Fund,Equity Schemes - Thematic Fund,Regular,9.302,01-Oct-2026,1.92,2.46,-5.85,,,17.59,,-17.06,47.8,42,,55,,24,INF194KB1IP8
152607,BANDHAN INNOVATION FUND - Direct Plan - Growth,Bandhan Mutual Fund,Equity Schemes - Thematic Fund,Direct,15.616,01-Oct-2026,0.47,0.87,18.35,,,19.84,,-18.42,67.9,7,,55,,29,INF194KB1IE2
152606,BANDHAN INNOVATION FUND - Regular Plan - Growth,Bandhan Mutual Fund,Equity Schemes - Thematic Fund,Regular,15.056,01-Oct-2026,1.67,2.25,16.67,,,19.81,,-18.93,67.9,7,,55,,29,INF194KB1IB8
153722,Bandhan Multi-Factor Fund - Direct Plan - Growth,Bandhan Mutual Fund,Equity Schemes - Thematic Fund,Direct,9.142,01-Oct-2026,0.75,2.58,-6.37,,,15.66,,-13.66,61.5,49,,55,,14,INF194KB1JX0
153721,Bandhan Multi-Factor Fund - Regular Plan - Growth,Bandhan Mutual Fund,Equity Schemes - Thematic Fund,Regular,8.975,01-Oct-2026,2.07,4.09,-7.84,,,15.63,,-14.55,61.5,50,,55,,14,INF194KB1JU6
154490,Baroda BNP Paribas Services Fund - Direct Plan - Growth Option,Baroda BNP Paribas Mutual Fund,Equity Schemes - Thematic Fund,Direct,9.2709,01-Oct-2026,0.46,2.63,,,,,,,,,,,,2,INF251K01VY5
154486,Baroda BNP Paribas Services Fund - Regular Plan - Growth Option,Baroda BNP Paribas Mutual Fund,Equity Schemes - Thematic Fund,Regular,9.2422,01-Oct-2026,2.06,4.52,,,,,,,,,,,,2,INF251K01VV1
152450,Canara Robeco Manufacturing Fund - Direct Plan - Growth Option,Canara Robeco Mutual Fund,Equity Schemes - Thematic Fund,Direct,14.07,01-Oct-2026,0.69,0.96,10.09,,,20.08,,-23.78,60.0,18,,55,,31,INF760K01KZ5
152449,Canara Robeco Manufacturing Fund - Direct Plan - IDWC Option,Canara Robeco Mutual Fund,Equity Schemes - Thematic Fund,Direct,14.07,01-Oct-2026,,,10.18,,,20.08,,-23.71,56.7,17,,55,,31,INF760K01KY8
152447,Canara Robeco Manufacturing Fund - Regular Plan - Growth Option,Canara Robeco Mutual Fund,Equity Schemes - Thematic Fund,Regular,13.59,01-Oct-2026,1.78,2.22,8.72,,,20.0,,-24.17,56.7,18,,55,,31,INF760K01KU6
152448,Canara Robeco Manufacturing Fund - Regular Plan - IDWC Option,Canara Robeco Mutual Fund,Equity Schemes - Thematic Fund,Regular,13.58,01-Oct-2026,,,8.73,,,20.01,,-24.19,56.7,17,,55,,31,INF760K01KW2
153121,DSP Business Cycle Fund - Direct Plan - Growth,DSP Mutual Fund,Equity Schemes - Thematic Fund,Direct,10.005,01-Oct-2026,0.55,1.17,-0.22,,,16.99,,-13.99,52.4,32,,55,,22,INF740KA1UX7
153122,DSP Business Cycle Fund - Regular Plan - Growth,DSP Mutual Fund,Equity Schemes - Thematic Fund,Regular,9.739,01-Oct-2026,1.81,2.63,-1.7,,,16.97,,-14.21,52.4,32,,55,,22,INF740KA1US7
153266,HSBC Financial Services fund - Direct Plan - Growth,HSBC Mutual Fund,Equity Schemes - Thematic Fund,Direct,12.0178,01-Oct-2026,0.73,0.96,5.66,,,20.05,,-12.98,61.1,25,,55,,19,INF336L01RU8
153267,HSBC Financial Services fund - Regular Plan - Growth,HSBC Mutual Fund,Equity Schemes - Thematic Fund,Regular,11.7442,01-Oct-2026,1.96,2.41,4.12,,,20.04,,-13.12,61.1,25,,55,,19,INF336L01RR4
152829,HSBC India Export Opportunities Fund - Direct Plan - Growth,HSBC Mutual Fund,Equity Schemes - Thematic Fund,Direct,11.6948,01-Oct-2026,0.72,1.04,20.66,,,17.66,,-16.17,58.3,6,,55,,25,INF336L01RO1
152830,HSBC India Export Opportunities Fund - Regular Plan - Growth,HSBC Mutual Fund,Equity Schemes - Thematic Fund,Regular,11.3772,01-Oct-2026,1.85,2.37,19.06,,,17.63,,-16.47,58.3,6,,55,,25,INF336L01RL7
153291,Invesco India Business Cycle Fund - Direct Plan - Growth,Invesco Mutual Fund,Equity Schemes - Thematic Fund,Direct,14.02,01-Oct-2026,0.58,0.83,12.07,,,21.07,,-15.37,66.7,15,,55,,19,INF205KA1AI8
153288,Invesco India Business Cycle Fund - Regular Plan - Growth,Invesco Mutual Fund,Equity Schemes - Thematic Fund,Regular,13.67,01-Oct-2026,1.84,2.27,10.33,,,21.03,,-15.79,66.7,16,,55,,19,INF205KA1AF4
153900,Invesco India Consumption Fund - Direct Plan - Growth,Invesco Mutual Fund,Equity Schemes - Thematic Fund,Direct,10.73,01-Oct-2026,0.75,1.19,7.84,,,,,,,20,,55,,12,INF205KA1BI6
153902,Invesco India Consumption Fund - Regular Plan - Growth,Invesco Mutual Fund,Equity Schemes - Thematic Fund,Regular,10.58,01-Oct-2026,2.07,2.68,6.33,,,,,,,20,,55,,12,INF205KA1BF2
152756,Invesco India Manufacturing Fund - Direct Plan - Growth,Invesco Mutual Fund,Equity Schemes - Thematic Fund,Direct,11.78,01-Oct-2026,0.78,1.16,13.93,,,20.3,,-20.32,60.0,11,,55,,26,INF205KA1908
152758,Invesco India Manufacturing Fund - Regular Plan - Growth,Invesco Mutual Fund,Equity Schemes - Thematic Fund,Regular,11.4,01-Oct-2026,2.04,2.58,12.2,,,20.34,,-20.55,60.0,11,,55,,26,INF205KA1874
154082,JioBlackRock Sector Rotation Fund - Direct Plan - Growth Option,Jio BlackRock Mutual Fund,Equity Schemes - Thematic Fund,Direct,9.4159,01-Oct-2026,0.5,0.84,,,,,,,,,,,,8,INF22M001168
154637,JioBlackRock Sector Rotation Fund - Regular Plan - Growth Option,Jio BlackRock Mutual Fund,Equity Schemes - Thematic Fund,Regular,9.3446,01-Oct-2026,1.61,1.98,,,,,,,,,,,,2,INF22M001242
154121,Mahindra Manulife Innovation Opportunities Fund - Direct Plan - Growth,Mahindra Manulife Mutual Fund,Equity Schemes - Thematic Fund,Direct,10.517,01-Oct-2026,0.7,0.97,,,,,,,,,,,,8,INF174V01DA4
154120,Mahindra Manulife Innovation Opportunities Fund - Regular Plan - Growth,Mahindra Manulife Mutual Fund,Equity Schemes - Thematic Fund,Regular,10.3941,01-Oct-2026,2.1,2.55,,,,,,,,,,,,8,INF174V01CX8
152672,Mahindra Manulife Manufacturing Fund - Direct Plan - Growth,Mahindra Manulife Mutual Fund,Equity Schemes - Thematic Fund,Direct,10.6585,01-Oct-2026,0.79,1.2,6.86,,,18.06,,-22.76,55.6,23,,55,,28,INF174V01CC2
152671,Mahindra Manulife Manufacturing Fund - Regular Plan - Growth,Mahindra Manulife Mutual Fund,Equity Schemes - Thematic Fund,Regular,10.2876,01-Oct-2026,2.05,2.62,5.26,,,18.04,,-23.26,55.6,23,,55,,28,INF174V01BZ5
153983,Mirae Asset Infrastructure Fund - Direct Plan - Growth,Mirae Asset Mutual Fund,Equity Schemes - Thematic Fund,Direct,11.118,01-Oct-2026,0.56,0.85,,,,,,,,,,,,10,INF769K01PV4
153985,Mirae Asset Infrastructure Fund - Regular Plan - Growth,Mirae Asset Mutual Fund,Equity Schemes - Thematic Fund,Regular,10.968,01-Oct-2026,2.1,2.66,,,,,,,,,,,,10,INF769K01PS0
154668,Motilal Oswal Quality Fund - Direct Plan - GROWTH,Motilal Oswal Mutual Fund,Equity Schemes - Thematic Fund,Direct,9.8055,01-Oct-2026,1.99,2.34,,,,,,,,,,,,1,INF247L01HI3
154667,Motilal Oswal Quality Fund - Regular Plan - GROWTH,Motilal Oswal Mutual Fund,Equity Schemes - Thematic Fund,Regular,9.8058,01-Oct-2026,2.09,2.46,,,,,,,,,,,,1,INF247L01HL7
153276,Nippon India Active Momentum Fund - Regular Plan - Growth Option,Nippon India Mutual Fund,Equity Schemes - Thematic Fund,Regular,12.1644,01-Oct-2026,1.44,2.27,6.21,,,16.29,,-10.87,72.2,21,,55,,19,INF204KC1EH1
153274,Nippon India Active Momentum Fund - Direct Plan - Growth Option,Nippon India Mutual Fund,Equity Schemes - Thematic Fund,Direct,12.3547,01-Oct-2026,0.6,1.28,7.26,,,16.3,,-10.79,72.2,22,,55,,19,INF204KC1EK5
153693,Nippon India MNC Fund - Direct Plan - Growth Option,Nippon India Mutual Fund,Equity Schemes - Thematic Fund,Direct,10.1648,01-Oct-2026,1.02,1.31,-2.95,,,17.49,,-12.37,71.4,37,,55,,15,INF204KC1FR7
153691,Nippon India MNC Fund - Regular Plan - Growth Option,Nippon India Mutual Fund,Equity Schemes - Thematic Fund,Regular,10.0125,01-Oct-2026,2.1,2.53,-4.15,,,17.48,,-12.65,71.4,36,,55,,15,INF204KC1FO4
154451,NJ Momentum Fund - Direct Plan - Growth Option,NJ Mutual Fund,Equity Schemes - Thematic Fund,Direct,9.78,01-Oct-2026,0.58,2.57,,,,,,,,,,,,2,INF0J8L01172
154452,NJ Momentum Fund - Regular Plan - Growth Option,NJ Mutual Fund,Equity Schemes - Thematic Fund,Regular,9.75,01-Oct-2026,2.1,4.36,,,,,,,,,,,,2,INF0J8L01198
153039,PGIM India Healthcare Fund - Direct Plan - Direct Growth,PGIM India Mutual Fund,Equity Schemes - Thematic Fund,Direct,12.24,01-Oct-2026,0.7,0.96,26.45,,,16.97,,-13.44,61.9,3,,55,,22,INF663L01Z45
153040,PGIM India Healthcare Fund - Regular Plan - Regular Growth,PGIM India Mutual Fund,Equity Schemes - Thematic Fund,Regular,11.87,01-Oct-2026,2.1,2.61,24.29,,,16.96,,-13.65,61.9,3,,55,,22,INF663L01Z52
152586,Samco Special Opportunities Fund - Direct Plan - Growth,Samco Mutual Fund,Equity Schemes - Thematic Fund,Direct,9.43,01-Oct-2026,0.78,2.05,7.4,,,22.84,,-31.83,55.6,21,,55,,28,INF0K1H01180
152587,Samco Special Opportunities Fund - Regular Plan - Growth,Samco Mutual Fund,Equity Schemes - Thematic Fund,Regular,9.09,01-Oct-2026,2.1,3.52,5.82,,,22.81,,-32.67,51.9,22,,55,,28,INF0K1H01172
153204,UTI Quant Fund - Direct Plan - Growth,UTI Mutual Fund,Equity Schemes - Thematic Fund,Direct,10.0775,01-Oct-2026,0.76,0.98,-2.87,,,17.56,,-14.05,50.0,36,,55,,21,INF789F1AA98
153205,UTI Quant Fund - Regular Plan - Growth,UTI Mutual Fund,Equity Schemes - Thematic Fund,Regular,9.8028,01-Oct-2026,1.83,2.17,-4.39,,,17.52,,-15.12,50.0,37,,55,,21,INF789F1AA80
154161,WhiteOak Capital Consumption Opportunities Fund - Direct Plan - Growth Option,WhiteOak Capital Mutual Fund,Equity Schemes - Thematic Fund,Direct,9.887,01-Oct-2026,0.71,1.1,,,,,,,,,,,,8,INF03VN01AD3
154162,WhiteOak Capital Consumption Opportunities Fund - Regular Plan - Growth Option,WhiteOak Capital Mutual Fund,Equity Schemes - Thematic Fund,Regular,9.784,01-Oct-2026,2.1,2.74,,,,,,,,,,,,8,INF03VN01AE1
152962,WhiteOak Capital ESG Best-In-Class Strategy Fund - Direct Plan - Growth Option,WhiteOak Capital Mutual Fund,Equity Schemes - Thematic Fund,Direct,9.815,01-Oct-2026,0.68,0.98,-5.69,,,15.75,,-17.05,52.2,45,,55,,24,INF03VN01951
152963,WhiteOak Capital ESG Best-In-Class Strategy Fund - Regular Plan - Growth Option,WhiteOak Capital Mutual Fund,Equity Schemes - Thematic Fund,Regular,9.495,01-Oct-2026,2.1,2.65,-7.28,,,15.72,,-17.52,47.8,46,,55,,24,INF03VN01969
153189,WhiteOak Capital Quality Equity Fund - Direct Plan - Growth Option,WhiteOak Capital Mutual Fund,Equity Schemes - Thematic Fund,Direct,9.924,01-Oct-2026,0.68,1.04,-4.6,,,16.05,,-16.22,55.0,42,,55,,21,INF03VN01977
153190,WhiteOak Capital Quality Equity Fund - Regular Plan - Growth Option,WhiteOak Capital Mutual Fund,Equity Schemes - Thematic Fund,Regular,9.646,01-Oct-2026,2.08,2.69,-6.18,,,16.01,,-16.68,50.0,43,,55,,21,INF03VN01985
152644,WhiteOak Capital Special Opportunities Fund - Direct Plan - Growth Option,WhiteOak Capital Mutual Fund,Equity Schemes - Thematic Fund,Direct,14.617,01-Oct-2026,0.53,1.33,12.15,,,17.78,,-14.55,66.7,14,,55,,28,INF03VN01902
152643,WhiteOak Capital Special Opportunities Fund - Regular Plan - Growth Option,WhiteOak Capital Mutual Fund,Equity Schemes - Thematic Fund,Regular,14.026,01-Oct-2026,1.77,2.8,10.48,,,17.75,,-15.14,66.7,15,,55,,28,INF03VN01894
149166,Axis Value Fund - Direct Plan - Growth Option,Axis Mutual Fund,Equity Schemes - Value Fund,Direct,20.63,01-Oct-2026,0.64,0.94,6.01,16.61,15.38,14.84,0.68,-16.23,65.0,2,1,7,6,61,INF846K010C0
149167,Axis Value Fund - Regular Plan - Growth Option,Axis Mutual Fund,Equity Schemes - Value Fund,Regular,19.22,01-Oct-2026,1.78,2.28,4.51,14.99,13.76,14.8,0.57,-16.73,65.0,2,1,7,6,61,INF846K013C4
151113,HSBC Value Fund - Direct Plan - Growth,HSBC Mutual Fund,Equity Schemes - Value Fund,Direct,122.4233,01-Oct-2026,0.64,0.89,0.94,14.07,,15.3,0.49,-19.14,67.4,3,2,7,6,47,INF917K01HD4
151110,HSBC Value Fund - Regular Plan - Growth,HSBC Mutual Fund,Equity Schemes - Value Fund,Regular,108.4083,01-Oct-2026,1.45,1.85,-0.03,12.98,,15.29,0.42,-19.46,67.4,3,2,7,6,47,INF677K01023
135341,Groww Value Fund - Direct Plan - Growth,Groww Mutual Fund,Equity Schemes - Value Fund,Direct,31.9455,01-Oct-2026,0.88,1.62,-0.51,11.54,10.76,14.15,0.36,-15.22,61.7,4,3,7,6,61,INF666M01BE4
120486,JM Value Fund - Direct Plan - Growth Option,JM Financial Mutual Fund,Equity Schemes - Value Fund,Direct,106.6403,01-Oct-2026,1.01,1.59,-0.78,11.3,14.06,17.02,0.28,-25.87,56.7,5,4,7,6,61,INF192K01BT3
120751,UTI Value Fund - Direct Plan - Growth,UTI Mutual Fund,Equity Schemes - Value Fund,Direct,172.1909,01-Oct-2026,1.05,1.33,-5.38,10.64,10.01,14.1,0.29,-15.94,61.7,7,5,7,6,61,INF789F01VB2
135343,Groww Value Fund - Regular Plan - Growth,Groww Mutual Fund,Equity Schemes - Value Fund,Regular,26.3477,01-Oct-2026,2.09,2.98,-1.91,10.03,9.12,14.15,0.25,-15.71,58.3,4,3,7,6,61,INF666M01BH7
100254,JM Value Fund - Regular Plan - Growth Option,JM Financial Mutual Fund,Equity Schemes - Value Fund,Regular,93.6109,01-Oct-2026,2.01,2.75,-1.95,9.96,12.93,17.01,0.2,-27.33,55.0,5,4,7,6,61,INF137A01037
103098,UTI Value Fund - Regular Plan - Growth,UTI Mutual Fund,Equity Schemes - Value Fund,Regular,156.1315,01-Oct-2026,1.51,1.85,-5.97,9.9,9.24,14.09,0.24,-16.18,61.7,7,5,7,6,61,INF789F01AG5
149085,Canara Robeco Value Fund - Direct Plan - Growth Option,Canara Robeco Mutual Fund,Equity Schemes - Value Fund,Direct,18.24,01-Oct-2026,0.65,0.86,-4.05,9.56,12.59,14.08,0.22,-18.2,63.3,6,6,7,6,61,INF760K01JW4
149088,Canara Robeco Value Fund - Regular Plan - Growth Option,Canara Robeco Mutual Fund,Equity Schemes - Value Fund,Regular,16.85,01-Oct-2026,1.87,2.28,-5.44,7.94,10.84,14.04,0.1,-18.71,61.7,6,6,7,6,61,INF760K01JZ7
154693,BANK OF INDIA VALUE FUND - Direct Plan - Growth,Bank of India Mutual Fund,Equity Schemes - Value Fund,Direct,10.02,01-Oct-2026,1.14,1.34,,,,,,,,,,,,1,INF761K01HK1
154695,BANK OF INDIA VALUE FUND - Regular Plan - Growth,Bank of India Mutual Fund,Equity Schemes - Value Fund,Regular,10.02,01-Oct-2026,2.1,2.47,,,,,,,,,,,,1,INF761K01HN5
153303,Mahindra Manulife Value Fund - Direct Plan - Growth,Mahindra Manulife Mutual Fund,Equity Schemes - Value Fund,Direct,12.2231,01-Oct-2026,0.58,1.06,7.96,,,15.79,,-9.9,72.2,1,,7,,19,INF174V01CI9
153304,Mahindra Manulife Value Fund - Regular Plan - Growth,Mahindra Manulife Mutual Fund,Equity Schemes - Value Fund,Regular,11.8895,01-Oct-2026,1.92,2.57,6.12,,,15.76,,-10.04,72.2,1,,7,,19,INF174V01CF5
154456,NJ Value Fund - Direct Plan - Growth Option,NJ Mutual Fund,Equity Schemes - Value Fund,Direct,9.11,01-Oct-2026,0.58,2.39,,,,,,,,,,,,2,INF0J8L01214
154458,NJ Value Fund - Regular Plan - Growth Option,NJ Mutual Fund,Equity Schemes - Value Fund,Regular,9.08,01-Oct-2026,2.1,4.18,,,,,,,,,,,,2,INF0J8L01230
140382,Bandhan Aggressive Hybrid Fund - Direct Plan - Growth,Bandhan Mutual Fund,Hybrid Scheme - Aggressive Hybrid Fund,Direct,30.952,01-Oct-2026,0.5,0.88,5.49,13.41,11.07,11.84,0.58,-13.04,66.7,3,1,13,13,61,INF194KA1U56
120819,Quant Aggressive Hybrid Fund - Direct Plan - Growth Option,quant Mutual Fund,Hybrid Scheme - Aggressive Hybrid Fund,Direct,493.4191,01-Oct-2026,0.65,1.44,6.67,12.48,12.12,13.86,0.43,-17.97,61.7,2,2,13,13,61,INF966L01556
118624,Edelweiss Aggressive Hybrid Fund - Direct Plan - growth,Edelweiss Mutual Fund,Hybrid Scheme - Aggressive Hybrid Fund,Direct,73.32,01-Oct-2026,0.37,0.7,0.62,11.96,12.63,10.59,0.52,-11.26,66.7,7,3,13,13,61,INF754K01CE0
140381,Bandhan Aggressive Hybrid Fund - Regular Plan - Growth,Bandhan Mutual Fund,Hybrid Scheme - Aggressive Hybrid Fund,Regular,26.937,01-Oct-2026,1.69,2.25,4.0,11.89,9.6,11.85,0.45,-13.51,65.0,3,1,14,14,61,INF194KA1U15
133035,Kotak Aggressive Hybrid Fund - Direct Plan - Growth,Kotak Mahindra Mutual Fund,Hybrid Scheme - Aggressive Hybrid Fund,Direct,74.71,01-Oct-2026,0.45,0.65,1.43,11.82,11.35,11.54,0.46,-14.17,63.3,6,4,13,13,61,INF174K01F00
143163,Navi Aggressive Hybrid Fund - Direct Plan - Growth,Navi Mutual Fund,Hybrid Scheme - Aggressive Hybrid Fund,Direct,25.2437,01-Oct-2026,0.49,0.71,7.78,11.81,10.95,11.16,0.48,-11.46,61.7,1,5,13,13,61,INF959L01CX3
120261,LIC MF Aggressive Hybrid Fund - Direct Plan - Growth,LIC Mutual Fund,Hybrid Scheme - Aggressive Hybrid Fund,Direct,229.6544,01-Oct-2026,1.13,1.74,3.93,11.2,8.85,11.21,0.42,-14.07,61.7,4,6,13,13,61,INF767K01ED0
101070,Quant Aggressive Hybrid Fund - Regular Plan - Growth Option,quant Mutual Fund,Hybrid Scheme - Aggressive Hybrid Fund,Regular,446.0061,01-Oct-2026,1.75,2.73,5.31,11.02,10.62,13.84,0.33,-18.42,61.7,2,2,14,14,61,INF966L01267
133036,Kotak Aggressive Hybrid Fund - Regular Plan - Growth,Kotak Mahindra Mutual Fund,Hybrid Scheme - Aggressive Hybrid Fund,Regular,62.648,01-Oct-2026,1.51,1.9,0.15,10.37,9.86,11.53,0.34,-14.64,61.7,6,3,14,14,61,INF174K01E92
112012,Edelweiss Aggressive Hybrid Fund,Edelweiss Mutual Fund,Hybrid Scheme - Aggressive Hybrid Fund,Regular,61.9,01-Oct-2026,1.56,2.08,-0.82,10.23,10.78,10.58,0.35,-11.85,63.3,7,4,14,14,61,INF754K01160
112108,Edelweiss Aggressive Hybrid Fund - Regular Plan - Growth,Edelweiss Mutual Fund,Hybrid Scheme - Aggressive Hybrid Fund,Regular,62.55,01-Oct-2026,1.56,2.08,-0.84,10.22,10.72,10.57,0.35,-11.83,63.3,8,5,14,14,61,INF754K01202
100323,LIC MF Aggressive Hybrid Fund - Regular Plan - Growth,LIC Mutual Fund,Hybrid Scheme - Aggressive Hybrid Fund,Regular,199.6698,01-Oct-2026,2.08,2.8,2.81,10.0,7.67,11.2,0.31,-14.45,61.7,4,6,14,14,61,INF767K01030
143162,Navi Aggressive Hybrid Fund - Regular Plan - Growth,Navi Mutual Fund,Hybrid Scheme - Aggressive Hybrid Fund,Regular,21.6888,01-Oct-2026,2.1,2.6,5.84,9.77,8.92,11.14,0.29,-12.14,60.0,1,7,14,14,61,INF959L01DI2
148592,Union Aggressive Hybrid Fund - Direct Plan - Growth Option,Union Mutual Fund,Hybrid Scheme - Aggressive Hybrid Fund,Direct,19.21,01-Oct-2026,0.99,1.63,1.91,9.73,8.54,11.01,0.29,-12.88,61.7,5,7,13,13,61,INF582M01GY0
120674,UTI Aggressive Hybrid Fund - Direct Plan - Growth,UTI Mutual Fund,Hybrid Scheme - Aggressive Hybrid Fund,Direct,421.4767,01-Oct-2026,1.03,1.33,-1.57,9.54,10.01,10.47,0.29,-11.18,63.3,8,8,13,13,61,INF789F01SK9
119019,DSP Aggressive Hybrid Fund - Direct Plan - Growth,DSP Mutual Fund,Hybrid Scheme - Aggressive Hybrid Fund,Direct,381.457,01-Oct-2026,0.57,0.79,-4.18,8.88,8.24,11.04,0.22,-12.78,61.7,13,9,13,13,61,INF740K01NY4
100684,UTI Aggressive Hybrid Fund - Regular Plan - Growth,UTI Mutual Fund,Hybrid Scheme - Aggressive Hybrid Fund,Regular,388.8996,01-Oct-2026,1.54,1.9,-2.19,8.85,9.32,10.46,0.22,-11.42,63.3,9,8,14,14,61,INF789F01323
118546,Franklin India Aggressive Hybrid Fund - Direct Plan - Growth,Franklin Templeton Mutual Fund,Hybrid Scheme - Aggressive Hybrid Fund,Direct,296.4416,01-Oct-2026,0.76,1.11,-3.14,8.59,8.75,10.06,0.21,-10.31,66.7,11,10,13,13,61,INF090I01FZ1
148591,Union Aggressive Hybrid Fund - Regular Plan - Growth Option,Union Mutual Fund,Hybrid Scheme - Aggressive Hybrid Fund,Regular,17.98,01-Oct-2026,2.03,2.85,0.73,8.44,7.3,11.0,0.18,-13.22,61.7,5,9,14,14,61,INF582M01HC4
138386,PGIM India Aggressive Hybrid Equity Fund - Direct Plan - Direct Growth,PGIM India Mutual Fund,Hybrid Scheme - Aggressive Hybrid Fund,Direct,150.17,01-Oct-2026,0.85,1.09,-2.98,8.4,6.38,10.53,0.18,-14.06,55.0,10,11,13,13,61,INF663L01GX2
149601,Sundaram Aggressive Hybrid Fund (Formerly Known as Principal Hybrid Equity Fund) - Direct Plan - GROWTH,Sundaram Mutual Fund,Hybrid Scheme - Aggressive Hybrid Fund,Direct,177.4283,01-Oct-2026,0.63,1.16,-3.41,8.05,,11.02,0.14,-12.49,62.5,12,12,13,13,57,INF173K01FE6
100081,DSP Aggressive Hybrid Fund - Regular Plan - Growth,DSP Mutual Fund,Hybrid Scheme - Aggressive Hybrid Fund,Regular,334.972,01-Oct-2026,1.46,1.84,-5.19,7.74,7.11,11.03,0.11,-13.38,60.0,14,10,14,14,61,INF740K01318
100550,Franklin India Aggressive Hybrid Fund - Regular Plan - Growth,Franklin Templeton Mutual Fund,Hybrid Scheme - Aggressive Hybrid Fund,Regular,255.9057,01-Oct-2026,1.73,2.24,-4.21,7.43,7.6,10.05,0.09,-10.65,66.7,11,11,14,14,61,INF090I01817
119053,Tata Aggressive Hybrid Fund - Direct Plan - Growth Option,Tata Mutual Fund,Hybrid Scheme - Aggressive Hybrid Fund,Direct,474.3365,01-Oct-2026,0.79,1.2,-2.18,7.13,7.61,10.96,0.06,-13.14,63.3,9,13,13,13,61,INF277K01MN2
149599,Sundaram Aggressive Hybrid Fund (Formerly Known as Principal Hybrid Equity Fund) - Regular Plan - GROWTH,Sundaram Mutual Fund,Hybrid Scheme - Aggressive Hybrid Fund,Regular,152.8464,01-Oct-2026,1.51,2.15,-4.41,6.87,,11.01,0.03,-12.9,60.7,12,12,14,14,57,INF173K01CL8
138382,PGIM India Aggressive Hybrid Equity Fund - Regular Plan - Regular Growth,PGIM India Mutual Fund,Hybrid Scheme - Aggressive Hybrid Fund,Regular,123.44,01-Oct-2026,2.1,2.56,-4.48,6.7,4.7,10.52,0.02,-14.96,55.0,13,13,14,14,61,INF663L01HC4
100414,Tata Aggressive Hybrid Fund - Regular Plan - Growth Option,Tata Mutual Fund,Hybrid Scheme - Aggressive Hybrid Fund,Regular,417.7409,01-Oct-2026,1.6,2.14,-3.1,6.12,6.59,10.95,-0.03,-13.48,63.3,10,14,14,14,61,INF277K01303
112013,Edelweiss Aggressive Hybrid Fund,Edelweiss Mutual Fund,Hybrid Scheme - Aggressive Hybrid Fund,Regular,61.49,01-Oct-2026,1.56,2.08,,,,,,,,,,,,2,INF754K01137
119767,Kotak Aggressive Hybrid Fund - Direct Plan - Growth,Kotak Mahindra Mutual Fund,Hybrid Scheme - Aggressive Hybrid Fund,Direct,45.798,01-Oct-2026,0.45,0.65,,,,,,,,,,,,2,INF174K01LL7
143186,Navi Aggressive Hybrid Fund,Navi Mutual Fund,Hybrid Scheme - Aggressive Hybrid Fund,Regular,25.1023,01-Oct-2026,2.1,2.6,,,,,,,,,,,,2,INF959L01DE1
138385,PGIM India Aggressive Hybrid Equity Fund,PGIM India Mutual Fund,Hybrid Scheme - Aggressive Hybrid Fund,Regular,16.6,25-Jul-2016,2.1,2.56,,,,,,,,,,,,0,INF223J01903
142422,PGIM India Aggressive Hybrid Equity Fund,PGIM India Mutual Fund,Hybrid Scheme - Aggressive Hybrid Fund,Regular,13.27,05-Mar-2021,2.1,2.56,,,,,,,,,,,,0,INF663L01ZC6
142421,PGIM India Aggressive Hybrid Equity Fund,PGIM India Mutual Fund,Hybrid Scheme - Aggressive Hybrid Fund,Regular,12.98,05-Mar-2021,2.1,2.56,,,,,,,,,,,,0,INF663L01ZA0
138384,PGIM India Aggressive Hybrid Equity Fund,PGIM India Mutual Fund,Hybrid Scheme - Aggressive Hybrid Fund,Regular,16.48,28-Jul-2019,2.1,2.56,,,,,,,,,,,,0,INF223J01309
138383,PGIM India Aggressive Hybrid Equity Fund,PGIM India Mutual Fund,Hybrid Scheme - Aggressive Hybrid Fund,Regular,30.02,28-Jul-2019,2.1,2.56,,,,,,,,,,,,0,INF223J01325
139823,PGIM India Aggressive Hybrid Equity Fund,PGIM India Mutual Fund,Hybrid Scheme - Aggressive Hybrid Fund,Regular,21.55,05-Mar-2021,2.1,2.56,,,,,,,,,,,,0,INF663L01OE6
139822,PGIM India Aggressive Hybrid Equity Fund,PGIM India Mutual Fund,Hybrid Scheme - Aggressive Hybrid Fund,Regular,20.99,05-Mar-2021,2.1,2.56,,,,,,,,,,,,0,INF663L01OC0
145724,Tata Arbitrage Fund - Direct Plan - Growth Option,Tata Mutual Fund,Hybrid Scheme - Arbitrage Fund,Direct,16.3798,01-Oct-2026,0.26,1.61,6.83,7.48,6.87,0.6,1.63,0.0,100.0,5,1,21,15,61,INF277K017Q3
119771,Kotak Arbitrage Fund - Direct Plan - Growth,Kotak Mahindra Mutual Fund,Hybrid Scheme - Arbitrage Fund,Direct,43.3709,01-Oct-2026,0.33,2.32,6.81,7.47,6.95,0.63,1.54,0.0,100.0,6,2,21,15,61,INF174K01LC6
119526,ADITYA BIRLA SUN LIFE ARBITRAGE FUND - Direct Plan - GROWTH,Aditya Birla Sun Life Mutual Fund,Hybrid Scheme - Arbitrage Fund,Direct,31.012,01-Oct-2026,0.27,1.24,6.78,7.42,6.81,0.61,1.51,0.0,100.0,7,3,21,15,61,INF209K01VP1
130206,Edelweiss Arbitrage Fund - Direct Plan - Growth,Edelweiss Mutual Fund,Hybrid Scheme - Arbitrage Fund,Direct,22.5108,01-Oct-2026,0.33,1.58,6.72,7.4,6.9,0.61,1.48,0.0,100.0,10,4,21,15,61,INF754K01EA4
118474,BANDHAN Arbitrage Fund - Direct Plan - Growth,Bandhan Mutual Fund,Hybrid Scheme - Arbitrage Fund,Direct,37.9257,01-Oct-2026,0.29,1.67,6.54,7.31,6.75,0.62,1.31,0.0,100.0,16,5,21,15,61,INF194K01Y60
118585,Nippon India Arbitrage Fund - Direct Plan - Growth Option,Nippon India Mutual Fund,Hybrid Scheme - Arbitrage Fund,Direct,31.0477,01-Oct-2026,0.29,1.34,6.77,7.31,6.8,0.58,1.4,0.0,100.0,8,6,21,15,61,INF204K01XZ7
129052,HDFC Arbitrage Fund - Direct Plan - Growth Option,HDFC Mutual Fund,Hybrid Scheme - Arbitrage Fund,Direct,21.819,01-Oct-2026,0.34,1.5,6.68,7.3,6.69,0.62,1.29,-0.01,98.3,11,7,21,15,61,INF179KA1KT6
147617,ITI Arbitrage Fund - Direct Plan - Growth Option,ITI Mutual Fund,Hybrid Scheme - Arbitrage Fund,Direct,14.6283,01-Oct-2026,0.21,1.11,6.52,7.3,6.21,0.82,0.98,-0.05,96.6,17,8,21,15,60,INF00XX01440
149550,Sundaram Arbitrage Fund(Formerly Known as Prinicpal Arbitrage Fund) - Direct Plan - GROWTH,Sundaram Mutual Fund,Hybrid Scheme - Arbitrage Fund,Direct,16.5058,01-Oct-2026,0.2,0.99,6.83,7.23,,0.62,1.18,-0.04,96.4,4,9,21,15,57,INF173K01NF7
150251,BARODA BNP PARIBAS ARBITRAGE FUND - Direct Plan - Growth Option,Baroda BNP Paribas Mutual Fund,Hybrid Scheme - Arbitrage Fund,Direct,18.3055,01-Oct-2026,0.31,1.5,6.36,7.22,,0.6,1.2,-0.04,98.1,19,10,21,15,55,INF251K01OT0
142283,DSP Arbitrage fund - Direct Plan - Growth,DSP Mutual Fund,Hybrid Scheme - Arbitrage Fund,Direct,16.901,01-Oct-2026,0.3,1.17,6.57,7.22,6.65,0.63,1.14,0.0,98.3,14,11,21,15,61,INF740KA1DN4
146297,Union Arbitrage Fund - Direct Plan - Growth Option,Union Mutual Fund,Hybrid Scheme - Arbitrage Fund,Direct,15.6993,01-Oct-2026,0.34,1.55,6.66,7.21,6.55,0.66,1.08,0.0,100.0,12,12,21,15,61,INF582M01ES7
145895,LIC MF Arbitrage Fund - Direct Plan - Growth,LIC Mutual Fund,Hybrid Scheme - Arbitrage Fund,Direct,15.6277,01-Oct-2026,0.24,1.09,6.75,7.11,6.6,0.55,1.11,-0.03,98.3,9,13,21,15,61,INF767K01PP0
138875,PGIM India Arbitrage Fund,PGIM India Mutual Fund,Hybrid Scheme - Arbitrage Fund,Regular,21.1775,01-Oct-2026,0.88,1.93,6.59,7.06,6.47,0.6,0.93,-0.02,98.3,2,1,23,17,61,INF223J013N7
152077,Bajaj Finserv Arbitrage Fund - Direct Plan - Growth,Bajaj Finserv Mutual Fund,Hybrid Scheme - Arbitrage Fund,Direct,12.284,01-Oct-2026,0.32,1.34,6.59,6.98,,0.49,0.98,0.0,100.0,13,14,21,15,37,INF0QA701524
105968,Kotak Arbitrage Fund - Regular Plan - Growth,Kotak Mahindra Mutual Fund,Hybrid Scheme - Arbitrage Fund,Regular,40.2796,01-Oct-2026,0.83,2.91,6.16,6.83,6.32,0.63,0.52,-0.04,98.3,4,2,23,17,61,INF174K01302
143614,BANK OF INDIA ARBITRAGE FUND - Direct Plan - Growth,Bank of India Mutual Fund,Hybrid Scheme - Arbitrage Fund,Direct,15.4912,01-Oct-2026,0.31,2.19,6.28,6.8,5.92,0.65,0.46,-0.07,96.7,20,15,21,15,61,INF761K01ED3
106793,HDFC Arbitrage Fund - Regular Plan - Growth Option,HDFC Mutual Fund,Hybrid Scheme - Arbitrage Fund,Regular,32.923,01-Oct-2026,0.8,2.04,6.12,6.73,6.12,0.62,0.37,-0.05,98.3,5,3,23,17,61,INF179K01343
130205,Edelweiss Arbitrage Fund - Regular Plan - Growth,Edelweiss Mutual Fund,Hybrid Scheme - Arbitrage Fund,Regular,20.8011,01-Oct-2026,0.9,2.25,6.01,6.67,6.17,0.61,0.28,-0.05,98.3,12,4,23,17,61,INF754K01EF3
112088,ADITYA BIRLA SUN LIFE ARBITRAGE FUND - Regular Plan - GROWTH,Aditya Birla Sun Life Mutual Fund,Hybrid Scheme - Arbitrage Fund,Regular,28.5143,01-Oct-2026,0.88,1.95,6.02,6.66,6.06,0.61,0.26,-0.03,98.3,10,5,23,17,61,INF209K01264
145723,Tata Arbitrage Fund - Regular Plan - Growth Option,Tata Mutual Fund,Hybrid Scheme - Arbitrage Fund,Regular,15.4214,01-Oct-2026,0.91,2.29,6.01,6.65,6.03,0.6,0.25,0.0,100.0,14,6,23,17,61,INF277K015Q7
113345,Nippon India Arbitrage Fund - Regular Plan - Growth Option,Nippon India Mutual Fund,Hybrid Scheme - Arbitrage Fund,Regular,28.4856,01-Oct-2026,0.88,2.03,6.04,6.57,6.03,0.58,0.12,-0.02,98.3,8,7,23,17,61,INF204K01IY1
146294,Union Arbitrage Fund - Regular Plan - Growth Option,Union Mutual Fund,Hybrid Scheme - Arbitrage Fund,Regular,15.0559,01-Oct-2026,0.87,2.17,6.02,6.57,5.92,0.66,0.11,-0.05,98.3,11,8,23,17,61,INF582M01EW9
108845,BANDHAN Arbitrage Fund - Regular Plan - Growth,Bandhan Mutual Fund,Hybrid Scheme - Arbitrage Fund,Regular,34.7267,01-Oct-2026,0.91,2.39,5.77,6.53,5.99,0.62,0.05,-0.03,96.7,18,9,23,17,61,INF194K01649
142282,DSP Arbitrage fund - Regular Plan - Growth,DSP Mutual Fund,Hybrid Scheme - Arbitrage Fund,Regular,16.013,01-Oct-2026,0.84,1.81,5.88,6.52,5.97,0.62,0.03,-0.05,98.3,15,10,23,17,61,INF740KA1DI4
147618,ITI Arbitrage Fund - Regular Plan - Growth Option,ITI Mutual Fund,Hybrid Scheme - Arbitrage Fund,Regular,13.8833,01-Oct-2026,0.81,1.8,5.77,6.52,5.43,0.81,0.02,-0.12,96.6,19,11,23,17,60,INF00XX01416
149552,Sundaram Arbitrage Fund(Formerly Known as Prinicpal Arbitrage Fund) - Regular Plan - GROWTH,Sundaram Mutual Fund,Hybrid Scheme - Arbitrage Fund,Regular,15.4966,01-Oct-2026,0.82,1.71,6.03,6.44,,0.62,-0.1,-0.1,96.4,9,12,23,17,57,INF173K01NB6
145890,LIC MF Arbitrage Fund - Regular Plan - Growth,LIC Mutual Fund,Hybrid Scheme - Arbitrage Fund,Regular,14.8288,01-Oct-2026,0.74,1.67,6.07,6.41,5.85,0.56,-0.16,-0.1,98.3,7,13,23,17,61,INF767K01PL9
150250,BARODA BNP PARIBAS ARBITRAGE FUND - Regular Plan - Growth Option,Baroda BNP Paribas Mutual Fund,Hybrid Scheme - Arbitrage Fund,Regular,17.1591,01-Oct-2026,0.97,2.27,5.52,6.4,,0.6,-0.17,-0.09,98.1,22,14,23,17,55,INF251K01ON3
138876,PGIM India Arbitrage Fund,PGIM India Mutual Fund,Hybrid Scheme - Arbitrage Fund,Regular,19.6476,01-Oct-2026,0.88,1.93,5.87,6.32,5.73,0.59,-0.31,-0.07,98.3,16,15,23,17,61,INF223J019N4
152078,Bajaj Finserv Arbitrage Fund - Regular Plan - Growth,Bajaj Finserv Mutual Fund,Hybrid Scheme - Arbitrage Fund,Regular,12.025,01-Oct-2026,0.91,2.04,5.84,6.23,,0.48,-0.56,0.0,100.0,17,16,23,17,37,INF0QA701490
143620,BANK OF INDIA ARBITRAGE FUND - Regular Plan - Growth,Bank of India Mutual Fund,Hybrid Scheme - Arbitrage Fund,Regular,14.7441,01-Oct-2026,0.88,2.86,5.67,6.15,5.34,0.64,-0.55,-0.1,95.0,21,17,23,17,61,INF761K01DW5
108844,BANDHAN Arbitrage Fund,Bandhan Mutual Fund,Hybrid Scheme - Arbitrage Fund,Regular,14.8627,17-Feb-2017,0.91,2.39,,,,,,,,,,,,0,INF194K01623
108846,BANDHAN Arbitrage Fund,Bandhan Mutual Fund,Hybrid Scheme - Arbitrage Fund,Regular,21.2517,17-Feb-2017,0.91,2.39,,,,,,,,,,,,0,INF194K01615
154236,Capitalmind Arbitrage Fund - Direct Plan - Growth,Capitalmind Mutual Fund,Hybrid Scheme - Arbitrage Fund,Direct,10.3199,01-Oct-2026,0.18,1.15,,,,,,,,,,,,7,INF226401117
154233,Capitalmind Arbitrage Fund - Regular Plan - Growth,Capitalmind Mutual Fund,Hybrid Scheme - Arbitrage Fund,Regular,10.2755,01-Oct-2026,0.86,1.93,,,,,,,,,,,,7,INF226401141
130208,Edelweiss Arbitrage Fund,Edelweiss Mutual Fund,Hybrid Scheme - Arbitrage Fund,Regular,20.8998,01-Oct-2026,0.9,2.25,,,,,,,,,,,,2,INF754K01EJ5
153043,Franklin India Arbitrage Fund - Direct Plan - Growth,Franklin Templeton Mutual Fund,Hybrid Scheme - Arbitrage Fund,Direct,11.3526,01-Oct-2026,0.23,1.22,7.13,,,0.61,,0.0,100.0,2,,21,,23,INF090I01XS9
153042,Franklin India Arbitrage Fund - Regular Plan - Growth,Franklin Templeton Mutual Fund,Hybrid Scheme - Arbitrage Fund,Regular,11.2011,01-Oct-2026,0.89,1.98,6.36,,,0.6,,0.0,100.0,3,,23,,23,INF090I01XP5
153187,Motilal Oswal Arbitrage Fund - Direct Plan - Growth,Motilal Oswal Mutual Fund,Hybrid Scheme - Arbitrage Fund,Direct,11.3088,01-Oct-2026,0.1,1.0,7.04,,,0.6,,0.0,100.0,3,,21,,22,INF247L01ED1
153188,Motilal Oswal Arbitrage Fund - Regular Plan - Growth,Motilal Oswal Mutual Fund,Hybrid Scheme - Arbitrage Fund,Regular,11.122,01-Oct-2026,1.0,1.99,6.01,,,0.6,,0.0,100.0,13,,23,,22,INF247L01EG4
153979,Old Bridge Arbitrage Fund - Direct Plan - Direct Growth,Old Bridge Mutual Fund,Hybrid Scheme - Arbitrage Fund,Direct,10.5689,01-Oct-2026,0.12,1.19,,,,,,,,,,,,11,INF0S5R01125
153977,Old Bridge Arbitrage Fund - Regular Plan - Regular Growth,Old Bridge Mutual Fund,Hybrid Scheme - Arbitrage Fund,Regular,10.4889,01-Oct-2026,0.84,2.04,,,,,,,,,,,,11,INF0S5R01091
138880,PGIM India Arbitrage Fund,PGIM India Mutual Fund,Hybrid Scheme - Arbitrage Fund,Regular,11.7225,05-Mar-2021,0.88,1.93,,,,,,,,,,,,0,INF223J012N9
142424,PGIM India Arbitrage Fund,PGIM India Mutual Fund,Hybrid Scheme - Arbitrage Fund,Regular,11.0011,06-Aug-2019,0.88,1.93,,,,,,,,,,,,0,INF663L01YU1
138878,PGIM India Arbitrage Fund,PGIM India Mutual Fund,Hybrid Scheme - Arbitrage Fund,Regular,11.4624,01-Oct-2026,0.88,1.93,,,,,,,,,,,,2,INF223J011N1
138879,PGIM India Arbitrage Fund,PGIM India Mutual Fund,Hybrid Scheme - Arbitrage Fund,Regular,10.9435,05-Mar-2021,0.88,1.93,,,,,,,,,,,,0,INF223J010N3
138877,PGIM India Arbitrage Fund,PGIM India Mutual Fund,Hybrid Scheme - Arbitrage Fund,Regular,12.5993,01-Oct-2026,0.88,1.93,,,,,,,,,,,,2,INF223J019M6
138885,PGIM India Arbitrage Fund,PGIM India Mutual Fund,Hybrid Scheme - Arbitrage Fund,Regular,11.4278,05-Mar-2021,0.88,1.93,,,,,,,,,,,,0,INF223J012M1
138884,PGIM India Arbitrage Fund,PGIM India Mutual Fund,Hybrid Scheme - Arbitrage Fund,Regular,10.7541,05-Mar-2021,0.88,1.93,,,,,,,,,,,,0,INF223J010M5
152109,Parag Parikh Arbitrage Fund - Direct Plan - Growth,PPFAS Mutual Fund,Hybrid Scheme - Arbitrage Fund,Direct,12.1736,01-Oct-2026,0.19,0.99,6.49,,,0.45,,0.0,100.0,18,,21,,35,INF879O01225
152110,Parag Parikh Arbitrage Fund - Regular Plan - Growth,PPFAS Mutual Fund,Hybrid Scheme - Arbitrage Fund,Regular,12.0476,01-Oct-2026,0.53,1.39,6.1,,,0.45,,0.0,100.0,6,,23,,35,INF879O01217
153426,quant Arbitrage Fund - Direct Plan - Growth Option,quant Mutual Fund,Hybrid Scheme - Arbitrage Fund,Direct,11.1205,01-Oct-2026,0.28,1.63,7.64,,,0.59,,0.0,100.0,1,,21,,18,INF966L01DW8
153428,quant Arbitrage Fund - Regular Plan - Growth Option,quant Mutual Fund,Hybrid Scheme - Arbitrage Fund,Regular,11.0209,01-Oct-2026,0.83,2.28,6.97,,,0.58,,0.0,100.0,1,,23,,18,INF966L01DZ1
153891,The Wealth Company Arbitrage Fund - Direct Plan - Growth,The Wealth Company Mutual Fund,Hybrid Scheme - Arbitrage Fund,Direct,10.6156,01-Oct-2026,0.2,1.61,5.84,,,,,,,21,,21,,12,INF2F0001271
153892,The Wealth Company Arbitrage Fund - Regular Plan - Growth,The Wealth Company Mutual Fund,Hybrid Scheme - Arbitrage Fund,Regular,10.5475,01-Oct-2026,0.8,2.28,5.26,,,,,,,23,,23,,12,INF2F0001305
153804,TRUSTMF ARBITRAGE FUND - Direct Plan - Growth,Trust Mutual Fund,Hybrid Scheme - Arbitrage Fund,Direct,10.7032,01-Oct-2026,0.17,1.46,6.55,,,0.64,,0.0,100.0,15,,21,,13,INF0GCD01859
153805,TRUSTMF ARBITRAGE FUND - Regular Plan - Growth,Trust Mutual Fund,Hybrid Scheme - Arbitrage Fund,Regular,10.6111,01-Oct-2026,0.85,2.22,5.71,,,0.63,,0.0,100.0,20,,23,,13,INF0GCD01867
154417,ICICI Prudential Balanced Hybrid Fund - Direct Plan - Growth,ICICI Prudential Mutual Fund,Hybrid Scheme - Balanced Hybrid Fund,Direct,9.94,01-Oct-2026,0.5,1.37,,,,,,,,,,,,3,INF109K1A518
154418,ICICI Prudential Balanced Hybrid Fund - Regular Plan - Growth,ICICI Prudential Mutual Fund,Hybrid Scheme - Balanced Hybrid Fund,Regular,9.92,01-Oct-2026,1.5,2.55,,,,,,,,,,,,3,INF109K1A484
148958,Parag Parikh Conservative Hybrid Fund - Direct Plan - Growth,PPFAS Mutual Fund,Hybrid Scheme - Conservative Hybrid Fund,Direct,15.9888,01-Oct-2026,0.24,0.32,3.68,9.0,8.95,3.43,0.73,-2.2,78.3,2,1,6,6,61,INF879O01175
148959,Parag Parikh Conservative Hybrid Fund - Regular Plan - Growth,PPFAS Mutual Fund,Hybrid Scheme - Conservative Hybrid Fund,Regular,15.7312,01-Oct-2026,0.54,0.67,3.35,8.67,8.62,3.43,0.63,-2.22,78.3,2,1,6,6,61,INF879O01209
119839,SBI CONSERVATIVE HYBRID FUND - Direct Plan - Growth,SBI Mutual Fund,Hybrid Scheme - Conservative Hybrid Fund,Direct,83.5319,01-Oct-2026,0.8,0.98,4.47,8.09,8.48,3.83,0.42,-2.75,73.3,1,2,6,6,61,INF200K01TS8
100968,SBI CONSERVATIVE HYBRID FUND - Regular Plan - Growth,SBI Mutual Fund,Hybrid Scheme - Conservative Hybrid Fund,Regular,76.0198,01-Oct-2026,1.23,1.49,3.97,7.56,7.94,3.83,0.28,-2.88,70.0,1,2,6,6,61,INF200K01859
118574,Franklin India Conservative Hybrid Fund - Direct Plan - Growth,Franklin Templeton Mutual Fund,Hybrid Scheme - Conservative Hybrid Fund,Direct,101.7295,01-Oct-2026,0.65,0.82,1.74,7.45,7.05,4.02,0.24,-3.55,70.0,5,3,6,6,61,INF090I01GF1
118491,BANDHAN CONSERVATIVE HYBRID FUND - Direct Plan - Growth,Bandhan Mutual Fund,Hybrid Scheme - Conservative Hybrid Fund,Direct,36.7511,01-Oct-2026,0.74,0.89,2.42,6.81,5.53,4.11,0.08,-3.33,68.3,4,4,6,6,61,INF194K015B9
100948,Franklin India Conservative Hybrid Fund - Regular Plan - Growth,Franklin Templeton Mutual Fund,Hybrid Scheme - Conservative Hybrid Fund,Regular,91.8543,01-Oct-2026,1.14,1.39,1.1,6.72,6.27,4.02,0.05,-3.73,66.7,5,3,6,6,61,INF090I01EA7
120276,LIC MF Conservative Hybrid Fund - Direct Plan - Growth,LIC Mutual Fund,Hybrid Scheme - Conservative Hybrid Fund,Direct,93.4106,01-Oct-2026,1.31,1.69,3.31,6.39,5.47,3.91,-0.03,-2.91,70.0,3,5,6,6,61,INF767K01EO7
112353,BANDHAN CONSERVATIVE HYBRID FUND - Regular Plan - Growth,Bandhan Mutual Fund,Hybrid Scheme - Conservative Hybrid Fund,Regular,32.443,01-Oct-2026,1.67,1.97,1.4,5.79,4.53,4.11,-0.17,-3.57,68.3,4,4,6,6,61,INF194K01RW9
101869,LIC MF Conservative Hybrid Fund - Regular Plan - Growth,LIC Mutual Fund,Hybrid Scheme - Conservative Hybrid Fund,Regular,83.3336,01-Oct-2026,1.82,2.25,2.42,5.38,4.49,3.9,-0.29,-3.11,66.7,3,5,6,6,61,INF767K01808
119635,Sundaram Conservative Hybrid Fund (Formerly Known as Sundaram Debt Oriented Hybrid Fund) - Direct Plan - GROWTH,Sundaram Mutual Fund,Hybrid Scheme - Conservative Hybrid Fund,Direct,32.2336,01-Oct-2026,0.96,1.13,-0.5,5.01,5.07,3.91,-0.38,-4.07,61.7,6,6,6,6,61,INF903J01OP6
112868,Sundaram Conservative Hybrid Fund (Formerly Known as Sundaram Debt Oriented Hybrid Fund) - Regular Plan - GROWTH,Sundaram Mutual Fund,Hybrid Scheme - Conservative Hybrid Fund,Regular,28.9675,01-Oct-2026,1.62,1.89,-1.2,4.09,4.14,3.89,-0.62,-4.14,58.3,6,6,6,6,61,INF903J01HB0
148302,Franklin India Conservative Hybrid Fund - Direct Plan,Franklin Templeton Mutual Fund,Hybrid Scheme - Conservative Hybrid Fund,Direct,0.0,11-Jan-2021,0.65,0.82,,,,,,,,,,,,0,INF090I01WH4
148298,Franklin India Conservative Hybrid Fund - Direct Plan,Franklin Templeton Mutual Fund,Hybrid Scheme - Conservative Hybrid Fund,Direct,0.0,31-Dec-2020,0.65,0.82,,,,,,,,,,,,0,INF090I01WI2
148297,Franklin India Conservative Hybrid Fund,Franklin Templeton Mutual Fund,Hybrid Scheme - Conservative Hybrid Fund,Regular,0.0,11-Jan-2021,1.14,1.39,,,,,,,,,,,,0,INF090I01WE1
148299,Franklin India Conservative Hybrid Fund,Franklin Templeton Mutual Fund,Hybrid Scheme - Conservative Hybrid Fund,Regular,0.0,11-Jan-2021,1.14,1.39,,,,,,,,,,,,0,INF090I01WG6
148300,Franklin India Conservative Hybrid Fund,Franklin Templeton Mutual Fund,Hybrid Scheme - Conservative Hybrid Fund,Regular,0.0,11-Jan-2021,1.14,1.39,,,,,,,,,,,,0,INF090I01WF8
148301,Franklin India Conservative Hybrid Fund - Direct Plan,Franklin Templeton Mutual Fund,Hybrid Scheme - Conservative Hybrid Fund,Direct,0.0,11-Jan-2021,0.65,0.82,,,,,,,,,,,,0,INF090I01WJ0
151713,quant Dynamic Asset Allocation Fund - Direct Plan - Growth Option,quant Mutual Fund,Hybrid Scheme - Dynamic Asset Allocation or Balanced Advantage,Direct,16.6571,01-Oct-2026,0.76,1.59,-1.73,12.13,,15.93,0.35,-17.66,51.2,19,1,21,18,42,INF966L01BL5
131670,Aditya Birla Sun Life Balanced Advantage Fund - Direct Plan - GROWTH,Aditya Birla Sun Life Mutual Fund,Hybrid Scheme - Dynamic Asset Allocation or Balanced Advantage,Direct,126.08,01-Oct-2026,0.59,0.89,4.89,10.87,9.66,8.05,0.54,-8.31,66.7,2,2,21,18,61,INF084M01DJ5
151714,quant Dynamic Asset Allocation Fund - Regular Plan - Growth Option,quant Mutual Fund,Hybrid Scheme - Dynamic Asset Allocation or Balanced Advantage,Regular,15.8098,01-Oct-2026,1.99,3.04,-3.14,10.49,,15.91,0.25,-18.35,48.8,20,1,21,18,42,INF966L01BO9
120377,ICICI Prudential Balanced Advantage Fund - Direct Plan - Growth,ICICI Prudential Mutual Fund,Hybrid Scheme - Dynamic Asset Allocation or Balanced Advantage,Direct,85.11,01-Oct-2026,0.71,1.04,1.98,10.13,9.99,6.9,0.53,-7.38,68.3,9,3,21,18,61,INF109K012B0
118968,HDFC Balanced Advantage Fund - Direct Plan - Growth Option,HDFC Mutual Fund,Hybrid Scheme - Dynamic Asset Allocation or Balanced Advantage,Direct,546.112,01-Oct-2026,0.64,0.78,-2.11,9.97,13.15,10.36,0.33,-9.55,65.0,20,4,21,18,61,INF179K01WA6
118615,Edelweiss Balanced Advantage Fund - Direct Plan - Growth,Edelweiss Mutual Fund,Hybrid Scheme - Dynamic Asset Allocation or Balanced Advantage,Direct,59.33,01-Oct-2026,0.53,0.81,2.86,9.84,8.86,8.64,0.39,-10.43,65.0,6,5,21,18,61,INF754K01BS2
126393,DSP Dynamic Asset Allocation Fund - Direct Plan - Growth,DSP Mutual Fund,Hybrid Scheme - Dynamic Asset Allocation or Balanced Advantage,Direct,32.437,01-Oct-2026,0.59,1.04,2.27,9.74,8.31,6.7,0.48,-5.71,65.0,8,6,21,18,61,INF740K01K81
131666,Aditya Birla Sun Life Balanced Advantage Fund - Regular Plan - GROWTH,Aditya Birla Sun Life Mutual Fund,Hybrid Scheme - Dynamic Asset Allocation or Balanced Advantage,Regular,109.63,01-Oct-2026,1.5,1.95,3.76,9.65,8.39,8.03,0.39,-8.71,65.0,2,2,21,18,61,INF084M01AB8
104685,ICICI Prudential Balanced Advantage Fund - Regular Plan - Growth,ICICI Prudential Mutual Fund,Hybrid Scheme - Dynamic Asset Allocation or Balanced Advantage,Regular,75.79,01-Oct-2026,1.15,1.57,1.42,9.5,9.33,6.9,0.43,-7.51,68.3,7,3,21,18,61,INF109K01BH2
100119,HDFC Balanced Advantage Fund - Regular Plan - Growth Option,HDFC Mutual Fund,Hybrid Scheme - Dynamic Asset Allocation or Balanced Advantage,Regular,501.822,01-Oct-2026,1.09,1.31,-2.67,9.31,12.46,10.35,0.27,-9.73,65.0,19,4,21,18,61,INF179K01830
131355,BANDHAN Balanced Advantage Fund - Direct Plan - Growth,Bandhan Mutual Fund,Hybrid Scheme - Dynamic Asset Allocation or Balanced Advantage,Direct,28.957,01-Oct-2026,0.67,1.07,3.71,9.22,7.81,8.03,0.34,-8.79,66.7,3,7,21,18,61,INF194KA1UH1
149134,SBI Balanced Advantage Fund - Direct Plan - Growth,SBI Mutual Fund,Hybrid Scheme - Dynamic Asset Allocation or Balanced Advantage,Direct,16.0496,01-Oct-2026,0.6,0.86,0.76,8.94,9.52,7.24,0.34,-6.89,63.3,13,8,21,18,61,INF200KA1Y73
150481,Franklin India Balanced Advantage Fund - Direct Plan - Growth,Franklin Templeton Mutual Fund,Hybrid Scheme - Dynamic Asset Allocation or Balanced Advantage,Direct,14.8846,01-Oct-2026,0.47,0.81,-0.85,8.73,,7.68,0.29,-7.78,70.8,18,9,21,18,49,INF090I01WQ5
144335,Kotak Balanced Advantage Fund - Direct Plan - Growth Option,Kotak Mahindra Mutual Fund,Hybrid Scheme - Dynamic Asset Allocation or Balanced Advantage,Direct,22.368,01-Oct-2026,0.54,0.83,0.89,8.72,8.42,7.97,0.28,-8.42,68.3,12,10,21,18,61,INF174KA1210
112117,Edelweiss Balanced Advantage Fund - Regular Plan - Growth,Edelweiss Mutual Fund,Hybrid Scheme - Dynamic Asset Allocation or Balanced Advantage,Regular,51.47,01-Oct-2026,1.47,1.92,1.7,8.57,7.54,8.63,0.24,-10.86,63.3,6,5,21,18,61,INF754K01285
126394,DSP Dynamic Asset Allocation Fund - Regular Plan - Growth,DSP Mutual Fund,Hybrid Scheme - Dynamic Asset Allocation or Balanced Advantage,Regular,27.894,01-Oct-2026,1.62,2.26,1.02,8.41,6.99,6.69,0.29,-6.29,63.3,9,6,21,18,61,INF740K01K57
147789,ITI Balanced Advantage Fund - Direct Plan - Growth Option,ITI Mutual Fund,Hybrid Scheme - Dynamic Asset Allocation or Balanced Advantage,Direct,15.9224,01-Oct-2026,0.64,1.6,-0.67,8.37,7.41,7.65,0.24,-8.02,61.0,17,11,21,18,60,INF00XX01689
127850,BANK OF INDIA BALANCED ADVANTAGE FUND - Direct Plan - Growth,Bank of India Mutual Fund,Hybrid Scheme - Dynamic Asset Allocation or Balanced Advantage,Direct,27.5516,01-Oct-2026,1.01,1.36,3.2,8.27,9.94,10.97,0.16,-12.02,60.0,4,12,21,18,61,INF761K01BO6
149132,SBI Balanced Advantage Fund - Regular Plan - Growth,SBI Mutual Fund,Hybrid Scheme - Dynamic Asset Allocation or Balanced Advantage,Regular,15.296,01-Oct-2026,1.29,1.67,-0.06,8.0,8.49,7.24,0.21,-7.08,63.3,12,7,21,18,61,INF200KA1Y40
131357,BANDHAN Balanced Advantage Fund - Regular Plan - Growth,Bandhan Mutual Fund,Hybrid Scheme - Dynamic Asset Allocation or Balanced Advantage,Regular,24.666,01-Oct-2026,1.73,2.31,2.4,7.83,6.4,8.02,0.17,-9.42,65.0,4,8,21,18,61,INF194KA1UE8
142038,Union Balanced Advantage Fund - Direct Plan - Growth Option,Union Mutual Fund,Hybrid Scheme - Dynamic Asset Allocation or Balanced Advantage,Direct,21.77,01-Oct-2026,0.94,1.47,0.18,7.59,7.18,7.79,0.14,-8.44,63.3,15,13,21,18,61,INF582M01DE9
149261,LIC MF Balanced Advantage Fund - Direct Plan - Growth,LIC Mutual Fund,Hybrid Scheme - Dynamic Asset Allocation or Balanced Advantage,Direct,14.4711,01-Oct-2026,0.78,1.52,0.7,7.57,,8.57,0.12,-9.31,67.2,14,14,21,18,59,INF767K01QY0
144333,Kotak Balanced Advantage Fund - Regular Plan - Growth Option,Kotak Mahindra Mutual Fund,Hybrid Scheme - Dynamic Asset Allocation or Balanced Advantage,Regular,20.349,01-Oct-2026,1.44,1.9,-0.21,7.52,7.16,7.97,0.13,-8.84,65.0,13,9,21,18,61,INF174KA1186
146010,Tata Balanced Advantage Fund - Direct Plan - Growth Option,Tata Mutual Fund,Hybrid Scheme - Dynamic Asset Allocation or Balanced Advantage,Direct,22.4612,01-Oct-2026,0.49,0.7,-0.24,7.24,8.14,7.82,0.09,-7.86,65.0,16,15,21,18,61,INF277K013S8
120784,UTI - Unit Linked Insurance Plan - Direct Plan - Growth,UTI Mutual Fund,Hybrid Scheme - Dynamic Asset Allocation or Balanced Advantage,Direct,45.7822,01-Oct-2026,0.92,1.11,1.16,7.24,5.71,6.59,0.11,-7.95,63.3,11,16,21,18,61,-
150480,Franklin India Balanced Advantage Fund - Regular Plan - Growth,Franklin Templeton Mutual Fund,Hybrid Scheme - Dynamic Asset Allocation or Balanced Advantage,Regular,13.9456,01-Oct-2026,1.69,2.22,-2.25,7.11,,7.66,0.08,-8.23,70.8,17,10,21,18,49,INF090I01WN2
127849,BANK OF INDIA BALANCED ADVANTAGE FUND - Regular Plan - Growth,Bank of India Mutual Fund,Hybrid Scheme - Dynamic Asset Allocation or Balanced Advantage,Regular,25.1581,01-Oct-2026,2.1,2.64,2.0,7.09,8.84,10.96,0.05,-12.42,60.0,5,11,21,18,61,INF761K01BR9
100646,UTI - Unit Linked Insurance Plan - Regular Plan - Growth,UTI Mutual Fund,Hybrid Scheme - Dynamic Asset Allocation or Balanced Advantage,Regular,42.02,01-Oct-2026,1.37,1.6,0.57,6.54,4.98,6.59,0.01,-8.13,63.3,10,12,21,18,61,-
147787,ITI Balanced Advantage Fund - Regular Plan - Growth Option,ITI Mutual Fund,Hybrid Scheme - Dynamic Asset Allocation or Balanced Advantage,Regular,13.9803,01-Oct-2026,2.1,3.25,-2.34,6.51,5.45,7.63,0.0,-8.48,59.3,18,13,21,18,60,INF00XX01655
148658,PGIM India Balanced Advantage Fund - Direct Plan - Direct Growth,PGIM India Mutual Fund,Hybrid Scheme - Dynamic Asset Allocation or Balanced Advantage,Direct,15.84,01-Oct-2026,0.7,0.93,-3.53,6.35,6.74,9.62,-0.02,-10.53,56.7,21,17,21,18,61,INF663L01V49
142035,Union Balanced Advantage Fund - Regular Plan - Growth Option,Union Mutual Fund,Hybrid Scheme - Dynamic Asset Allocation or Balanced Advantage,Regular,19.92,01-Oct-2026,1.87,2.56,-0.94,6.35,5.89,7.79,-0.02,-8.85,61.7,15,14,21,18,61,INF582M01DI0
149259,LIC MF Balanced Advantage Fund - Regular Plan - Growth,LIC Mutual Fund,Hybrid Scheme - Dynamic Asset Allocation or Balanced Advantage,Regular,13.3637,01-Oct-2026,2.05,2.94,-0.74,5.93,,8.55,-0.07,-10.28,63.8,14,15,21,18,59,INF767K01QV6
146007,Tata Balanced Advantage Fund - Regular Plan - Growth Option,Tata Mutual Fund,Hybrid Scheme - Dynamic Asset Allocation or Balanced Advantage,Regular,19.9782,01-Oct-2026,1.52,1.88,-1.48,5.85,6.65,7.81,-0.08,-8.35,63.3,16,16,21,18,61,INF277K010S4
148657,PGIM India Balanced Advantage Fund - Regular Plan - Regular Growth,PGIM India Mutual Fund,Hybrid Scheme - Dynamic Asset Allocation or Balanced Advantage,Regular,14.36,01-Oct-2026,2.05,2.52,-5.09,4.57,4.93,9.6,-0.2,-11.01,55.0,21,17,21,18,61,INF663L01V72
139872,Motilal Oswal Balanced Advantage Fund - Direct Plan - Growth,Motilal Oswal Mutual Fund,Hybrid Scheme - Dynamic Asset Allocation or Balanced Advantage,Direct,21.592,01-Oct-2026,0.93,1.59,1.65,2.25,5.56,13.44,-0.32,-25.42,63.3,10,18,21,18,61,INF247L01635
139870,Motilal Oswal Balanced Advantage Fund - Regular Plan - Growth,Motilal Oswal Mutual Fund,Hybrid Scheme - Dynamic Asset Allocation or Balanced Advantage,Regular,19.1228,01-Oct-2026,2.04,2.84,0.36,0.92,4.23,13.44,-0.42,-26.93,60.0,11,18,21,18,61,INF247L01585
152194,Bajaj Finserv Balanced Advantage Fund - Direct Plan - Growth,Bajaj Finserv Mutual Fund,Hybrid Scheme - Dynamic Asset Allocation or Balanced Advantage,Direct,11.774,01-Oct-2026,0.48,1.01,2.75,,,11.05,,-11.78,63.6,7,,21,,34,INF0QA701656
152196,Bajaj Finserv Balanced Advantage Fund - Regular Plan - Growth,Bajaj Finserv Mutual Fund,Hybrid Scheme - Dynamic Asset Allocation or Balanced Advantage,Regular,11.275,01-Oct-2026,1.83,2.61,1.16,,,11.03,,-12.34,63.6,8,,21,,34,INF0QA701680
152469,Parag Parikh Dynamic Asset Allocation Fund,PPFAS Mutual Fund,Hybrid Scheme - Dynamic Asset Allocation or Balanced Advantage,Regular,10.2021,01-Oct-2026,0.53,0.76,,,,,,,,,,,,2,-
152468,Parag Parikh Dynamic Asset Allocation Fund - Direct Plan - Growth,PPFAS Mutual Fund,Hybrid Scheme - Dynamic Asset Allocation or Balanced Advantage,Direct,11.7361,01-Oct-2026,0.23,0.41,2.9,,,3.75,,-2.35,74.2,5,,21,,32,INF879O01266
152467,Parag Parikh Dynamic Asset Allocation Fund,PPFAS Mutual Fund,Hybrid Scheme - Dynamic Asset Allocation or Balanced Advantage,Regular,9.947,01-Oct-2026,0.53,0.76,,,,,,,,,,,,2,-
152464,Parag Parikh Dynamic Asset Allocation Fund - Regular Plan - Growth,PPFAS Mutual Fund,Hybrid Scheme - Dynamic Asset Allocation or Balanced Advantage,Regular,11.6413,01-Oct-2026,0.53,0.76,2.57,,,3.75,,-2.37,74.2,3,,21,,32,INF879O01233
154185,The Wealth Company Balanced Advantage Fund - Direct Plan - Growth,The Wealth Company Mutual Fund,Hybrid Scheme - Dynamic Asset Allocation or Balanced Advantage,Direct,9.7241,01-Oct-2026,0.29,1.33,,,,,,,,,,,,8,INF2F0001479
154183,The Wealth Company Balanced Advantage Fund - Regular Plan - Growth,The Wealth Company Mutual Fund,Hybrid Scheme - Dynamic Asset Allocation or Balanced Advantage,Regular,9.6026,01-Oct-2026,2.1,3.35,,,,,,,,,,,,8,INF2F0001446
153376,UNIFI DYNAMIC ASSET ALLOCATION FUND - Direct Plan - GROWTH,Unifi Mutual Fund,Hybrid Scheme - Dynamic Asset Allocation or Balanced Advantage,Direct,11.3451,01-Oct-2026,0.79,1.4,8.67,,,0.77,,0.0,100.0,1,,21,,19,INF1MIY01015
153377,UNIFI DYNAMIC ASSET ALLOCATION FUND - Regular Plan - GROWTH,Unifi Mutual Fund,Hybrid Scheme - Dynamic Asset Allocation or Balanced Advantage,Regular,11.2412,01-Oct-2026,1.29,1.99,8.03,,,0.77,,0.0,100.0,1,,21,,19,INF1MIY01023
140347,Edelweiss Equity Savings Fund - Direct Plan - Growth,Edelweiss Mutual Fund,Hybrid Scheme - Equity Savings,Direct,30.306,01-Oct-2026,0.54,1.14,7.5,10.96,9.41,4.22,1.06,-2.77,75.0,2,1,16,14,61,INF843K01KC8
119960,Tata Equity Savings Fund - Direct Plan - Growth Option,Tata Mutual Fund,Hybrid Scheme - Equity Savings,Direct,63.7493,20-Feb-2026,,,6.96,10.86,,3.76,1.16,-2.4,69.2,3,2,16,14,53,INF277K01QH5
101906,Tata Equity Savings Fund - Regular Plan - Growth Option,Tata Mutual Fund,Hybrid Scheme - Equity Savings,Regular,56.3583,20-Feb-2026,,,6.27,10.1,,3.77,0.95,-2.63,67.3,3,1,16,14,53,INF277K01907
140351,Edelweiss Equity Savings Fund - Regular Plan - Growth,Edelweiss Mutual Fund,Hybrid Scheme - Equity Savings,Regular,27.1337,01-Oct-2026,1.38,2.12,6.45,9.87,8.2,4.23,0.8,-2.94,75.0,1,2,16,14,61,INF843K01KG9
131373,Kotak Equity Savings Fund - Direct Plan - Growth,Kotak Mahindra Mutual Fund,Hybrid Scheme - Equity Savings,Direct,30.152,01-Oct-2026,0.57,1.07,3.03,9.54,9.7,5.38,0.57,-5.31,70.0,9,3,16,14,61,INF174K01D28
131372,Kotak Equity Savings Fund - Regular Plan - Growth,Kotak Mahindra Mutual Fund,Hybrid Scheme - Equity Savings,Regular,27.1012,01-Oct-2026,1.46,2.12,1.94,8.35,8.54,5.38,0.34,-5.75,70.0,11,3,16,14,61,INF174K01C78
149679,Sundaram Equity Savings Fund (Formerly Known as Principal Equity Savings Fund) - Direct Plan - GROWTH,Sundaram Mutual Fund,Hybrid Scheme - Equity Savings,Direct,82.2445,01-Oct-2026,0.68,1.35,0.27,8.25,,6.11,0.29,-6.06,64.3,16,4,16,14,57,INF173K01GZ9
136567,DSP Equity Savings Fund - Direct Plan - Growth,DSP Mutual Fund,Hybrid Scheme - Equity Savings,Direct,24.925,01-Oct-2026,0.6,1.11,1.84,8.1,7.26,4.12,0.39,-2.46,63.3,14,5,16,14,61,INF740KA1504
151952,LIC MF Equity Savings Fund - Direct Plan - Growth,LIC Mutual Fund,Hybrid Scheme - Equity Savings,Direct,32.1622,01-Oct-2026,1.11,1.88,2.25,8.07,,7.12,0.22,-5.87,68.4,13,6,16,14,39,INF397L01AZ5
119128,HDFC Equity Savings Fund - Direct Plan - Growth Option,HDFC Mutual Fund,Hybrid Scheme - Equity Savings,Direct,75.279,01-Oct-2026,0.83,1.29,1.49,7.76,7.88,5.18,0.24,-4.26,65.0,15,7,16,14,61,INF179K01XT4
132995,Aditya Birla Sun Life Equity Savings Fund - Direct Plan - GROWTH,Aditya Birla Sun Life Mutual Fund,Hybrid Scheme - Equity Savings,Direct,25.7,01-Oct-2026,0.45,1.21,4.26,7.57,6.4,4.21,0.25,-6.39,70.0,5,8,16,14,61,INF209KA1TP9
134643,SBI EQUITY SAVINGS FUND - Direct Plan - Growth,SBI Mutual Fund,Hybrid Scheme - Equity Savings,Direct,27.1836,01-Oct-2026,0.8,1.49,3.32,7.54,8.0,5.14,0.2,-5.27,68.3,7,9,16,14,61,INF200KA1DF3
136563,DSP Equity Savings Fund - Regular Plan - Growth,DSP Mutual Fund,Hybrid Scheme - Equity Savings,Regular,22.003,01-Oct-2026,1.32,1.96,0.97,7.17,6.33,4.13,0.16,-2.67,63.3,14,4,16,14,61,INF740KA1439
132998,Aditya Birla Sun Life Equity Savings Fund - Regular Plan - GROWTH,Aditya Birla Sun Life Mutual Fund,Hybrid Scheme - Equity Savings,Regular,23.06,01-Oct-2026,0.86,1.69,3.73,7.01,5.65,4.23,0.12,-7.05,70.0,4,5,16,14,61,INF209KA1TS3
151950,LIC MF Equity Savings Fund - Regular Plan - Growth,LIC Mutual Fund,Hybrid Scheme - Equity Savings,Regular,28.1418,01-Oct-2026,1.99,2.85,1.19,6.96,,7.11,0.06,-6.26,63.2,13,6,16,14,39,INF397L01315
134644,SBI EQUITY SAVINGS FUND - Regular Plan - Growth,SBI Mutual Fund,Hybrid Scheme - Equity Savings,Regular,24.4865,01-Oct-2026,1.26,2.03,2.74,6.96,7.42,5.14,0.09,-5.36,66.7,6,7,16,14,61,INF200KA1DA4
144466,Franklin India Equity Savings Fund - Direct Plan - Growth,Franklin Templeton Mutual Fund,Hybrid Scheme - Equity Savings,Direct,18.5717,01-Oct-2026,0.32,0.82,2.93,6.91,6.82,3.58,0.11,-3.52,73.3,10,10,16,14,61,INF090I01PD7
118477,BANDHAN EQUITY SAVINGS FUND - Direct Plan - Growth,Bandhan Mutual Fund,Hybrid Scheme - Equity Savings,Direct,36.063,01-Oct-2026,0.15,0.65,3.33,6.8,6.52,2.79,0.11,-2.01,78.3,6,11,16,14,61,INF194K01Z02
101585,HDFC Equity Savings Fund - Regular Plan - Growth Option,HDFC Mutual Fund,Hybrid Scheme - Equity Savings,Regular,66.498,01-Oct-2026,1.59,2.18,0.56,6.75,6.89,5.18,0.05,-4.49,65.0,15,8,16,14,61,INF179K01AM7
133054,ICICI Prudential Equity Savings Fund - Direct Plan - Cumulative,ICICI Prudential Mutual Fund,Hybrid Scheme - Equity Savings,Direct,24.99,01-Oct-2026,0.43,1.13,2.42,6.6,7.19,2.62,0.04,-3.03,80.0,12,12,16,14,61,INF109KA11J9
149674,Sundaram Equity Savings Fund (Formerly Known as Principal Equity Savings Fund) - Regular Plan - GROWTH,Sundaram Mutual Fund,Hybrid Scheme - Equity Savings,Regular,69.599,01-Oct-2026,1.94,2.79,-1.19,6.58,,6.1,0.01,-6.52,62.5,16,9,16,14,57,INF173K01213
144312,Union Equity Savings Fund - Direct Plan - Growth Option,Union Mutual Fund,Hybrid Scheme - Equity Savings,Direct,17.98,01-Oct-2026,1.25,2.1,3.04,6.51,5.91,4.67,0.0,-3.97,63.3,8,13,16,14,61,INF582M01EC1
138376,PGIM India Equity Savings Fund - Direct Plan - Direct Growth,PGIM India Mutual Fund,Hybrid Scheme - Equity Savings,Direct,57.4934,01-Oct-2026,0.56,1.11,2.61,6.16,5.89,2.87,-0.12,-2.9,78.3,11,14,16,14,61,INF223J01QD0
133051,ICICI Prudential Equity Savings Fund - Regular Plan - Cumulative,ICICI Prudential Mutual Fund,Hybrid Scheme - Equity Savings,Regular,23.15,01-Oct-2026,0.83,1.6,1.94,6.1,6.66,2.6,-0.15,-3.08,76.7,10,10,16,14,61,INF109KA14I5
144461,Franklin India Equity Savings Fund - Regular Plan - Growth,Franklin Templeton Mutual Fund,Hybrid Scheme - Equity Savings,Regular,16.8316,01-Oct-2026,1.0,1.61,2.13,6.08,5.8,3.57,-0.12,-4.01,70.0,9,11,16,14,61,INF090I01PA3
144310,Union Equity Savings Fund - Regular Plan - Growth Option,Union Mutual Fund,Hybrid Scheme - Equity Savings,Regular,17.2,01-Oct-2026,1.66,2.58,2.56,6.03,5.37,4.67,-0.1,-4.08,63.3,7,12,16,14,61,INF582M01EG2
108995,BANDHAN EQUITY SAVINGS FUND - Regular Plan - Growth,Bandhan Mutual Fund,Hybrid Scheme - Equity Savings,Regular,32.133,01-Oct-2026,0.93,1.55,2.39,5.8,5.49,2.79,-0.25,-2.1,76.7,8,13,16,14,61,INF194K01581
138372,PGIM India Equity Savings Fund - Regular Plan - Regular Growth,PGIM India Mutual Fund,Hybrid Scheme - Equity Savings,Regular,50.3169,01-Oct-2026,1.12,1.77,1.88,5.35,5.05,2.87,-0.4,-2.96,71.7,12,14,16,14,61,INF223J01FB7
153758,Bajaj Finserv Equity Savings Fund - Direct Plan - Growth,Bajaj Finserv Mutual Fund,Hybrid Scheme - Equity Savings,Direct,10.494,01-Oct-2026,0.28,1.11,4.69,,,2.58,,-1.08,69.2,4,,16,,14,INF0QA701BT9
153769,Bajaj Finserv Equity Savings Fund - Regular Plan - Growth,Bajaj Finserv Mutual Fund,Hybrid Scheme - Equity Savings,Regular,10.368,01-Oct-2026,1.28,2.29,3.56,,,2.56,,-1.16,61.5,5,,16,,14,INF0QA701BQ5
108993,BANDHAN EQUITY SAVINGS FUND,Bandhan Mutual Fund,Hybrid Scheme - Equity Savings,Regular,12.3608,17-Feb-2017,0.93,1.55,,,,,,,,,,,,0,INF194K01565
108994,BANDHAN EQUITY SAVINGS FUND,Bandhan Mutual Fund,Hybrid Scheme - Equity Savings,Regular,16.0114,08-Jan-2015,0.93,1.55,,,,,,,,,,,,0,INF194K01557
140350,Edelweiss Equity Savings Fund,Edelweiss Mutual Fund,Hybrid Scheme - Equity Savings,Regular,30.317,01-Oct-2026,1.38,2.12,,,,,,,,,,,,2,INF843K01KD6
140352,Edelweiss Equity Savings Fund,Edelweiss Mutual Fund,Hybrid Scheme - Equity Savings,Regular,23.6102,18-Nov-2024,1.38,2.12,,,,,,,,,,,,0,INF843K01KH7
142427,PGIM India Equity Savings Fund,PGIM India Mutual Fund,Hybrid Scheme - Equity Savings,Regular,12.3735,05-Mar-2021,1.12,1.77,,,,,,,,,,,,0,INF663L01YM8
138378,PGIM India Equity Savings Fund,PGIM India Mutual Fund,Hybrid Scheme - Equity Savings,Regular,12.7923,05-Mar-2021,1.12,1.77,,,,,,,,,,,,0,INF223J01QG3
142428,PGIM India Equity Savings Fund,PGIM India Mutual Fund,Hybrid Scheme - Equity Savings,Regular,12.1329,05-Mar-2021,1.12,1.77,,,,,,,,,,,,0,INF663L01YQ9
138370,PGIM India Equity Savings Fund,PGIM India Mutual Fund,Hybrid Scheme - Equity Savings,Regular,12.3639,05-Mar-2021,1.12,1.77,,,,,,,,,,,,0,INF223J01FE1
142426,PGIM India Equity Savings Fund,PGIM India Mutual Fund,Hybrid Scheme - Equity Savings,Regular,12.1179,05-Mar-2021,1.12,1.77,,,,,,,,,,,,0,INF663L01YO4
153705,quant Equity Savings Fund - Direct Plan - Growth Option,quant Mutual Fund,Hybrid Scheme - Equity Savings,Direct,10.9074,01-Oct-2026,0.56,1.99,8.23,,,7.2,,-4.41,78.6,1,,16,,15,INF966L01EC8
153707,quant Equity Savings Fund - Regular Plan - Growth Option,quant Mutual Fund,Hybrid Scheme - Equity Savings,Regular,10.6864,01-Oct-2026,2.02,3.71,6.36,,,7.19,,-4.9,78.6,2,,16,,15,INF966L01EF1
120821,Quant Multi Asset Allocation Fund - Direct Plan - Growth Option,quant Mutual Fund,Hybrid Scheme - Multi Asset Allocation,Direct,177.4595,01-Oct-2026,0.55,1.18,13.65,21.42,18.93,12.26,1.22,-11.72,66.7,1,1,16,8,61,INF966L01580
101072,Quant Multi Asset Allocation Fund - Regular Plan - Growth Option,quant Mutual Fund,Hybrid Scheme - Multi Asset Allocation,Regular,163.029,01-Oct-2026,1.52,2.32,12.3,19.91,17.22,12.25,1.09,-12.19,65.0,1,1,16,8,61,INF966L01200
148457,Nippon India Multi Asset Allocation Fund - Direct Plan - Growth Option,Nippon India Mutual Fund,Hybrid Scheme - Multi Asset Allocation,Direct,26.2137,01-Oct-2026,0.3,0.47,8.56,18.12,14.9,9.46,1.23,-8.08,66.7,6,2,16,8,61,INF204KB19V4
152064,Kotak Multi Asset Allocation Fund - Direct Plan - Growth Option,Kotak Mahindra Mutual Fund,Hybrid Scheme - Multi Asset Allocation,Direct,16.111,01-Oct-2026,0.44,0.64,11.32,17.34,,11.55,0.94,-11.29,74.3,2,3,16,8,36,INF174KA1PD4
148459,Nippon India Multi Asset Allocation Fund - Regular Plan - Growth Option,Nippon India Mutual Fund,Hybrid Scheme - Multi Asset Allocation,Regular,24.2021,01-Oct-2026,1.14,1.44,7.43,16.75,13.48,9.45,1.08,-8.24,66.7,6,2,16,8,61,INF204KB16V0
152065,Kotak Multi Asset Allocation Fund - Regular Plan - Growth Option,Kotak Mahindra Mutual Fund,Hybrid Scheme - Multi Asset Allocation,Regular,15.473,01-Oct-2026,1.4,1.77,10.0,15.84,,11.53,0.81,-11.8,74.3,2,3,16,8,36,INF174KA1PA0
151307,Aditya Birla Sun Life Multi Asset Allocation Fund - Direct Plan - GROWTH,Aditya Birla Sun Life Mutual Fund,Hybrid Scheme - Multi Asset Allocation,Direct,17.182,01-Oct-2026,0.51,0.67,8.76,15.07,,9.92,0.86,-9.74,74.4,5,4,16,8,44,INF209KB15R9
119843,SBI MULTI ASSET ALLOCATION FUND - Direct Plan - Growth,SBI Mutual Fund,Hybrid Scheme - Multi Asset Allocation,Direct,72.9161,01-Oct-2026,0.5,0.69,7.76,14.2,12.9,7.89,0.98,-7.0,70.0,8,5,16,8,61,INF200K01TZ3
151309,Aditya Birla Sun Life Multi Asset Allocation Fund - Regular Plan - GROWTH,Aditya Birla Sun Life Mutual Fund,Hybrid Scheme - Multi Asset Allocation,Regular,16.3332,01-Oct-2026,1.49,1.78,7.49,13.57,,9.9,0.71,-9.92,74.4,5,4,16,8,44,INF209KB12R6
150865,Baroda BNP Paribas Multi Asset Fund - Direct Plan - Growth Option,Baroda BNP Paribas Mutual Fund,Hybrid Scheme - Multi Asset Allocation,Direct,16.3053,01-Oct-2026,0.75,0.92,4.38,13.45,,10.6,0.66,-11.15,68.9,12,6,16,8,46,INF251K01RF2
103408,SBI MULTI ASSET ALLOCATION FUND - Regular Plan - Growth,SBI Mutual Fund,Hybrid Scheme - Multi Asset Allocation,Regular,65.1431,01-Oct-2026,1.12,1.42,6.94,13.22,11.91,7.89,0.85,-7.06,68.3,7,5,16,8,61,INF200K01800
150863,Baroda BNP Paribas Multi Asset Fund - Regular Plan - Growth Option,Baroda BNP Paribas Mutual Fund,Hybrid Scheme - Multi Asset Allocation,Regular,15.4908,01-Oct-2026,1.73,2.06,3.16,12.06,,10.58,0.53,-11.57,68.9,12,6,16,8,46,INF251K01RC9
148053,Tata Multi Asset Allocation Fund - Direct Plan - Growth Option,Tata Mutual Fund,Hybrid Scheme - Multi Asset Allocation,Direct,27.059,01-Oct-2026,0.45,0.65,3.16,12.01,11.64,9.01,0.61,-8.92,65.0,14,7,16,8,61,INF277K019Y3
148050,Tata Multi Asset Allocation Fund - Regular Plan - Growth Option,Tata Mutual Fund,Hybrid Scheme - Multi Asset Allocation,Regular,24.3047,01-Oct-2026,1.57,1.95,1.74,10.41,9.92,9.0,0.43,-9.44,63.3,14,7,16,8,61,INF277K012Z5
151792,Edelweiss Multi Asset Allocation Fund - Direct Plan - Growth,Edelweiss Mutual Fund,Hybrid Scheme - Multi Asset Allocation,Direct,12.6742,01-Oct-2026,0.42,0.79,6.52,7.45,,1.34,0.71,-0.56,97.4,10,8,16,8,40,INF754K01RS8
151795,Edelweiss Multi Asset Allocation Fund - Regular Plan - Growth,Edelweiss Mutual Fund,Hybrid Scheme - Multi Asset Allocation,Regular,12.54,01-Oct-2026,0.7,1.13,6.15,7.1,,1.34,0.45,-0.59,97.4,9,8,16,8,40,INF754K01RO7
152639,Bajaj Finserv Multi Asset Allocation Fund - Direct Plan - Growth,Bajaj Finserv Mutual Fund,Hybrid Scheme - Multi Asset Allocation,Direct,12.2141,01-Oct-2026,0.45,0.74,6.84,,,11.45,,-9.65,59.3,9,,16,,28,INF0QA701821
152642,Bajaj Finserv Multi Asset Allocation Fund - Regular Plan - Growth,Bajaj Finserv Mutual Fund,Hybrid Scheme - Multi Asset Allocation,Regular,11.7944,01-Oct-2026,1.69,2.2,5.3,,,11.43,,-10.22,55.6,10,,16,,28,INF0QA701797
152324,BANDHAN MULTI ASSET ALLOCATION FUND - Direct Plan - Growth,Bandhan Mutual Fund,Hybrid Scheme - Multi Asset Allocation,Direct,14.3711,01-Oct-2026,0.4,0.8,10.36,,,9.61,,-7.78,71.0,3,,16,,32,INF194KB1HM7
152326,BANDHAN MULTI ASSET ALLOCATION FUND - Regular Plan - Growth,Bandhan Mutual Fund,Hybrid Scheme - Multi Asset Allocation,Regular,13.8034,01-Oct-2026,1.57,2.16,8.79,,,9.59,,-8.26,71.0,3,,16,,32,INF194KB1HJ3
152396,Bank of India Multi Asset Allocation Fund - Direct Plan - Growth,Bank of India Mutual Fund,Hybrid Scheme - Multi Asset Allocation,Direct,12.8401,01-Oct-2026,0.74,1.08,9.7,,,8.55,,-8.3,73.3,4,,16,,31,INF761K01FZ3
152398,Bank of India Multi Asset Allocation Fund - Regular Plan - Growth,Bank of India Mutual Fund,Hybrid Scheme - Multi Asset Allocation,Regular,12.4978,01-Oct-2026,1.71,2.22,8.49,,,8.54,,-8.69,73.3,4,,16,,31,INF761K01FW0
154232,Capitalmind Multi Asset Allocation Fund - Direct Plan - Growth,Capitalmind Mutual Fund,Hybrid Scheme - Multi Asset Allocation,Direct,9.6188,01-Oct-2026,0.43,0.98,,,,,,,,,,,,7,INF226401059
154231,Capitalmind Multi Asset Allocation Fund - Regular Plan - Growth,Capitalmind Mutual Fund,Hybrid Scheme - Multi Asset Allocation,Regular,9.5408,01-Oct-2026,1.73,2.47,,,,,,,,,,,,7,INF226401083
153731,Franklin India Multi Asset Allocation Fund - Direct Plan - Growth,Franklin Templeton Mutual Fund,Hybrid Scheme - Multi Asset Allocation,Direct,10.6676,01-Oct-2026,0.4,0.54,5.45,,,12.62,,-8.71,78.6,11,,16,,15,INF090I01YH0
153733,Franklin India Multi Asset Allocation Fund - Regular Plan - Growth,Franklin Templeton Mutual Fund,Hybrid Scheme - Multi Asset Allocation,Regular,10.4664,01-Oct-2026,1.61,1.95,3.75,,,12.6,,-8.84,78.6,11,,16,,15,INF090I01YM0
153246,LIC MF Multi Asset Allocation Fund - Direct Plan - Growth,LIC Mutual Fund,Hybrid Scheme - Multi Asset Allocation,Direct,12.1327,01-Oct-2026,0.59,1.08,3.93,,,13.63,,-11.07,68.4,13,,16,,20,INF767K01RZ5
153248,LIC MF Multi Asset Allocation Fund - Regular Plan - Growth,LIC Mutual Fund,Hybrid Scheme - Multi Asset Allocation,Regular,11.8409,01-Oct-2026,1.8,2.39,2.52,,,13.59,,-11.25,68.4,13,,16,,20,INF767K01RW2
153987,PGIM India Multi Asset Allocation Fund - Direct Plan - Direct Growth,PGIM India Mutual Fund,Hybrid Scheme - Multi Asset Allocation,Direct,10.3,01-Oct-2026,0.54,0.81,,,,,,,,,,,,10,INF663L010A3
153988,PGIM India Multi Asset Allocation Fund - Regular Plan - Regular Growth,PGIM India Mutual Fund,Hybrid Scheme - Multi Asset Allocation,Regular,10.15,01-Oct-2026,1.99,2.52,,,,,,,,,,,,10,INF663L013A7
152474,Quantum Multi Asset Allocation Fund - Direct Plan - Growth Option,Quantum Mutual Fund,Hybrid Scheme - Multi Asset Allocation,Direct,11.85,01-Oct-2026,0.35,0.45,-0.75,,,8.43,,-8.09,70.0,16,,16,,31,INF082J01457
152475,Quantum Multi Asset Allocation Fund - Regular Plan - Growth Option,Quantum Mutual Fund,Hybrid Scheme - Multi Asset Allocation,Regular,11.37,01-Oct-2026,1.69,2.03,-2.32,,,8.42,,-8.26,66.7,16,,16,,31,INF082J01465
152314,Sundaram Multi Asset Allocation Fund - Direct Plan - GROWTH,Sundaram Mutual Fund,Hybrid Scheme - Multi Asset Allocation,Direct,13.1525,01-Oct-2026,0.43,0.78,2.04,,,10.83,,-9.73,65.6,15,,16,,33,INF903JA1LK9
152311,Sundaram Multi Asset Allocation Fund - Regular Plan - GROWTH,Sundaram Mutual Fund,Hybrid Scheme - Multi Asset Allocation,Regular,12.6343,01-Oct-2026,1.57,2.09,0.63,,,10.82,,-9.94,65.6,15,,16,,33,INF903JA1LH5
153999,The Wealth Company Multi Asset Allocation Fund - Direct Plan - Growth,The Wealth Company Mutual Fund,Hybrid Scheme - Multi Asset Allocation,Direct,10.7239,01-Oct-2026,0.35,1.28,,,,,,,,,,,,10,INF2F0001347
154002,The Wealth Company Multi Asset Allocation Fund - Regular Plan - Growth,The Wealth Company Mutual Fund,Hybrid Scheme - Multi Asset Allocation,Regular,10.5835,01-Oct-2026,1.81,2.9,,,,,,,,,,,,10,INF2F0001313
152787,Union Multi Asset Allocation Fund - Direct Plan - Growth Option,Union Mutual Fund,Hybrid Scheme - Multi Asset Allocation,Direct,12.07,01-Oct-2026,0.89,1.3,7.96,,,11.78,,-9.29,66.7,7,,16,,25,INF582M01JY4
152786,Union Multi Asset Allocation Fund - Regular Plan - Growth Option,Union Mutual Fund,Hybrid Scheme - Multi Asset Allocation,Regular,11.78,01-Oct-2026,1.84,2.42,6.7,,,11.72,,-9.3,62.5,8,,16,,25,INF582M01JU2
139527,BANK OF INDIA AGGRESSIVE HYBRID FUND - Direct Plan - Growth,Bank of India Mutual Fund,Hybrid Schemes - Aggressive Hybrid Fund,Direct,46.87,01-Oct-2026,0.56,0.86,14.51,16.05,14.62,14.99,0.64,-18.39,66.7,1,1,15,15,61,INF761K01DM6
139529,BANK OF INDIA AGGRESSIVE HYBRID FUND - Regular Plan - Growth,Bank of India Mutual Fund,Hybrid Schemes - Aggressive Hybrid Fund,Regular,42.31,01-Oct-2026,1.74,2.25,12.98,14.59,13.31,14.98,0.54,-18.9,65.0,1,1,15,15,61,INF761K01DP9
151122,HSBC Aggressive Hybrid Fund - Direct Plan - Growth,HSBC Mutual Fund,Hybrid Schemes - Aggressive Hybrid Fund,Direct,66.6657,01-Oct-2026,0.72,0.95,4.68,12.39,,12.9,0.46,-16.75,69.6,2,2,15,15,47,INF917K01LE4
120251,ICICI Prudential Aggressive Hybrid Fund - Direct Plan - Growth,ICICI Prudential Mutual Fund,Hybrid Schemes - Aggressive Hybrid Fund,Direct,435.43,01-Oct-2026,0.78,1.07,-1.25,11.98,13.32,10.05,0.55,-10.42,63.3,10,3,15,15,61,INF109K01Y07
120484,JM Aggressive Hybrid Fund - Direct Plan - Growth Option,JM Financial Mutual Fund,Hybrid Schemes - Aggressive Hybrid Fund,Direct,134.8609,01-Oct-2026,0.75,1.16,-0.85,11.61,12.14,12.67,0.4,-16.35,55.0,9,4,15,15,61,INF192K01BQ9
100356,ICICI Prudential Aggressive Hybrid Fund - Regular Plan - Growth,ICICI Prudential Mutual Fund,Hybrid Schemes - Aggressive Hybrid Fund,Regular,389.76,01-Oct-2026,1.24,1.61,-1.82,11.32,12.67,10.04,0.48,-10.64,61.7,7,2,15,15,61,INF109K01480
119609,SBI AGGRESSIVE HYBRID FUND - Direct Plan - Growth,SBI Mutual Fund,Hybrid Schemes - Aggressive Hybrid Fund,Direct,338.7768,01-Oct-2026,0.57,0.76,2.33,11.28,9.11,10.21,0.47,-9.45,63.3,3,5,15,15,61,INF200K01RY0
151120,HSBC Aggressive Hybrid Fund - Regular Plan - Growth,HSBC Mutual Fund,Hybrid Schemes - Aggressive Hybrid Fund,Regular,57.9452,01-Oct-2026,1.58,1.96,3.59,11.22,,12.89,0.37,-17.11,67.4,2,3,15,15,47,INF917K01LB0
147446,Mahindra Manulife Aggressive Hybrid Fund - Direct Plan - Growth,Mahindra Manulife Mutual Fund,Hybrid Schemes - Aggressive Hybrid Fund,Direct,29.0299,01-Oct-2026,0.49,0.86,-3.65,10.63,10.76,11.42,0.36,-11.63,66.7,13,6,15,15,61,INF174V01788
102885,SBI AGGRESSIVE HYBRID FUND - Regular Plan - Growth,SBI Mutual Fund,Hybrid Schemes - Aggressive Hybrid Fund,Regular,304.2941,01-Oct-2026,1.12,1.4,1.66,10.54,8.38,10.2,0.4,-9.66,63.3,3,4,15,15,61,INF200K01107
134813,Mirae Asset Aggressive Hybrid Fund - Direct Plan - Growth,Mirae Asset Mutual Fund,Hybrid Schemes - Aggressive Hybrid Fund,Direct,38.13,01-Oct-2026,0.41,0.63,1.9,10.27,9.35,10.82,0.35,-12.48,63.3,4,7,15,15,61,INF769K01DH9
150260,BARODA BNP PARIBAS AGGRESSIVE HYBRID FUND - Direct Plan - Growth Option,Baroda BNP Paribas Mutual Fund,Hybrid Schemes - Aggressive Hybrid Fund,Direct,31.2738,01-Oct-2026,0.53,0.68,-0.56,10.07,,10.89,0.33,-12.05,63.0,7,8,15,15,55,INF251K01OZ7
143537,Invesco India Aggressive Hybrid Fund - Direct Plan - Growth,Invesco Mutual Fund,Hybrid Schemes - Aggressive Hybrid Fund,Direct,23.3878,01-Oct-2026,0.68,0.88,-6.41,10.06,8.97,11.62,0.31,-14.17,61.7,15,9,15,15,61,INF205K014Q7
100221,JM Aggressive Hybrid Fund - Regular Plan - Growth Option,JM Financial Mutual Fund,Hybrid Schemes - Aggressive Hybrid Fund,Regular,115.8634,01-Oct-2026,2.05,2.69,-2.36,9.8,10.6,12.65,0.26,-18.46,55.0,11,5,15,15,61,INF192K01544
118272,Canara Robeco Aggressive Hybrid Fund - Direct Plan - GROWTH OPTION,Canara Robeco Mutual Fund,Hybrid Schemes - Aggressive Hybrid Fund,Direct,403.39,01-Oct-2026,0.54,0.69,-0.68,9.77,8.61,10.74,0.3,-12.26,61.7,8,10,15,15,61,INF760K01EZ8
147447,Mahindra Manulife Aggressive Hybrid Fund - Regular Plan - Growth,Mahindra Manulife Mutual Fund,Hybrid Schemes - Aggressive Hybrid Fund,Regular,25.5908,01-Oct-2026,1.67,2.19,-5.06,8.91,8.89,11.4,0.21,-12.2,65.0,13,6,15,15,61,INF174V01754
120517,Aditya Birla Sun Life Aggressive Hybrid Fund - Direct Plan - GROWTH,Aditya Birla Sun Life Mutual Fund,Hybrid Schemes - Aggressive Hybrid Fund,Direct,1671.0,01-Oct-2026,0.91,1.16,-1.35,8.81,7.35,10.78,0.21,-12.55,63.3,11,11,15,15,61,INF209K01ZC0
134815,Mirae Asset Aggressive Hybrid Fund - Regular Plan - Growth,Mirae Asset Mutual Fund,Hybrid Schemes - Aggressive Hybrid Fund,Regular,32.168,01-Oct-2026,1.51,1.93,0.56,8.81,7.88,10.81,0.21,-12.96,63.3,4,7,15,15,61,INF769K01DE6
144394,Axis Aggressive Hybrid Fund - Direct Plan - Growth Option,Axis Mutual Fund,Hybrid Schemes - Aggressive Hybrid Fund,Direct,22.2,01-Oct-2026,0.94,1.19,-0.22,8.58,6.18,11.13,0.19,-12.97,58.3,6,12,15,15,61,INF846K01E25
106166,Canara Robeco Aggressive Hybrid Fund - Regular Plan - GROWTH OPTION,Canara Robeco Mutual Fund,Hybrid Schemes - Aggressive Hybrid Fund,Regular,351.76,01-Oct-2026,1.49,1.8,-1.8,8.53,7.36,10.74,0.19,-12.67,58.3,6,8,15,15,61,INF760K01050
143536,Invesco India Aggressive Hybrid Fund - Regular Plan - Growth,Invesco Mutual Fund,Hybrid Schemes - Aggressive Hybrid Fund,Regular,20.5415,01-Oct-2026,1.98,2.39,-7.85,8.33,7.24,11.61,0.16,-15.03,61.7,15,9,15,15,61,INF205K011Q3
150258,BARODA BNP PARIBAS AGGRESSIVE HYBRID FUND - Regular Plan - Growth Option,Baroda BNP Paribas Mutual Fund,Hybrid Schemes - Aggressive Hybrid Fund,Regular,26.8386,01-Oct-2026,1.86,2.23,-2.14,8.3,,10.88,0.17,-12.62,63.0,10,10,15,15,55,INF251K01OW4
125711,Shriram Aggressive Hybrid Fund - Direct Plan - Growth,Shriram Mutual Fund,Hybrid Schemes - Aggressive Hybrid Fund,Direct,35.6885,01-Oct-2026,0.68,0.86,-0.15,8.26,7.32,10.97,0.16,-15.35,60.0,5,13,15,15,61,INF680P01042
103155,Aditya Birla Sun Life Aggressive Hybrid Fund - Regular Plan - GROWTH,Aditya Birla Sun Life Mutual Fund,Hybrid Schemes - Aggressive Hybrid Fund,Regular,1478.58,01-Oct-2026,1.55,1.9,-2.09,7.98,6.53,10.77,0.14,-12.82,63.3,9,11,15,15,61,INF209K01BT5
145599,Groww Aggressive Hybrid Fund - Direct Plan - Growth,Groww Mutual Fund,Hybrid Schemes - Aggressive Hybrid Fund,Direct,22.3165,01-Oct-2026,1.39,2.15,-3.58,7.96,7.54,10.91,0.13,-13.2,63.3,12,14,15,15,61,INF666M01FA3
144393,Axis Aggressive Hybrid Fund - Regular Plan - Growth Option,Axis Mutual Fund,Hybrid Schemes - Aggressive Hybrid Fund,Regular,19.99,01-Oct-2026,1.83,2.24,-1.28,7.41,4.95,11.13,0.08,-13.58,58.3,5,12,15,15,61,INF846K01E90
145605,Groww Aggressive Hybrid Fund - Regular Plan - Growth,Groww Mutual Fund,Hybrid Schemes - Aggressive Hybrid Fund,Regular,19.7222,01-Oct-2026,2.07,2.91,-4.57,6.6,6.11,10.9,0.01,-13.72,61.7,12,13,15,15,61,INF666M01FJ4
125713,Shriram Aggressive Hybrid Fund - Regular Plan - Growth,Shriram Mutual Fund,Hybrid Schemes - Aggressive Hybrid Fund,Regular,30.562,01-Oct-2026,2.08,2.46,-1.84,6.48,5.6,10.96,-0.0,-15.95,56.7,8,14,15,15,61,INF680P01018
119062,HDFC Aggressive Hybrid Fund - Direct Plan - Growth Option,HDFC Mutual Fund,Hybrid Schemes - Aggressive Hybrid Fund,Direct,119.322,01-Oct-2026,0.9,1.11,-6.19,5.45,7.52,10.27,-0.1,-12.36,61.7,14,15,15,15,61,INF179K01XZ1
102948,HDFC Aggressive Hybrid Fund - Regular Plan - Growth Option,HDFC Mutual Fund,Hybrid Schemes - Aggressive Hybrid Fund,Regular,109.228,01-Oct-2026,1.4,1.7,-6.79,4.77,6.83,10.27,-0.17,-12.55,61.7,14,15,15,15,61,INF179K01AS4
133401,JM Aggressive Hybrid Fund,JM Financial Mutual Fund,Hybrid Schemes - Aggressive Hybrid Fund,Regular,131.1849,27-Jan-2025,2.05,2.69,,,,,,,,,,,,0,INF192K01GP0
133409,JM Aggressive Hybrid Fund,JM Financial Mutual Fund,Hybrid Schemes - Aggressive Hybrid Fund,Regular,131.1823,27-Jan-2025,2.05,2.69,,,,,,,,,,,,0,INF192K01HV6
133411,JM Aggressive Hybrid Fund,JM Financial Mutual Fund,Hybrid Schemes - Aggressive Hybrid Fund,Regular,131.1823,27-Jan-2025,2.05,2.69,,,,,,,,,,,,0,INF192K01HZ7
133407,JM Aggressive Hybrid Fund,JM Financial Mutual Fund,Hybrid Schemes - Aggressive Hybrid Fund,Regular,116.1562,27-Jan-2025,2.05,2.69,,,,,,,,,,,,0,INF192K01GZ9
133400,JM Aggressive Hybrid Fund,JM Financial Mutual Fund,Hybrid Schemes - Aggressive Hybrid Fund,Regular,116.158,27-Jan-2025,2.05,2.69,,,,,,,,,,,,0,INF192K01GN5
133403,JM Aggressive Hybrid Fund,JM Financial Mutual Fund,Hybrid Schemes - Aggressive Hybrid Fund,Regular,116.1562,27-Jan-2025,2.05,2.69,,,,,,,,,,,,0,INF192K01HT0
133410,JM Aggressive Hybrid Fund,JM Financial Mutual Fund,Hybrid Schemes - Aggressive Hybrid Fund,Regular,116.1562,27-Jan-2025,2.05,2.69,,,,,,,,,,,,0,INF192K01HX2
154392,WhiteOak Capital Aggressive Hybrid Fund - Direct Plan - Growth Option,WhiteOak Capital Mutual Fund,Hybrid Schemes - Aggressive Hybrid Fund,Direct,10.082,01-Oct-2026,0.54,1.35,,,,,,,,,,,,3,INF03VN01AF8
154393,WhiteOak Capital Aggressive Hybrid Fund - Regular Plan - Growth Option,WhiteOak Capital Mutual Fund,Hybrid Schemes - Aggressive Hybrid Fund,Regular,10.034,01-Oct-2026,2.07,3.16,,,,,,,,,,,,3,INF03VN01AG6
120401,Invesco India Arbitrage Fund - Direct Plan - Growth,Invesco Mutual Fund,Hybrid Schemes - Arbitrage Fund,Direct,37.4277,01-Oct-2026,0.34,2.25,6.93,7.48,7.08,0.58,1.69,0.0,100.0,2,1,12,10,61,INF205K01KR8
148401,Mirae Asset Arbitrage Fund - Direct Plan - Growth,Mirae Asset Mutual Fund,Hybrid Schemes - Arbitrage Fund,Direct,14.634,01-Oct-2026,0.13,2.57,6.82,7.39,6.78,0.65,1.37,0.0,100.0,3,2,12,10,61,INF769K01FS1
130773,Axis Arbitrage Fund - Direct Plan - Growth Option,Axis Mutual Fund,Hybrid Schemes - Arbitrage Fund,Direct,21.9794,01-Oct-2026,0.27,1.41,6.75,7.36,6.82,0.59,1.46,-0.03,98.3,4,3,12,10,61,INF846K01PZ1
120795,UTI - Arbitrage Fund - Direct Plan - Growth,UTI Mutual Fund,Hybrid Schemes - Arbitrage Fund,Direct,40.3394,01-Oct-2026,0.26,1.25,6.67,7.33,6.71,0.62,1.34,0.0,100.0,6,4,12,10,61,INF789FB1RG6
120364,ICICI Prudential Arbitrage Fund - Direct Plan - Growth,ICICI Prudential Mutual Fund,Hybrid Schemes - Arbitrage Fund,Direct,39.7961,01-Oct-2026,0.34,1.63,6.69,7.31,6.74,0.62,1.31,0.0,100.0,5,5,12,10,61,INF109K016O4
119574,SBI Arbitrage Fund - Direct Plan - Growth,SBI Mutual Fund,Hybrid Schemes - Arbitrage Fund,Direct,38.8639,01-Oct-2026,0.34,1.48,6.59,7.27,6.86,0.61,1.26,0.0,100.0,8,6,12,10,61,INF200K01QU0
151138,HSBC Arbitrage Fund - Direct Plan - Growth,HSBC Mutual Fund,Hybrid Schemes - Arbitrage Fund,Direct,21.9645,01-Oct-2026,0.22,1.47,6.59,7.21,,0.5,1.42,0.0,100.0,7,7,12,10,47,INF917K01QR5
120482,JM Arbitrage Fund - Direct Plan - Growth Option,JM Financial Mutual Fund,Hybrid Schemes - Arbitrage Fund,Direct,37.493,01-Oct-2026,0.34,1.43,6.4,6.97,6.39,0.6,0.78,0.0,100.0,9,8,12,10,61,INF192K01BN6
150367,NJ Arbitrage Fund - Direct Plan - Growth Option,NJ Mutual Fund,Hybrid Schemes - Arbitrage Fund,Direct,13.1666,01-Oct-2026,0.25,1.07,6.31,6.8,,0.65,0.46,-0.14,98.0,10,9,12,10,50,INF0J8L01065
104075,UTI - Arbitrage Fund - Regular Plan - Growth,UTI Mutual Fund,Hybrid Schemes - Arbitrage Fund,Regular,37.6564,01-Oct-2026,0.73,1.8,6.09,6.78,6.14,0.62,0.45,-0.04,98.3,4,1,12,10,61,INF789FB1RJ0
105603,Invesco India Arbitrage Fund - Regular Plan - Growth,Invesco Mutual Fund,Hybrid Schemes - Arbitrage Fund,Regular,34.3235,01-Oct-2026,0.91,2.92,6.22,6.76,6.36,0.58,0.45,0.0,100.0,2,2,12,10,61,INF205K01122
104683,ICICI Prudential Arbitrage Fund - Regular Plan - Growth,ICICI Prudential Mutual Fund,Hybrid Schemes - Arbitrage Fund,Regular,36.8704,01-Oct-2026,0.79,2.16,6.13,6.72,6.15,0.61,0.36,-0.02,98.3,3,3,12,10,61,INF109K01BF6
104457,SBI Arbitrage Fund - Regular Plan - Growth,SBI Mutual Fund,Hybrid Schemes - Arbitrage Fund,Regular,36.3254,01-Oct-2026,0.78,2.0,6.05,6.71,6.33,0.6,0.35,-0.04,98.3,5,4,12,10,61,INF200K01156
130771,Axis Arbitrage Fund - Regular Plan - Growth Option,Axis Mutual Fund,Hybrid Schemes - Arbitrage Fund,Regular,20.0613,01-Oct-2026,0.86,2.1,6.01,6.65,6.08,0.6,0.25,-0.09,98.3,7,5,12,10,61,INF846K01QC8
148400,Mirae Asset Arbitrage Fund - Regular Plan - Growth,Mirae Asset Mutual Fund,Hybrid Schemes - Arbitrage Fund,Regular,13.968,01-Oct-2026,0.78,3.34,5.99,6.55,5.98,0.64,0.08,0.0,100.0,8,6,12,10,61,INF769K01FP7
151134,HSBC Arbitrage Fund - Regular Plan - Growth,HSBC Mutual Fund,Hybrid Schemes - Arbitrage Fund,Regular,20.3721,01-Oct-2026,0.75,2.09,6.02,6.54,,0.5,0.08,-0.01,97.8,6,7,12,10,47,INF917K01QL8
148468,Mahindra Manulife Arbitrage Fund - Direct Plan - Growth,Mahindra Manulife Mutual Fund,Hybrid Schemes - Arbitrage Fund,Direct,13.8227,01-Oct-2026,0.31,1.17,6.29,6.42,5.84,0.56,-0.14,-0.06,98.3,11,10,12,10,61,INF174V01AA0
103780,JM Arbitrage Fund - Regular Plan - Growth Option,JM Financial Mutual Fund,Hybrid Schemes - Arbitrage Fund,Regular,34.8628,01-Oct-2026,0.91,2.1,5.69,6.24,5.68,0.59,-0.44,0.0,100.0,9,8,12,10,61,INF192K01510
150366,NJ Arbitrage Fund - Regular Plan - Growth Option,NJ Mutual Fund,Hybrid Schemes - Arbitrage Fund,Regular,12.7892,01-Oct-2026,0.75,1.66,5.58,6.04,,0.65,-0.71,-0.2,98.0,10,9,12,10,50,INF0J8L01057
148467,Mahindra Manulife Arbitrage Fund - Regular Plan - Growth,Mahindra Manulife Mutual Fund,Hybrid Schemes - Arbitrage Fund,Regular,13.1529,01-Oct-2026,0.96,1.93,5.47,5.58,4.99,0.56,-1.64,-0.13,98.3,11,10,12,10,61,INF174V01978
154320,Groww Arbitrage Fund - Direct Plan - Growth,Groww Mutual Fund,Hybrid Schemes - Arbitrage Fund,Direct,10.2693,01-Oct-2026,0.21,1.72,,,,,,,,,,,,6,INF666M01ON8
154325,Groww Arbitrage Fund - Regular Plan - Growth,Groww Mutual Fund,Hybrid Schemes - Arbitrage Fund,Regular,10.2373,01-Oct-2026,0.83,2.43,,,,,,,,,,,,6,INF666M01OQ1
154257,Helios Arbitrage Fund - Direct Plan - Growth,Helios Mutual Fund,Hybrid Schemes - Arbitrage Fund,Direct,10.31,01-Oct-2026,0.42,1.88,,,,,,,,,,,,7,INF0R8701442
154258,Helios Arbitrage Fund - Regular Plan - Growth,Helios Mutual Fund,Hybrid Schemes - Arbitrage Fund,Regular,10.27,01-Oct-2026,0.87,2.41,,,,,,,,,,,,7,INF0R8701418
104684,ICICI Prudential Arbitrage Fund,ICICI Prudential Mutual Fund,Hybrid Schemes - Arbitrage Fund,Regular,26.3343,24-Apr-2020,0.79,2.16,,,,,,,,,,,,0,INF109K01BD1
130898,ICICI Prudential Arbitrage Fund,ICICI Prudential Mutual Fund,Hybrid Schemes - Arbitrage Fund,Regular,11.808,17-Jan-2017,0.79,2.16,,,,,,,,,,,,0,INF109KA1C15
130951,ICICI Prudential Arbitrage Fund,ICICI Prudential Mutual Fund,Hybrid Schemes - Arbitrage Fund,Regular,14.7363,24-Apr-2020,0.79,2.16,,,,,,,,,,,,0,INF109KA1C07
154076,JioBlackRock Arbitrage Fund - Direct Plan - Growth Option,Jio BlackRock Mutual Fund,Hybrid Schemes - Arbitrage Fund,Direct,10.5527,01-Oct-2026,0.28,1.93,,,,,,,,,,,,10,INF22M001101
154638,JioBlackRock Arbitrage Fund - Regular Plan - Growth Option,Jio BlackRock Mutual Fund,Hybrid Schemes - Arbitrage Fund,Regular,10.0551,01-Oct-2026,0.9,3.53,,,,,,,,,,,,2,INF22M001259
133397,JM Arbitrage Fund,JM Financial Mutual Fund,Hybrid Schemes - Arbitrage Fund,Regular,33.8717,27-Jan-2025,0.91,2.1,,,,,,,,,,,,0,INF192K01ID2
133398,JM Arbitrage Fund,JM Financial Mutual Fund,Hybrid Schemes - Arbitrage Fund,Regular,33.8816,27-Jan-2025,0.91,2.1,,,,,,,,,,,,0,INF192K01IH3
133394,JM Arbitrage Fund,JM Financial Mutual Fund,Hybrid Schemes - Arbitrage Fund,Regular,32.106,27-Jan-2025,0.91,2.1,,,,,,,,,,,,0,INF192K01GV8
133399,JM Arbitrage Fund,JM Financial Mutual Fund,Hybrid Schemes - Arbitrage Fund,Regular,32.1609,27-Jan-2025,0.91,2.1,,,,,,,,,,,,0,INF192K01IB6
133396,JM Arbitrage Fund,JM Financial Mutual Fund,Hybrid Schemes - Arbitrage Fund,Regular,32.1609,27-Jan-2025,0.91,2.1,,,,,,,,,,,,0,INF192K01IF7
153090,Samco Arbitrage Fund - Direct Plan - Growth,Samco Mutual Fund,Hybrid Schemes - Arbitrage Fund,Direct,10.98,01-Oct-2026,0.32,1.07,5.17,,,0.52,,0.0,100.0,12,,12,,23,INF0K1H01214
153091,Samco Arbitrage Fund - Regular Plan - Growth,Samco Mutual Fund,Hybrid Schemes - Arbitrage Fund,Regular,10.74,01-Oct-2026,1.55,2.53,3.67,,,0.58,,-0.09,90.9,12,,12,,23,INF0K1H01222
152849,WhiteOak Capital Arbitrage Fund - Direct Plan - Growth Option,WhiteOak Capital Mutual Fund,Hybrid Schemes - Arbitrage Fund,Direct,11.555,01-Oct-2026,0.38,2.39,7.19,,,0.51,,0.0,100.0,1,,12,,25,INF03VN01910
152850,WhiteOak Capital Arbitrage Fund - Regular Plan - Growth Option,WhiteOak Capital Mutual Fund,Hybrid Schemes - Arbitrage Fund,Regular,11.379,01-Oct-2026,1.04,3.17,6.4,,,0.51,,0.0,100.0,1,,12,,25,INF03VN01928
154619,Zerodha Arbitrage Fund - Direct Plan - Growth Option,Zerodha Mutual Fund,Hybrid Schemes - Arbitrage Fund,Direct,10.0688,01-Oct-2026,0.2,3.83,,,,,,,,,,,,2,INF0R8F01232
151267,WhiteOak Capital Balanced Advantage Fund - Direct Plan - Growth Option,WhiteOak Capital Mutual Fund,Hybrid Schemes - Balanced Advantage Fund/ Dynamic Asset Allocation,Direct,15.197,01-Oct-2026,0.53,0.83,2.47,11.02,,8.72,0.52,-9.42,72.1,3,1,15,12,44,INF03VN01738
145396,Baroda BNP Paribas Balanced Advantage Fund - Direct Plan - Growth Option,Baroda BNP Paribas Mutual Fund,Hybrid Schemes - Balanced Advantage Fund/ Dynamic Asset Allocation,Direct,27.3289,01-Oct-2026,0.63,0.92,3.86,10.78,10.23,10.93,0.39,-10.48,63.3,1,2,15,12,61,INF955L01HF7
141642,Axis Balanced Advantage Fund - Direct Plan - Growth Option,Axis Mutual Fund,Hybrid Schemes - Balanced Advantage Fund/ Dynamic Asset Allocation,Direct,23.44,01-Oct-2026,0.72,1.07,0.99,10.76,9.05,8.23,0.52,-7.29,63.3,7,3,15,12,61,INF846K01A29
149406,Mahindra Manulife Balanced Advantage Fund - Direct Plan - Growth,Mahindra Manulife Mutual Fund,Hybrid Schemes - Balanced Advantage Fund/ Dynamic Asset Allocation,Direct,15.5811,01-Oct-2026,0.61,0.86,2.21,10.01,,9.57,0.37,-9.17,64.3,4,4,15,12,57,INF174V01BE0
118736,Nippon India Balanced Advantage Fund - Direct Plan - Growth Option,Nippon India Mutual Fund,Hybrid Schemes - Balanced Advantage Fund/ Dynamic Asset Allocation,Direct,203.4268,01-Oct-2026,0.56,0.89,1.34,9.71,9.14,7.83,0.41,-7.79,65.0,5,5,15,12,61,INF204K01G94
150470,Mirae Asset Balanced Advantage Fund - Direct Plan - Growth,Mirae Asset Mutual Fund,Hybrid Schemes - Balanced Advantage Fund/ Dynamic Asset Allocation,Direct,15.157,01-Oct-2026,0.64,0.98,3.17,9.62,,7.73,0.4,-7.1,69.4,2,6,15,12,50,INF769K01IN6
145387,Baroda BNP Paribas Balanced Advantage Fund - Regular Plan - Growth Option,Baroda BNP Paribas Mutual Fund,Hybrid Schemes - Balanced Advantage Fund/ Dynamic Asset Allocation,Regular,24.6708,01-Oct-2026,1.59,2.05,2.68,9.5,8.88,10.92,0.27,-10.9,63.3,1,1,15,12,61,INF955L01HC4
141644,Axis Balanced Advantage Fund - Regular Plan - Growth Option,Axis Mutual Fund,Hybrid Schemes - Balanced Advantage Fund/ Dynamic Asset Allocation,Regular,20.75,01-Oct-2026,1.64,2.15,-0.19,9.46,7.71,8.23,0.36,-7.65,63.3,6,2,15,12,61,INF846K01A52
151268,WhiteOak Capital Balanced Advantage Fund - Regular Plan - Growth Option,WhiteOak Capital Mutual Fund,Hybrid Schemes - Balanced Advantage Fund/ Dynamic Asset Allocation,Regular,14.358,01-Oct-2026,1.73,2.25,1.01,9.33,,8.7,0.33,-9.85,69.8,3,3,15,12,44,INF03VN01720
151129,HSBC Balanced Advantage Fund - Direct Plan - Growth,HSBC Mutual Fund,Hybrid Schemes - Balanced Advantage Fund/ Dynamic Asset Allocation,Direct,50.741,01-Oct-2026,0.7,1.16,1.08,8.89,,7.39,0.32,-6.72,71.7,6,7,15,12,47,INF917K01IN1
102846,Nippon India Balanced Advantage Fund - Regular Plan - Growth Option,Nippon India Mutual Fund,Hybrid Schemes - Balanced Advantage Fund/ Dynamic Asset Allocation,Regular,177.1162,01-Oct-2026,1.51,1.99,0.18,8.42,7.8,7.82,0.25,-8.24,61.7,5,4,15,12,61,INF204K01604
149404,Mahindra Manulife Balanced Advantage Fund - Regular Plan - Growth,Mahindra Manulife Mutual Fund,Hybrid Schemes - Balanced Advantage Fund/ Dynamic Asset Allocation,Regular,14.3424,01-Oct-2026,1.97,2.43,0.57,8.2,,9.56,0.18,-9.79,64.3,4,5,15,12,57,INF174V01BB6
120333,Invesco India Balanced Advantage Fund - Direct Plan - Growth,Invesco Mutual Fund,Hybrid Schemes - Balanced Advantage Fund/ Dynamic Asset Allocation,Direct,61.45,01-Oct-2026,0.74,1.17,-2.68,8.16,8.01,8.64,0.19,-10.45,60.0,14,8,15,12,61,INF205K01LN5
150473,Mirae Asset Balanced Advantage Fund - Regular Plan - Growth,Mirae Asset Mutual Fund,Hybrid Schemes - Balanced Advantage Fund/ Dynamic Asset Allocation,Regular,14.308,01-Oct-2026,1.74,2.28,1.79,8.13,,7.72,0.21,-7.62,69.4,2,6,15,12,50,INF769K01IK2
149264,NJ Balanced Advantage Fund - Direct Plan - Growth Option,NJ Mutual Fund,Hybrid Schemes - Balanced Advantage Fund/ Dynamic Asset Allocation,Direct,14.12,01-Oct-2026,0.57,1.14,-1.05,7.49,,9.1,0.11,-13.42,62.1,9,9,15,12,59,INF0J8L01040
151127,HSBC Balanced Advantage Fund - Regular Plan - Growth,HSBC Mutual Fund,Hybrid Schemes - Balanced Advantage Fund/ Dynamic Asset Allocation,Regular,43.1135,01-Oct-2026,1.82,2.48,-0.23,7.46,,7.38,0.13,-6.92,69.6,7,7,15,12,47,INF917K01KY4
149717,Sundaram Dynamic Asset Allocation Fund (Formerly Known as Sundaram Balanced Advantage Fund) - Direct Plan - GROWTH,Sundaram Mutual Fund,Hybrid Schemes - Balanced Advantage Fund/ Dynamic Asset Allocation,Direct,40.3129,01-Oct-2026,0.57,1.12,-2.02,7.46,,8.88,0.11,-9.69,60.7,11,10,15,12,57,INF173K01FI7
151885,UTI Balanced Advantage Fund - Direct Plan - Growth,UTI Mutual Fund,Hybrid Schemes - Balanced Advantage Fund/ Dynamic Asset Allocation,Direct,12.5861,01-Oct-2026,0.68,0.91,-2.86,7.42,,8.9,0.1,-9.99,64.9,15,11,15,12,38,INF789F1AYV3
106317,Invesco India Balanced Advantage Fund - Regular Plan - Growth,Invesco Mutual Fund,Hybrid Schemes - Balanced Advantage Fund/ Dynamic Asset Allocation,Regular,51.05,01-Oct-2026,1.82,2.4,-3.9,6.75,6.58,8.63,0.03,-10.84,58.3,13,8,15,12,61,INF205K01213
149266,NJ Balanced Advantage Fund - Regular Plan - Growth Option,NJ Mutual Fund,Hybrid Schemes - Balanced Advantage Fund/ Dynamic Asset Allocation,Regular,13.24,01-Oct-2026,1.66,2.42,-2.36,6.08,,9.05,-0.05,-13.92,58.6,9,9,15,12,59,INF0J8L01024
151882,UTI Balanced Advantage Fund - Regular Plan - Growth,UTI Mutual Fund,Hybrid Schemes - Balanced Advantage Fund/ Dynamic Asset Allocation,Regular,12.0598,01-Oct-2026,1.68,2.01,-4.11,5.97,,8.89,-0.06,-10.29,64.9,15,10,15,12,38,INF789F1AYT7
149715,Sundaram Dynamic Asset Allocation Fund (Formerly Known as Sundaram Balanced Advantage Fund) - Regular Plan - GROWTH,Sundaram Mutual Fund,Hybrid Schemes - Balanced Advantage Fund/ Dynamic Asset Allocation,Regular,33.7734,01-Oct-2026,1.8,2.53,-3.42,5.92,,8.87,-0.07,-10.13,60.7,11,11,15,12,57,INF173K01585
147406,Shriram Balanced Advantage Fund - Direct Plan - Growth,Shriram Mutual Fund,Hybrid Schemes - Balanced Advantage Fund/ Dynamic Asset Allocation,Direct,18.1854,01-Oct-2026,0.64,0.92,-2.4,5.48,5.82,9.61,-0.11,-12.83,61.7,13,12,15,12,61,INF680P01208
147405,Shriram Balanced Advantage Fund - Regular Plan - Growth,Shriram Mutual Fund,Hybrid Schemes - Balanced Advantage Fund/ Dynamic Asset Allocation,Regular,15.901,01-Oct-2026,2.09,2.59,-4.11,3.6,3.92,9.6,-0.3,-14.1,58.3,14,12,15,12,61,INF680P01174
152688,Canara Robeco Balanced Advantage Fund - Direct Plan - Growth Option,Canara Robeco Mutual Fund,Hybrid Schemes - Balanced Advantage Fund/ Dynamic Asset Allocation,Direct,10.15,01-Oct-2026,0.76,1.05,-2.31,,,10.63,,-10.42,56.0,12,,15,,26,INF760K01LD0
152690,Canara Robeco Balanced Advantage Fund - Regular Plan - Growth Option,Canara Robeco Mutual Fund,Hybrid Schemes - Balanced Advantage Fund/ Dynamic Asset Allocation,Regular,9.84,01-Oct-2026,1.92,2.4,-3.62,,,10.66,,-10.93,52.0,12,,15,,26,INF760K01LA6
152509,Helios Balanced Advantage Fund - Direct Plan - Growth,Helios Mutual Fund,Hybrid Schemes - Balanced Advantage Fund/ Dynamic Asset Allocation,Direct,11.6,01-Oct-2026,0.8,1.3,0.78,,,10.9,,-10.13,73.3,8,,15,,31,INF0R8701145
152512,Helios Balanced Advantage Fund - Regular Plan - Growth,Helios Mutual Fund,Hybrid Schemes - Balanced Advantage Fund/ Dynamic Asset Allocation,Regular,11.15,01-Oct-2026,2.09,2.82,-0.71,,,10.89,,-10.5,70.0,8,,15,,31,INF0R8701111
152188,Samco Dynamic Asset Allocation Fund - Direct Plan - Growth,Samco Mutual Fund,Hybrid Schemes - Balanced Advantage Fund/ Dynamic Asset Allocation,Direct,10.47,01-Oct-2026,0.79,1.92,-1.41,,,10.09,,-14.82,56.2,10,,15,,33,INF0K1H01131
152187,Samco Dynamic Asset Allocation Fund - Regular Plan - Growth,Samco Mutual Fund,Hybrid Schemes - Balanced Advantage Fund/ Dynamic Asset Allocation,Regular,10.02,01-Oct-2026,2.1,3.39,-2.81,,,10.06,,-16.75,53.1,10,,15,,33,INF0K1H01099
152076,360 ONE Balanced Hybrid Fund - Direct Plan - GROWTH Option,360 ONE Mutual Fund,Hybrid Schemes - Balanced Hybrid Fund,Direct,13.5429,01-Oct-2026,0.45,0.62,4.17,10.98,,7.6,0.59,-6.49,74.3,1,1,2,2,36,INF579M01AY9
152132,WhiteOak Capital Balanced Hybrid Fund - Direct Plan - Growth Option,WhiteOak Capital Mutual Fund,Hybrid Schemes - Balanced Hybrid Fund,Direct,13.599,01-Oct-2026,0.54,0.71,2.66,10.69,,8.39,0.5,-8.19,68.6,2,2,2,2,36,INF03VN01829
152075,360 ONE Balanced Hybrid Fund - Regular Plan - GROWTH Option,360 ONE Mutual Fund,Hybrid Schemes - Balanced Hybrid Fund,Regular,12.9424,01-Oct-2026,1.78,2.19,2.58,9.37,,7.59,0.38,-6.96,71.4,1,1,2,2,36,INF579M01AV5
152133,WhiteOak Capital Balanced Hybrid Fund - Regular Plan - Growth Option,WhiteOak Capital Mutual Fund,Hybrid Schemes - Balanced Hybrid Fund,Regular,13.011,01-Oct-2026,1.85,2.26,1.08,9.08,,8.39,0.31,-8.68,68.6,2,2,2,2,36,INF03VN01811
154618,SBI Balanced Hybrid Fund - Direct Plan - Growth,SBI Mutual Fund,Hybrid Schemes - Balanced Hybrid Fund,Direct,9.9137,01-Oct-2026,0.56,3.56,,,,,,,,,,,,1,INF200KB1CA5
154615,SBI Balanced Hybrid Fund - Regular Plan - Growth,SBI Mutual Fund,Hybrid Schemes - Balanced Hybrid Fund,Regular,9.9037,01-Oct-2026,1.54,4.7,,,,,,,,,,,,1,INF200KB1BX9
154629,UTI Balanced Hybrid Fund,UTI Mutual Fund,Hybrid Schemes - Balanced Hybrid Fund,Regular,9.9072,01-Oct-2026,1.85,2.18,,,,,,,,,,,,1,INF789F1AH34
154628,UTI Balanced Hybrid Fund,UTI Mutual Fund,Hybrid Schemes - Balanced Hybrid Fund,Regular,9.9072,01-Oct-2026,1.85,2.18,,,,,,,,,,,,1,INF789F1AH18
154630,UTI Balanced Hybrid Fund,UTI Mutual Fund,Hybrid Schemes - Balanced Hybrid Fund,Regular,9.8967,01-Oct-2026,1.85,2.18,,,,,,,,,,,,1,INF789F1AH00
154631,UTI Balanced Hybrid Fund,UTI Mutual Fund,Hybrid Schemes - Balanced Hybrid Fund,Regular,9.8967,01-Oct-2026,1.85,2.18,,,,,,,,,,,,1,INF789F1AH26
120073,HSBC Conservative Hybrid Fund - Direct Plan - Growth,HSBC Mutual Fund,Hybrid Schemes - Conservative Hybrid Fund,Direct,70.7207,01-Oct-2026,0.96,1.18,1.96,8.6,7.35,5.09,0.41,-5.38,65.0,7,1,12,12,61,INF336L01DW4
120616,ICICI Prudential Conservative Hybrid Fund - Direct Plan - Growth,ICICI Prudential Mutual Fund,Hybrid Schemes - Conservative Hybrid Fund,Direct,86.6104,01-Oct-2026,0.84,1.04,2.68,8.49,8.05,3.42,0.58,-2.58,71.7,4,2,12,12,61,INF109K01S39
118994,DSP Conservative Hybrid Fund - Direct Plan - Growth,DSP Mutual Fund,Hybrid Schemes - Conservative Hybrid Fund,Direct,68.4177,01-Oct-2026,0.51,0.64,3.16,8.39,7.26,3.89,0.49,-2.98,73.3,3,3,12,12,61,INF740K01NO5
120705,Aditya Birla Sun Life Conservative Hybrid Fund - Direct Plan - GROWTH,Aditya Birla Sun Life Mutual Fund,Hybrid Schemes - Conservative Hybrid Fund,Direct,78.25,01-Oct-2026,0.82,0.96,3.68,8.32,7.83,3.77,0.48,-3.05,75.0,2,4,12,12,61,INF209K01XH4
150206,BARODA BNP PARIBAS CONSERVATIVE HYBRID FUND - Direct Plan - Growth Option,Baroda BNP Paribas Mutual Fund,Hybrid Schemes - Conservative Hybrid Fund,Direct,57.2279,01-Oct-2026,0.41,0.57,4.85,8.29,,4.06,0.44,-2.83,72.2,1,5,12,12,55,INF251K01HR8
120154,Kotak Conservative Hybrid Fund - Direct Plan - Growth,Kotak Mahindra Mutual Fund,Hybrid Schemes - Conservative Hybrid Fund,Direct,68.9798,01-Oct-2026,0.49,0.61,2.01,8.16,8.08,4.93,0.34,-3.73,66.7,6,6,12,12,61,INF174K01JZ1
102448,DSP Conservative Hybrid Fund - Regular Plan - Growth,DSP Mutual Fund,Hybrid Schemes - Conservative Hybrid Fund,Regular,60.2754,01-Oct-2026,1.04,1.25,2.47,7.69,6.53,3.9,0.31,-3.14,70.0,3,1,11,11,61,INF740K01441
102330,ICICI Prudential Conservative Hybrid Fund - Regular Plan - Growth,ICICI Prudential Mutual Fund,Hybrid Schemes - Conservative Hybrid Fund,Regular,78.0239,01-Oct-2026,1.43,1.73,1.94,7.69,7.24,3.42,0.35,-2.76,70.0,4,2,11,11,61,INF109K01902
102262,HSBC Conservative Hybrid Fund - Regular Plan - Growth,HSBC Mutual Fund,Hybrid Schemes - Conservative Hybrid Fund,Regular,62.4645,01-Oct-2026,1.81,2.18,0.95,7.64,6.28,5.1,0.22,-5.51,63.3,6,3,11,11,61,INF336L01099
118309,Canara Robeco Conservative Hybrid Fund - Direct Plan - GROWTH OPTION,Canara Robeco Mutual Fund,Hybrid Schemes - Conservative Hybrid Fund,Direct,114.2752,01-Oct-2026,0.59,0.77,2.28,7.38,6.82,4.03,0.22,-3.45,68.3,5,7,12,12,61,INF760K01GB4
101818,Aditya Birla Sun Life Conservative Hybrid Fund - Regular Plan - GROWTH,Aditya Birla Sun Life Mutual Fund,Hybrid Schemes - Conservative Hybrid Fund,Regular,69.2918,01-Oct-2026,1.54,1.8,2.79,7.35,6.85,3.77,0.23,-3.29,73.3,2,4,11,11,61,INF209K01751
120779,UTI Conservative Hybrid Fund - Direct Plan - Growth,UTI Mutual Fund,Hybrid Schemes - Conservative Hybrid Fund,Direct,75.8722,01-Oct-2026,1.04,1.25,1.14,7.35,6.78,4.52,0.19,-4.19,65.0,10,8,12,12,61,INF789F01UJ7
120790,UTI Conservative Hybrid Fund - Direct Plan - Monthly Payment Plan,UTI Mutual Fund,Hybrid Schemes - Conservative Hybrid Fund,Direct,74.6356,01-Oct-2026,,,1.14,7.35,6.78,4.52,0.19,-4.19,65.0,11,9,12,12,61,INF789F01UM1
119118,HDFC Conservative Hybrid Fund - Direct Plan - Growth Option,HDFC Mutual Fund,Hybrid Schemes - Conservative Hybrid Fund,Direct,88.2844,01-Oct-2026,1.0,1.18,1.15,6.89,7.43,4.43,0.09,-3.5,65.0,9,10,12,12,61,INF179K01XE6
114859,Kotak Conservative Hybrid Fund - Regular Plan - Growth,Kotak Mahindra Mutual Fund,Hybrid Schemes - Conservative Hybrid Fund,Regular,58.8987,01-Oct-2026,1.46,1.76,0.82,6.86,6.72,4.92,0.07,-4.04,63.3,7,5,11,11,61,INF174K01393
102533,UTI Conservative Hybrid Fund - Regular Plan - Monthly Payment Plan,UTI Mutual Fund,Hybrid Schemes - Conservative Hybrid Fund,Regular,69.6451,01-Oct-2026,,,0.57,6.7,6.14,4.51,0.04,-4.35,63.3,9,6,11,11,61,INF789F01927
102535,UTI Conservative Hybrid Fund - Regular Plan - Growth,UTI Mutual Fund,Hybrid Schemes - Conservative Hybrid Fund,Regular,69.6094,01-Oct-2026,1.58,1.86,0.57,6.7,6.14,4.51,0.04,-4.35,63.3,10,7,11,11,61,INF789F01893
150203,BARODA BNP PARIBAS CONSERVATIVE HYBRID FUND - Regular Plan - Growth Option,Baroda BNP Paribas Mutual Fund,Hybrid Schemes - Conservative Hybrid Fund,Regular,46.1011,01-Oct-2026,1.7,2.1,3.27,6.68,,4.06,0.04,-3.25,70.4,1,8,11,11,55,INF251K01845
102147,HDFC Conservative Hybrid Fund - Regular Plan - Growth Option,HDFC Mutual Fund,Hybrid Schemes - Conservative Hybrid Fund,Regular,82.4321,01-Oct-2026,1.44,1.7,0.61,6.31,6.88,4.42,-0.04,-3.54,65.0,8,9,11,11,61,INF179K01AE4
120480,Axis Conservative Hybrid Fund - Direct Plan - Growth Option,Axis Mutual Fund,Hybrid Schemes - Conservative Hybrid Fund,Direct,35.5399,01-Oct-2026,0.98,1.16,1.21,6.29,5.68,4.24,-0.05,-3.94,68.3,8,11,12,12,61,INF846K01EA8
100601,Canara Robeco Conservative Hybrid Fund - Regular Plan - GROWTH OPTION,Canara Robeco Mutual Fund,Hybrid Schemes - Conservative Hybrid Fund,Regular,98.2212,01-Oct-2026,1.54,1.89,1.12,6.14,5.57,4.03,-0.09,-3.82,68.3,5,10,11,11,61,INF760K01282
112924,Axis Conservative Hybrid Fund - Regular Plan - Growth Option,Axis Mutual Fund,Hybrid Schemes - Conservative Hybrid Fund,Regular,29.9788,01-Oct-2026,1.85,2.18,0.11,4.99,4.34,4.23,-0.36,-4.55,65.0,11,11,11,11,61,INF846K01693
120479,Axis Conservative Hybrid Fund - Direct Plan - Quarterly Option,Axis Mutual Fund,Hybrid Schemes - Conservative Hybrid Fund,Direct,12.4071,01-Oct-2026,,,-4.9,-1.65,-2.41,5.24,-1.56,-12.1,46.7,12,12,12,12,61,INF846K01ED2
119393,BANK OF INDIA CONSERVATIVE HYBRID FUND - Direct Plan - Growth,Bank of India Mutual Fund,Hybrid Schemes - Conservative Hybrid Fund,Direct,37.6681,01-Oct-2026,0.94,1.2,,,,,,,,,,,,1,INF761K01819
111715,BANK OF INDIA CONSERVATIVE HYBRID FUND - Growth,Bank of India Mutual Fund,Hybrid Schemes - Conservative Hybrid Fund,Regular,36.1891,01-Oct-2026,1.85,2.27,,,,,,,,,,,,1,INF761K01397
111712,BANK OF INDIA CONSERVATIVE HYBRID FUND - Regular Plan - Growth,Bank of India Mutual Fund,Hybrid Schemes - Conservative Hybrid Fund,Regular,34.8086,01-Oct-2026,1.85,2.27,,,,,,,,,,,,1,INF761K01462
123183,ICICI Prudential Conservative Hybrid Fund,ICICI Prudential Mutual Fund,Hybrid Schemes - Conservative Hybrid Fund,Regular,46.3924,24-Apr-2020,1.43,1.73,,,,,,,,,,,,0,INF109KA1301
128110,ICICI Prudential Conservative Hybrid Fund,ICICI Prudential Mutual Fund,Hybrid Schemes - Conservative Hybrid Fund,Regular,18.3554,24-Apr-2020,1.43,1.73,,,,,,,,,,,,0,INF109KA1319
151060,HSBC Equity Savings Fund - Direct Plan - Growth,HSBC Mutual Fund,Hybrid Schemes - Equity Savings Fund,Direct,40.6051,01-Oct-2026,0.51,1.47,7.32,12.34,,7.47,0.78,-10.58,78.3,1,1,8,7,47,INF917K01GE4
151058,HSBC Equity Savings Fund - Regular Plan - Growth,HSBC Mutual Fund,Hybrid Schemes - Equity Savings Fund,Regular,36.2241,01-Oct-2026,1.35,2.46,6.39,11.36,,7.47,0.65,-10.71,78.3,1,1,8,7,47,INF917K01AA5
145693,Mirae Asset Equity Savings Fund - Direct Plan - Growth,Mirae Asset Mutual Fund,Hybrid Schemes - Equity Savings Fund,Direct,22.743,01-Oct-2026,0.31,0.73,4.48,9.57,8.75,5.95,0.52,-4.79,68.3,4,2,8,7,61,INF769K01EK1
140444,Mahindra Manulife Equity Savings Fund - Direct Plan - Growth,Mahindra Manulife Mutual Fund,Hybrid Schemes - Equity Savings Fund,Direct,25.3598,01-Oct-2026,0.74,1.24,4.7,8.94,8.38,5.8,0.42,-4.38,66.7,3,3,8,7,61,INF174V01184
147496,Baroda BNP Paribas Equity Savings Fund - Direct Plan - Growth Option,Baroda BNP Paribas Mutual Fund,Hybrid Schemes - Equity Savings Fund,Direct,18.4217,01-Oct-2026,1.14,1.68,4.07,8.88,7.98,5.64,0.42,-4.85,66.7,5,4,8,7,61,INF955L01IL3
135120,Axis Equity Savings Fund - Direct Plan - Growth Option,Axis Mutual Fund,Hybrid Schemes - Equity Savings Fund,Direct,26.13,01-Oct-2026,0.99,1.58,3.98,8.87,7.49,5.78,0.41,-5.77,65.0,6,5,8,7,61,INF846K01VJ3
145695,Mirae Asset Equity Savings Fund - Regular Plan - Growth,Mirae Asset Mutual Fund,Hybrid Schemes - Equity Savings Fund,Regular,20.99,01-Oct-2026,1.16,1.73,3.44,8.49,7.67,5.94,0.34,-5.18,66.7,3,2,8,7,61,INF769K01EI5
146457,Invesco India Equity Savings Fund - Direct Plan - Growth,Invesco Mutual Fund,Hybrid Schemes - Equity Savings Fund,Direct,18.7262,01-Oct-2026,0.79,1.51,-0.22,8.35,7.32,5.96,0.31,-6.43,66.7,8,6,8,7,61,INF205KA1049
147494,Baroda BNP Paribas Equity Savings Fund - Regular Plan - Growth Option,Baroda BNP Paribas Mutual Fund,Hybrid Schemes - Equity Savings Fund,Regular,17.0306,01-Oct-2026,2.1,2.81,2.9,7.67,6.79,5.64,0.21,-5.2,65.0,5,3,8,7,61,INF955L01II9
144490,UTI - Equity Savings Fund - Direct Plan - Growth,UTI Mutual Fund,Hybrid Schemes - Equity Savings Fund,Direct,19.9056,01-Oct-2026,0.62,1.04,2.19,7.67,8.2,4.93,0.24,-4.12,68.3,7,7,8,7,61,INF789F1A777
135122,Axis Equity Savings Fund - Regular Plan - Growth Option,Axis Mutual Fund,Hybrid Schemes - Equity Savings Fund,Regular,22.74,01-Oct-2026,1.95,2.71,2.71,7.53,6.13,5.76,0.18,-6.41,61.7,6,4,8,7,61,INF846K01VO3
140447,Mahindra Manulife Equity Savings Fund - Regular Plan - Growth,Mahindra Manulife Mutual Fund,Hybrid Schemes - Equity Savings Fund,Regular,21.3134,01-Oct-2026,2.08,2.79,3.03,7.17,6.54,5.8,0.12,-5.58,65.0,4,5,8,7,61,INF174V01150
146456,Invesco India Equity Savings Fund - Regular Plan - Growth,Invesco Mutual Fund,Hybrid Schemes - Equity Savings Fund,Regular,16.5252,01-Oct-2026,2.06,2.97,-1.73,6.67,5.63,5.95,0.03,-7.42,65.0,8,6,8,7,61,INF205KA1023
144484,UTI - Equity Savings Fund - Regular Plan - Growth,UTI Mutual Fund,Hybrid Schemes - Equity Savings Fund,Regular,18.4896,01-Oct-2026,1.52,2.06,1.18,6.65,7.23,4.93,0.03,-4.36,65.0,7,7,8,7,61,INF789F1A744
153355,WhiteOak Capital Equity Savings Fund - Direct Plan - Growth Option,WhiteOak Capital Mutual Fund,Hybrid Schemes - Equity Savings Fund,Direct,11.682,01-Oct-2026,0.75,1.54,5.82,,,4.42,,-2.96,83.3,2,,8,,19,INF03VN01AB7
153356,WhiteOak Capital Equity Savings Fund - Regular Plan - Growth Option,WhiteOak Capital Mutual Fund,Hybrid Schemes - Equity Savings Fund,Regular,11.415,01-Oct-2026,2.0,3.01,4.26,,,4.4,,-3.07,77.8,2,,8,,19,INF03VN01AC5
152056,DSP Multi Asset Allocation Fund - Direct Plan - Growth,DSP Mutual Fund,Hybrid Schemes - Multi Asset Allocation Fund,Direct,16.2002,01-Oct-2026,0.37,0.63,9.37,17.46,,8.63,1.27,-7.37,71.4,3,1,15,7,36,INF740KA1TE9
151745,WhiteOak Capital Multi Asset Allocation Fund - Direct Plan - Growth Option,WhiteOak Capital Mutual Fund,Hybrid Schemes - Multi Asset Allocation Fund,Direct,16.453,01-Oct-2026,0.38,0.64,9.64,16.55,,5.2,1.93,-4.0,90.0,2,2,15,7,41,INF03VN01761
152053,DSP Multi Asset Allocation Fund - Regular Plan - Growth,DSP Mutual Fund,Hybrid Schemes - Multi Asset Allocation Fund,Regular,15.5844,01-Oct-2026,1.18,1.59,8.17,15.95,,8.62,1.1,-7.54,68.6,3,1,15,7,36,INF740KA1TB5
151746,WhiteOak Capital Multi Asset Allocation Fund - Regular Plan - Growth Option,WhiteOak Capital Mutual Fund,Hybrid Schemes - Multi Asset Allocation Fund,Regular,15.814,01-Oct-2026,1.25,1.67,8.41,15.19,,5.18,1.68,-4.08,90.0,2,2,15,7,41,INF03VN01779
120760,UTI Multi Asset Allocation Fund - Direct Plan - Growth,UTI Mutual Fund,Hybrid Schemes - Multi Asset Allocation Fund,Direct,84.8131,01-Oct-2026,0.64,0.9,2.63,14.03,12.53,9.9,0.76,-9.28,65.0,12,3,15,7,61,INF789F01VE6
120334,ICICI Prudential Multi Asset Allocation Fund - Direct Plan - Growth,ICICI Prudential Mutual Fund,Hybrid Schemes - Multi Asset Allocation Fund,Direct,863.9169,01-Oct-2026,0.57,0.85,1.17,13.17,14.6,8.54,0.78,-7.77,68.3,13,4,15,7,61,INF109K015K4
120524,Axis Multi Asset Allocation Fund - Direct Plan - Growth Option Option,Axis Mutual Fund,Hybrid Schemes - Multi Asset Allocation Fund,Direct,51.2083,01-Oct-2026,0.65,1.23,6.54,13.04,8.59,10.27,0.64,-12.93,63.3,9,5,15,7,61,INF846K01EV4
111599,UTI Multi Asset Allocation Fund - Regular Plan - Growth,UTI Mutual Fund,Hybrid Schemes - Multi Asset Allocation Fund,Regular,75.4937,01-Oct-2026,1.47,1.82,1.51,12.83,11.43,9.91,0.64,-9.75,65.0,12,3,15,7,61,INF789F01AP6
101144,ICICI Prudential Multi Asset Allocation Fund - Regular Plan - Growth,ICICI Prudential Mutual Fund,Hybrid Schemes - Multi Asset Allocation Fund,Regular,778.9597,01-Oct-2026,1.07,1.43,0.52,12.36,13.81,8.54,0.69,-7.82,68.3,13,4,15,7,61,INF109K01761
113064,Axis Multi Asset Allocation Fund - Regular Plan - Growth Option,Axis Mutual Fund,Hybrid Schemes - Multi Asset Allocation Fund,Regular,43.591,01-Oct-2026,1.57,2.3,5.41,11.89,7.3,10.28,0.52,-13.62,63.3,8,5,15,7,61,INF846K01768
119131,HDFC Multi Asset Allocation Fund - Direct Plan - Growth Option,HDFC Mutual Fund,Hybrid Schemes - Multi Asset Allocation Fund,Direct,81.767,01-Oct-2026,0.73,1.0,0.63,11.06,10.42,7.36,0.62,-7.3,66.7,14,6,15,7,61,INF179K01XW8
152051,Shriram Multi Asset Allocation Fund - Direct Plan - Growth,Shriram Mutual Fund,Hybrid Schemes - Multi Asset Allocation Fund,Direct,13.354,01-Oct-2026,0.46,0.61,4.78,10.24,,11.52,0.32,-13.78,66.7,10,7,15,7,37,INF680P01406
103131,HDFC Multi Asset Allocation Fund - Regular Plan - Growth Option,HDFC Mutual Fund,Hybrid Schemes - Multi Asset Allocation Fund,Regular,72.36,01-Oct-2026,1.58,2.0,-0.42,9.84,9.11,7.36,0.45,-7.39,66.7,14,6,15,7,61,INF179K01AP0
152052,Shriram Multi Asset Allocation Fund - Regular Plan - Growth,Shriram Mutual Fund,Hybrid Schemes - Multi Asset Allocation Fund,Regular,12.637,01-Oct-2026,2.06,2.47,3.05,8.27,,11.5,0.15,-14.59,66.7,10,7,15,7,37,INF680P01414
153774,360 ONE Multi Asset Allocation Fund - Direct Plan - GROWTH Option,360 ONE Mutual Fund,Hybrid Schemes - Multi Asset Allocation Fund,Direct,12.1488,01-Oct-2026,0.37,0.6,14.31,,,10.75,,-5.57,76.9,1,,15,,14,INF579M01BM2
153772,360 ONE Multi Asset Allocation Fund - Regular Plan - GROWTH Option,360 ONE Mutual Fund,Hybrid Schemes - Multi Asset Allocation Fund,Regular,11.9343,01-Oct-2026,1.7,2.17,12.5,,,10.74,,-5.7,76.9,1,,15,,14,INF579M01BJ8
154438,AlphaGrep Multi Asset Allocation Fund - Direct Plan - Growth,AlphaGrep Mutual Fund,Hybrid Schemes - Multi Asset Allocation Fund,Direct,10.1808,01-Oct-2026,0.31,1.47,,,,,,,,,,,,3,INF2VOA01012
154440,AlphaGrep Multi Asset Allocation Fund - Regular Plan - Growth,AlphaGrep Mutual Fund,Hybrid Schemes - Multi Asset Allocation Fund,Regular,10.1456,01-Oct-2026,1.84,3.28,,,,,,,,,,,,3,INF2VOA01046
153465,Canara Robeco Multi Asset Allocation Fund - Direct Plan - Growth,Canara Robeco Mutual Fund,Hybrid Schemes - Multi Asset Allocation Fund,Direct,11.06,01-Oct-2026,0.58,0.95,6.86,,,11.42,,-8.03,80.0,8,,15,,16,INF760K01LH1
153466,Canara Robeco Multi Asset Allocation Fund - Regular Plan - Growth,Canara Robeco Mutual Fund,Hybrid Schemes - Multi Asset Allocation Fund,Regular,10.84,01-Oct-2026,1.8,2.36,5.34,,,11.45,,-8.21,66.7,9,,15,,16,INF760K01LG3
153821,Groww Multi Asset Allocation Fund - Direct Plan - Growth,Groww Mutual Fund,Hybrid Schemes - Multi Asset Allocation Fund,Direct,9.9707,01-Oct-2026,0.55,0.99,-1.02,,,,,,,15,,15,,12,INF666M01MA9
153851,Groww Multi Asset Allocation Fund - Regular Plan - Growth,Groww Mutual Fund,Hybrid Schemes - Multi Asset Allocation Fund,Regular,9.7916,01-Oct-2026,2.02,2.65,-2.64,,,,,,,15,,15,,12,INF666M01MD3
152380,HSBC Multi Asset Allocation Fund - Direct Plan - Growth,HSBC Mutual Fund,Hybrid Schemes - Multi Asset Allocation Fund,Direct,13.8603,01-Oct-2026,0.47,1.04,8.56,,,14.32,,-16.1,80.0,6,,15,,31,INF336L01RI3
152378,HSBC Multi Asset Allocation Fund - Regular Plan - Growth,HSBC Mutual Fund,Hybrid Schemes - Multi Asset Allocation Fund,Regular,13.3813,01-Oct-2026,1.57,2.34,7.12,,,14.31,,-16.28,76.7,6,,15,,31,INF336L01RF9
115269,ICICI Prudential Multi Asset Allocation Fund,ICICI Prudential Mutual Fund,Hybrid Schemes - Multi Asset Allocation Fund,Regular,22.849,24-Apr-2020,1.07,1.43,,,,,,,,,,,,0,INF109K01TN2
104898,ICICI Prudential Multi Asset Allocation Fund,ICICI Prudential Mutual Fund,Hybrid Schemes - Multi Asset Allocation Fund,Regular,43.0129,18-Jun-2018,1.07,1.43,,,,,,,,,,,,0,INF109K01787
153047,Invesco India Multi Asset Allocation Fund - Direct Plan - Growth,Invesco Mutual Fund,Hybrid Schemes - Multi Asset Allocation Fund,Direct,12.29,01-Oct-2026,0.42,0.54,8.57,,,9.65,,-7.26,76.2,5,,15,,22,INF205KA1AC1
153046,Invesco India Multi Asset Allocation Fund - Regular Plan - Growth,Invesco Mutual Fund,Hybrid Schemes - Multi Asset Allocation Fund,Regular,12.01,01-Oct-2026,1.42,1.68,7.23,,,9.61,,-7.45,76.2,5,,15,,22,INF205KA1999
154498,ITI Multi Asset Allocation Fund - Direct Plan - Growth Option,ITI Mutual Fund,Hybrid Schemes - Multi Asset Allocation Fund,Direct,9.8152,01-Oct-2026,0.35,0.41,,,,,,,,,,,,1,INF00XX01DS6
154500,ITI Multi Asset Allocation Fund - Regular Plan - Growth Option,ITI Mutual Fund,Hybrid Schemes - Multi Asset Allocation Fund,Regular,9.8038,01-Oct-2026,1.83,2.1,,,,,,,,,,,,1,INF00XX01DP2
154423,JM Multi Asset Allocation Fund - Direct Plan - Growth Option,JM Financial Mutual Fund,Hybrid Schemes - Multi Asset Allocation Fund,Direct,9.9878,01-Oct-2026,0.37,1.3,,,,,,,,,,,,3,INF192K01NQ4
154424,JM Multi Asset Allocation Fund - Regular Plan - Growth Option,JM Financial Mutual Fund,Hybrid Schemes - Multi Asset Allocation Fund,Regular,9.9509,01-Oct-2026,1.82,3.02,,,,,,,,,,,,3,INF192K01NT8
152443,Mahindra Manulife Multi Asset Allocation Fund - Direct Plan - Growth,Mahindra Manulife Mutual Fund,Hybrid Schemes - Multi Asset Allocation Fund,Direct,14.0162,01-Oct-2026,0.4,0.57,9.25,,,9.05,,-6.58,73.3,4,,15,,31,INF174V01BW2
152441,Mahindra Manulife Multi Asset Allocation Fund - Regular Plan - Growth,Mahindra Manulife Mutual Fund,Hybrid Schemes - Multi Asset Allocation Fund,Regular,13.4576,01-Oct-2026,1.55,1.88,7.6,,,9.03,,-6.81,66.7,4,,15,,31,INF174V01BT8
152344,Mirae Asset Multi Asset Allocation Fund - Direct Plan - Growth,Mirae Asset Mutual Fund,Hybrid Schemes - Multi Asset Allocation Fund,Direct,13.754,01-Oct-2026,0.35,0.64,8.27,,,8.84,,-7.09,71.0,7,,15,,32,INF769K01KZ6
152347,Mirae Asset Multi Asset Allocation Fund - Regular Plan - Growth,Mirae Asset Mutual Fund,Hybrid Schemes - Multi Asset Allocation Fund,Regular,13.188,01-Oct-2026,1.62,2.14,6.62,,,8.83,,-7.22,67.7,7,,15,,32,INF769K01KW3
153092,Samco Multi Asset Allocation Fund - Direct Plan - Growth,Samco Mutual Fund,Hybrid Schemes - Multi Asset Allocation Fund,Direct,12.23,01-Oct-2026,0.64,2.25,4.35,,,10.95,,-7.42,61.9,11,,15,,22,INF0K1H01230
153093,Samco Multi Asset Allocation Fund - Regular Plan - Growth,Samco Mutual Fund,Hybrid Schemes - Multi Asset Allocation Fund,Regular,11.88,01-Oct-2026,1.96,3.73,2.68,,,10.94,,-7.71,61.9,11,,15,,22,INF0K1H01248
149219,ICICI Prudential NASDAQ 100 Index Fund - Direct Plan - Growth,ICICI Prudential Mutual Fund,Other Scheme - Index Funds,Direct,25.455,01-Oct-2026,0.53,0.63,33.42,33.8,19.81,20.1,1.36,-26.08,61.0,1,1,265,142,60,INF109KC1U50
149218,ICICI Prudential NASDAQ 100 Index Fund - Regular Plan - Growth,ICICI Prudential Mutual Fund,Other Scheme - Index Funds,Regular,24.8667,01-Oct-2026,0.9,1.06,32.77,33.2,19.28,20.09,1.33,-26.36,61.0,1,1,276,154,60,INF109KC1U27
148381,Motilal Oswal S&P 500 Index Fund - Direct Plan - GROWTH,Motilal Oswal Mutual Fund,Other Scheme - Index Funds,Direct,34.0809,01-Oct-2026,0.54,0.64,24.58,27.78,18.36,14.17,1.5,-16.1,65.0,2,2,265,142,61,INF247L01AG2
148382,Motilal Oswal S&P 500 Index Fund - Regular Plan - GROWTH,Motilal Oswal Mutual Fund,Other Scheme - Index Funds,Regular,32.8578,01-Oct-2026,0.9,1.04,23.98,27.12,17.72,14.17,1.46,-16.45,65.0,2,2,276,154,61,INF247L01AH0
150930,ICICI Prudential Nifty Pharma Index Fund - Direct Plan - Growth,ICICI Prudential Mutual Fund,Other Scheme - Index Funds,Direct,20.3747,01-Oct-2026,0.32,0.51,22.78,19.55,,15.94,0.82,-15.17,62.2,3,3,265,142,46,INF109KC11M9
150929,ICICI Prudential Nifty Pharma Index Fund - Regular Plan - Growth,ICICI Prudential Mutual Fund,Other Scheme - Index Funds,Regular,19.8872,01-Oct-2026,0.89,1.18,21.99,18.8,,15.93,0.77,-15.25,62.2,3,3,276,154,46,INF109KC18L6
148555,Edelweiss MSCI India Domestic & World Healthcare 45 Index Fund - Direct Plan - Growth,Edelweiss Mutual Fund,Other Scheme - Index Funds,Direct,24.1477,01-Oct-2026,0.43,0.55,20.17,18.56,13.72,12.66,0.95,-12.55,60.0,6,4,265,142,61,INF754K01LV5
148557,Edelweiss MSCI India Domestic & World Healthcare 45 Index Fund - Regular Plan - Growth,Edelweiss Mutual Fund,Other Scheme - Index Funds,Regular,23.3502,01-Oct-2026,0.9,1.1,19.52,17.91,13.09,12.65,0.9,-12.78,60.0,6,4,276,154,61,INF754K01LR3
150518,Motilal Oswal BSE Enhanced Value Index Fund,Motilal Oswal Mutual Fund,Other Scheme - Index Funds,Regular,25.8135,01-Oct-2026,0.9,1.12,0.12,17.69,,20.97,0.53,-21.81,63.3,153,5,276,154,50,INF247L01BF2
151649,Kotak Nifty Smallcap 50 Index Fund - Direct Plan - Growth,Kotak Mahindra Mutual Fund,Other Scheme - Index Funds,Direct,22.162,01-Oct-2026,0.17,0.34,12.83,17.17,,21.82,0.49,-22.82,63.4,13,5,265,142,42,INF174KA1NB3
150519,Motilal Oswal BSE Enhanced Value Index Fund,Motilal Oswal Mutual Fund,Other Scheme - Index Funds,Regular,25.1067,01-Oct-2026,0.9,1.12,-0.55,16.9,,20.96,0.5,-22.11,59.2,157,6,276,154,50,INF247L01BG0
150643,ICICI Prudential Nifty Auto Index Fund - Direct Plan - Growth,ICICI Prudential Mutual Fund,Other Scheme - Index Funds,Direct,20.5329,01-Oct-2026,0.25,0.35,-3.69,16.73,,19.67,0.52,-24.24,68.1,198,6,265,142,48,INF109KC16J4
151647,Kotak Nifty Smallcap 50 Index Fund - Regular Plan - Growth,Kotak Mahindra Mutual Fund,Other Scheme - Index Funds,Regular,21.684,01-Oct-2026,0.66,0.92,12.15,16.43,,21.81,0.46,-23.03,63.4,13,7,276,154,42,INF174KA1MY7
150645,ICICI Prudential Nifty Auto Index Fund - Regular Plan - Growth,ICICI Prudential Mutual Fund,Other Scheme - Index Funds,Regular,20.0856,01-Oct-2026,0.76,0.95,-4.28,16.1,,19.67,0.49,-24.4,68.1,204,8,276,154,48,INF109KC13J1
150515,Navi Nifty India Manufacturing Index Fund - Direct Plan - Growth,Navi Mutual Fund,Other Scheme - Index Funds,Direct,18.5061,01-Oct-2026,0.4,0.56,3.28,16.06,,15.99,0.6,-22.25,73.5,118,7,265,142,50,INF959L01GD6
151814,Motilal Oswal Nifty Microcap 250 Index Fund - Direct Plan - Growth,Motilal Oswal Mutual Fund,Other Scheme - Index Funds,Direct,18.8478,01-Oct-2026,0.43,0.57,12.35,16.01,,24.23,0.39,-27.56,57.9,14,8,265,142,39,INF247L01BQ9
150899,Edelweiss Nifty Next 50 Index Fund - Direct Plan - Growth,Edelweiss Mutual Fund,Other Scheme - Index Funds,Direct,16.1458,01-Oct-2026,0.07,0.2,2.49,15.93,,19.38,0.49,-25.74,68.9,132,9,265,142,46,INF754K01QL5
148745,Kotak Nifty Next 50 Index Fund - Direct Plan - Growth,Kotak Mahindra Mutual Fund,Other Scheme - Index Funds,Direct,20.2442,01-Oct-2026,0.08,0.24,2.36,15.9,10.96,18.91,0.5,-25.65,63.3,133,10,265,142,61,INF174KA1GA9
151937,LIC MF Nifty Next 50 Index Fund - Direct Plan - Growth,LIC Mutual Fund,Other Scheme - Index Funds,Direct,56.6993,01-Oct-2026,0.23,0.32,2.57,15.88,,19.88,0.47,-25.75,68.4,131,11,265,142,39,INF397L01AW2
147796,Motilal Oswal Nifty Next 50 Index Fund - Direct Plan - Growth,Motilal Oswal Mutual Fund,Other Scheme - Index Funds,Direct,24.81,01-Oct-2026,0.27,0.4,2.22,15.83,10.82,18.96,0.49,-25.71,63.3,140,12,265,142,61,INF247L01AC1
148945,SBI Nifty Next 50 Index Fund - Direct Plan - Growth,SBI Mutual Fund,Other Scheme - Index Funds,Direct,19.1574,01-Oct-2026,0.26,0.37,2.25,15.82,10.8,18.98,0.49,-25.82,63.3,139,13,265,142,61,INF200KA1W00
146381,DSP Nifty Next 50 Index Fund - Direct Plan - Growth,DSP Mutual Fund,Other Scheme - Index Funds,Direct,27.3814,01-Oct-2026,0.24,0.36,2.32,15.81,10.86,18.98,0.49,-25.92,63.3,135,14,265,142,61,INF740KA1MG9
149447,Navi Nifty Next 50 Index Fund - Direct Plan - Growth,Navi Mutual Fund,Other Scheme - Index Funds,Direct,16.4654,01-Oct-2026,0.15,0.25,2.28,15.78,,19.53,0.48,-25.61,66.1,136,15,265,142,57,INF959L01FR8
120684,ICICI Prudential Nifty Next 50 Index Fund - Direct Plan - Growth,ICICI Prudential Mutual Fund,Other Scheme - Index Funds,Direct,64.1855,01-Oct-2026,0.26,0.37,2.1,15.63,10.67,18.98,0.48,-26.0,63.3,142,16,265,142,61,INF109K01Y80
149288,HDFC NIFTY Next 50 index Fund - Direct Plan - Growth Option,HDFC Mutual Fund,Other Scheme - Index Funds,Direct,16.3307,01-Oct-2026,0.25,0.35,2.18,15.6,,19.26,0.47,-25.99,65.5,141,17,265,142,59,INF179KC1BQ9
148743,Kotak Nifty Next 50 Index Fund - Regular Plan - Growth,Kotak Mahindra Mutual Fund,Other Scheme - Index Funds,Regular,19.6972,01-Oct-2026,0.42,0.64,1.94,15.36,10.43,18.9,0.47,-25.8,63.3,138,9,276,154,61,INF174KA1FX3
146380,DSP Nifty Next 50 Index Fund - Regular Plan - Growth,DSP Mutual Fund,Other Scheme - Index Funds,Regular,26.6818,01-Oct-2026,0.8,1.01,1.81,15.34,10.45,18.97,0.47,-26.01,63.3,141,10,276,154,61,INF740KA1MD6
148943,SBI Nifty Next 50 Index Fund - Regular Plan - Growth,SBI Mutual Fund,Other Scheme - Index Funds,Regular,18.6898,01-Oct-2026,0.59,0.76,1.86,15.33,10.29,18.97,0.47,-25.95,63.3,140,11,276,154,61,INF200KA1V76
151815,Motilal Oswal Nifty Microcap 250 Index Fund - Regular Plan - Growth,Motilal Oswal Mutual Fund,Other Scheme - Index Funds,Regular,18.4682,01-Oct-2026,0.9,1.1,11.71,15.29,,24.22,0.36,-28.23,57.9,14,12,276,154,39,INF247L01BR7
112957,ICICI Prudential Nifty Next 50 Index Fund - Regular Plan - Growth,ICICI Prudential Mutual Fund,Other Scheme - Index Funds,Regular,60.6291,01-Oct-2026,0.59,0.76,1.71,15.23,10.26,18.98,0.46,-26.1,63.3,145,13,276,154,61,INF109K01IF1
151935,LIC MF Nifty Next 50 Index Fund - Regular Plan - Growth,LIC Mutual Fund,Other Scheme - Index Funds,Regular,51.3509,01-Oct-2026,0.7,0.87,2.02,15.23,,19.87,0.44,-25.93,68.4,135,14,276,154,39,INF397L01174
150516,Navi Nifty India Manufacturing Index Fund - Regular Plan - Growth,Navi Mutual Fund,Other Scheme - Index Funds,Regular,17.9409,01-Oct-2026,0.9,1.15,2.67,15.23,,15.97,0.55,-22.5,67.3,124,15,276,154,50,INF959L01GE4
149287,HDFC NIFTY Next 50 index Fund - Regular Plan - Growth Option,HDFC Mutual Fund,Other Scheme - Index Funds,Regular,15.994,01-Oct-2026,0.56,0.71,1.81,15.2,,19.26,0.45,-26.1,65.5,143,16,276,154,59,INF179KC1BR7
150897,Edelweiss Nifty Next 50 Index Fund - Regular Plan - Growth,Edelweiss Mutual Fund,Other Scheme - Index Funds,Regular,15.7114,01-Oct-2026,0.65,0.88,1.81,15.11,,19.37,0.44,-25.96,68.9,142,17,276,154,46,INF754K01QH3
149448,Navi Nifty Next 50 Index Fund - Regular Plan - Growth,Navi Mutual Fund,Other Scheme - Index Funds,Regular,16.0256,01-Oct-2026,0.9,1.13,1.45,15.08,,19.51,0.44,-25.75,66.1,148,18,276,154,57,INF959L01FS6
147797,Motilal Oswal Nifty Next 50 Index Fund - Regular Plan - Growth,Motilal Oswal Mutual Fund,Other Scheme - Index Funds,Regular,23.6788,01-Oct-2026,0.9,1.11,1.47,15.01,10.05,18.95,0.45,-25.93,63.3,146,19,276,154,61,INF247L01AD9
150892,Edelweiss Nifty Smallcap 250 Index Fund - Direct Plan - Growth,Edelweiss Mutual Fund,Other Scheme - Index Funds,Direct,18.3525,01-Oct-2026,0.12,0.25,5.76,13.19,,20.65,0.32,-24.73,60.0,53,18,265,142,46,INF754K01QT8
147622,Motilal Oswal Nifty Midcap 150 Index Fund - Direct Plan - Growth,Motilal Oswal Mutual Fund,Other Scheme - Index Funds,Direct,39.292,01-Oct-2026,0.23,0.35,3.33,13.1,14.28,17.16,0.38,-20.35,63.3,115,19,265,142,61,INF247L01916
147623,Motilal Oswal Nifty Smallcap 250 Index Fund - Direct Plan - Growth,Motilal Oswal Mutual Fund,Other Scheme - Index Funds,Direct,39.4164,01-Oct-2026,0.28,0.39,5.49,13.07,13.62,20.14,0.33,-24.78,58.3,66,20,265,142,61,INF247L01932
148726,Nippon India Nifty Midcap 150 Index Fund - Direct Plan - Growth Option,Nippon India Mutual Fund,Other Scheme - Index Funds,Direct,25.0827,01-Oct-2026,0.25,0.37,3.27,12.88,14.04,17.14,0.37,-20.39,63.3,120,21,265,142,61,INF204KB18Z7
150673,SBI Nifty Midcap 150 Index Fund - Direct Plan - Growth,SBI Mutual Fund,Other Scheme - Index Funds,Direct,18.8733,01-Oct-2026,0.34,0.47,3.19,12.85,,17.16,0.37,-20.43,66.0,122,22,265,142,48,INF200KA10P5
149389,ICICI Prudential Nifty Midcap 150 Index Fund - Direct Plan - Growth,ICICI Prudential Mutual Fund,Other Scheme - Index Funds,Direct,19.3733,01-Oct-2026,0.22,0.35,3.22,12.82,,17.53,0.36,-20.42,63.2,121,23,265,142,58,INF109KC1W58
150677,SBI Nifty Smallcap 250 Index Fund - Direct Plan - Growth,SBI Mutual Fund,Other Scheme - Index Funds,Direct,19.1601,01-Oct-2026,0.34,0.44,5.26,12.8,,20.35,0.31,-24.81,59.6,82,24,265,142,48,INF200KA16P2
151727,HDFC NIFTY Smallcap 250 Index Fund - Direct Plan - Growth Option,HDFC Mutual Fund,Other Scheme - Index Funds,Direct,19.1497,01-Oct-2026,0.24,0.33,5.3,12.79,,21.13,0.3,-24.81,63.4,77,25,265,142,42,INF179KC1GE4
151724,HDFC NIFTY Midcap 150 Index Fund - Direct Plan - Growth Option,HDFC Mutual Fund,Other Scheme - Index Funds,Direct,18.4957,01-Oct-2026,0.23,0.34,3.08,12.77,,17.89,0.35,-20.42,70.7,124,26,265,142,42,INF179KC1GC8
149283,ICICI Prudential Nifty Smallcap 250 Index Fund - Direct Plan - Growth,ICICI Prudential Mutual Fund,Other Scheme - Index Funds,Direct,18.0293,01-Oct-2026,0.26,0.37,5.25,12.76,,20.42,0.31,-24.78,58.6,84,27,265,142,59,INF109KC1V18
149892,Navi Nifty Midcap 150 Index Fund,Navi Mutual Fund,Other Scheme - Index Funds,Regular,20.489,01-Oct-2026,0.9,1.1,3.03,12.75,,17.48,0.36,-20.36,64.8,115,20,276,154,55,INF959L01FX6
148519,Nippon India Nifty Smallcap 250 Index Fund - Direct Plan - Growth Option,Nippon India Mutual Fund,Other Scheme - Index Funds,Direct,34.8633,01-Oct-2026,0.3,0.41,5.45,12.63,13.33,20.06,0.31,-24.78,58.3,69,28,265,142,61,INF204KB15W0
150902,Edelweiss Nifty Midcap150 Momentum 50 Index Fund - Direct Plan - Growth,Edelweiss Mutual Fund,Other Scheme - Index Funds,Direct,17.8134,01-Oct-2026,0.39,0.84,2.73,12.58,,19.03,0.32,-24.33,64.4,127,29,265,142,46,INF754K01QD2
150894,Edelweiss Nifty Smallcap 250 Index Fund - Regular Plan - Growth,Edelweiss Mutual Fund,Other Scheme - Index Funds,Regular,17.8813,01-Oct-2026,0.65,0.87,5.07,12.41,,20.64,0.29,-24.94,60.0,75,21,276,154,46,INF754K01QP6
148723,Nippon India Nifty Midcap 150 Index Fund - Regular Plan - Growth Option,Nippon India Mutual Fund,Other Scheme - Index Funds,Regular,24.3386,01-Oct-2026,0.69,0.89,2.76,12.32,13.44,17.13,0.34,-20.55,63.3,122,22,276,154,61,INF204KB15Z3
150672,SBI Nifty Midcap 150 Index Fund - Regular Plan - Growth,SBI Mutual Fund,Other Scheme - Index Funds,Regular,18.4974,01-Oct-2026,0.7,0.89,2.78,12.31,,17.15,0.34,-20.6,66.0,121,23,276,154,48,INF200KA17O3
149870,HDFC NIFTY 100 Equal Weight Index Fund - Direct Plan - Growth Option,HDFC Mutual Fund,Other Scheme - Index Funds,Direct,16.5135,01-Oct-2026,0.36,0.54,-0.62,12.27,,16.42,0.35,-20.85,65.5,157,30,265,142,56,INF179KC1CA1
147624,Motilal Oswal Nifty Smallcap 250 Index Fund - Regular Plan - GROWTH,Motilal Oswal Mutual Fund,Other Scheme - Index Funds,Regular,37.5257,01-Oct-2026,0.9,1.08,4.73,12.27,12.82,20.13,0.29,-24.99,58.3,86,24,276,154,61,INF247L01924
147621,Motilal Oswal Nifty Midcap 150 Index Fund - Regular Plan - Growth,Motilal Oswal Mutual Fund,Other Scheme - Index Funds,Regular,37.3071,01-Oct-2026,0.9,1.09,2.53,12.26,13.42,17.15,0.34,-20.58,63.3,128,25,276,154,61,INF247L01908
149483,Sundaram Nifty 100 Equal Weight Fund (Formerly Known as Principal Nifty 100 Equal Weight Fund) - Direct Plan - GROWTH,Sundaram Mutual Fund,Other Scheme - Index Funds,Direct,183.1917,01-Oct-2026,0.49,0.72,-0.34,12.25,,16.14,0.36,-20.51,64.3,155,31,265,142,57,INF173K01EZ4
150676,SBI Nifty Smallcap 250 Index Fund - Regular Plan - Growth,SBI Mutual Fund,Other Scheme - Index Funds,Regular,18.771,01-Oct-2026,0.7,0.86,4.83,12.24,,20.34,0.28,-24.97,59.6,81,26,276,154,48,INF200KA13P9
151911,Kotak Nifty Financial Services Ex-Bank Index Fund - Direct Plan - Growth,Kotak Mahindra Mutual Fund,Other Scheme - Index Funds,Direct,15.167,01-Oct-2026,0.18,0.32,-1.06,12.23,,18.61,0.31,-16.33,62.2,163,32,265,142,38,INF174KA1OR7
151726,HDFC NIFTY Smallcap 250 Index Fund - Regular Plan - Growth Option,HDFC Mutual Fund,Other Scheme - Index Funds,Regular,18.7944,01-Oct-2026,0.64,0.8,4.82,12.21,,21.11,0.27,-24.97,63.4,82,27,276,154,42,INF179KC1GF1
151725,HDFC NIFTY Midcap 150 Index Fund - Regular Plan - Growth Option,HDFC Mutual Fund,Other Scheme - Index Funds,Regular,18.1436,01-Oct-2026,0.64,0.82,2.58,12.16,,17.88,0.32,-20.59,70.7,126,28,276,154,42,INF179KC1GD6
149281,ICICI Prudential Nifty Smallcap 250 Index Fund - Regular Plan - Growth,ICICI Prudential Mutual Fund,Other Scheme - Index Funds,Regular,17.5034,01-Oct-2026,0.76,0.96,4.65,12.16,,20.4,0.28,-24.93,58.6,90,29,276,154,59,INF109KC1U84
149390,ICICI Prudential Nifty Midcap 150 Index Fund - Regular Plan - Growth,ICICI Prudential Mutual Fund,Other Scheme - Index Funds,Regular,18.7334,01-Oct-2026,0.86,1.09,2.49,12.09,,17.51,0.32,-20.62,63.2,129,30,276,154,58,INF109KC1W25
150738,Tata Nifty Midcap 150 Momentum 50 Index Fund - Direct Plan - Growth Option,Tata Mutual Fund,Other Scheme - Index Funds,Direct,17.7189,01-Oct-2026,0.38,0.82,2.35,12.02,,18.9,0.29,-24.48,61.7,134,33,265,142,48,INF277KA1612
148518,Nippon India Nifty Smallcap 250 Index Fund - Regular Plan - Growth Option,Nippon India Mutual Fund,Other Scheme - Index Funds,Regular,33.5038,01-Oct-2026,0.81,1.01,4.81,11.96,12.6,20.05,0.27,-24.96,58.3,84,31,276,154,61,INF204KB12W7
149893,Navi Nifty Midcap 150 Index Fund,Navi Mutual Fund,Other Scheme - Index Funds,Regular,19.7172,01-Oct-2026,0.9,1.1,2.24,11.87,,17.46,0.31,-20.62,64.8,131,32,276,154,55,INF959L01FY4
149871,HDFC NIFTY 100 Equal Weight Index Fund - Regular Plan - Growth Option,HDFC Mutual Fund,Other Scheme - Index Funds,Regular,16.1586,01-Oct-2026,0.75,0.99,-1.07,11.81,,16.42,0.32,-20.99,63.6,165,33,276,154,56,INF179KC1CB9
150900,Edelweiss Nifty Midcap150 Momentum 50 Index Fund - Regular Plan - Growth,Edelweiss Mutual Fund,Other Scheme - Index Funds,Regular,17.3445,01-Oct-2026,0.9,1.44,2.08,11.8,,19.02,0.28,-24.54,64.4,133,34,276,154,46,INF754K01PZ7
149481,Sundaram Nifty 100 Equal Weight Fund (Formerly Known as Principal Nifty 100 Equal Weight Fund) - Regular Plan - GROWTH,Sundaram Mutual Fund,Other Scheme - Index Funds,Regular,172.8859,01-Oct-2026,0.9,1.19,-0.83,11.71,,16.13,0.32,-20.67,64.3,162,35,276,154,57,INF173K01AG2
151909,Kotak Nifty Financial Services Ex-Bank Index Fund - Regular Plan - Growth,Kotak Mahindra Mutual Fund,Other Scheme - Index Funds,Regular,14.911,01-Oct-2026,0.61,0.83,-1.58,11.63,,18.61,0.28,-16.49,62.2,169,36,276,154,38,INF174KA1OO4
150741,Tata Nifty Midcap 150 Momentum 50 Index Fund - Regular Plan - Growth Option,Tata Mutual Fund,Other Scheme - Index Funds,Regular,17.2287,01-Oct-2026,0.89,1.35,1.73,11.29,,18.89,0.25,-24.68,61.7,144,37,276,154,48,INF277KA1646
150521,Motilal Oswal BSE Quality Index Fund,Motilal Oswal Mutual Fund,Other Scheme - Index Funds,Regular,16.3483,01-Oct-2026,0.9,1.09,-2.27,10.46,,16.55,0.24,-23.52,57.1,173,38,276,154,50,INF247L01BI6
150443,Motilal Oswal BSE Financials ex Bank 30 Index Fund,Motilal Oswal Mutual Fund,Other Scheme - Index Funds,Regular,16.3483,01-Oct-2026,0.9,1.11,-4.92,10.21,,17.16,0.22,-16.8,57.1,210,39,276,154,50,INF247L01BC9
149343,Edelweiss NIFTY Large Midcap 250 Index Fund - Direct Plan - Growth,Edelweiss Mutual Fund,Other Scheme - Index Funds,Direct,16.309,01-Oct-2026,0.25,0.35,-1.68,10.07,,15.49,0.23,-18.2,63.2,168,34,265,142,58,INF754K01NR9
150522,Motilal Oswal BSE Quality Index Fund,Motilal Oswal Mutual Fund,Other Scheme - Index Funds,Regular,15.8952,01-Oct-2026,0.9,1.09,-2.92,9.72,,16.54,0.19,-23.75,55.1,182,40,276,154,50,INF247L01BJ4
141877,DSP Nifty 50 Equal Weight Index Fund - Direct Plan - Growth,DSP Mutual Fund,Other Scheme - Index Funds,Direct,25.5788,01-Oct-2026,0.35,0.47,-2.59,9.68,9.94,14.44,0.22,-17.23,66.7,179,35,265,142,61,INF740KA1CR7
149107,HDFC NIFTY50 Equal Weight Index Fund - Direct Plan - Growth Option,HDFC Mutual Fund,Other Scheme - Index Funds,Direct,17.3341,01-Oct-2026,0.34,0.45,-2.74,9.62,9.88,14.44,0.22,-17.22,66.7,184,36,265,142,61,INF179KC1BM8
150639,ICICI Prudential Nifty50 Equal Weight Index Fund- - Direct Plan - Growth,ICICI Prudential Mutual Fund,Other Scheme - Index Funds,Direct,15.9562,01-Oct-2026,0.22,0.36,-2.71,9.56,,14.19,0.22,-17.29,70.2,183,37,265,142,48,INF109KC10J7
150444,Motilal Oswal BSE Financials ex Bank 30 Index Fund,Motilal Oswal Mutual Fund,Other Scheme - Index Funds,Regular,15.8898,01-Oct-2026,0.9,1.11,-5.52,9.48,,17.14,0.17,-16.93,57.1,213,41,276,154,50,INF247L01BD7
149341,Edelweiss NIFTY Large Midcap 250 Index Fund - Regular Plan - Growth,Edelweiss Mutual Fund,Other Scheme - Index Funds,Regular,15.7968,01-Oct-2026,0.85,1.06,-2.34,9.34,,15.49,0.18,-18.41,63.2,175,42,276,154,58,INF754K01NN8
149106,HDFC NIFTY50 Equal Weight Index Fund - Regular Plan - Growth Option,HDFC Mutual Fund,Other Scheme - Index Funds,Regular,16.8862,01-Oct-2026,0.74,0.92,-3.2,9.13,9.32,14.44,0.18,-17.38,66.7,188,43,276,154,61,INF179KC1BN6
141875,DSP Nifty 50 Equal Weight Index Fund - Regular Plan - Growth,DSP Mutual Fund,Other Scheme - Index Funds,Regular,24.469,01-Oct-2026,0.82,1.03,-3.12,9.09,9.37,14.43,0.18,-17.4,66.7,184,44,276,154,61,INF740KA1CO4
150637,ICICI Prudential Nifty50 Equal Weight Index Fund- - Regular Plan - Growth,ICICI Prudential Mutual Fund,Other Scheme - Index Funds,Regular,15.569,01-Oct-2026,0.85,1.1,-3.37,8.9,,14.18,0.17,-17.47,70.2,193,45,276,154,48,INF109KC17I4
147625,Motilal Oswal Nifty 500 Index Fund - Direct Plan - Growth,Motilal Oswal Mutual Fund,Other Scheme - Index Funds,Direct,25.5648,01-Oct-2026,0.13,0.23,-3.07,8.89,8.51,14.66,0.16,-17.78,61.7,187,38,265,142,61,INF247L01957
151781,Kotak Nifty 200 Momentum 30 Index Fund - Direct Plan - Growth,Kotak Mahindra Mutual Fund,Other Scheme - Index Funds,Direct,13.965,01-Oct-2026,0.17,0.77,-2.04,8.28,,19.5,0.09,-28.97,64.1,170,39,265,142,40,INF174KA1OB1
151728,HDFC BSE 500 Index Fund - Direct Plan - Growth Option,HDFC Mutual Fund,Other Scheme - Index Funds,Direct,14.7973,01-Oct-2026,0.24,0.35,-3.62,8.27,,14.91,0.12,-17.99,65.9,195,40,265,142,42,INF179KC1GG9
150487,Nippon India Nifty Alpha Low Volatility 30 Index Fund - Direct Plan - Growth Option,Nippon India Mutual Fund,Other Scheme - Index Funds,Direct,15.0616,01-Oct-2026,0.3,0.58,-3.6,8.16,,15.56,0.11,-24.0,61.2,194,41,265,142,50,INF204KC1584
149800,Motilal Oswal Nifty 200 Momentum 30 Index Fund - Direct Plan - Growth,Motilal Oswal Mutual Fund,Other Scheme - Index Funds,Direct,14.5807,01-Oct-2026,0.28,0.83,-2.41,8.15,,19.48,0.08,-28.86,61.8,175,42,265,142,56,INF247L01AV1
147626,Motilal Oswal Nifty 500 Index Fund - Regular Plan - Growth,Motilal Oswal Mutual Fund,Other Scheme - Index Funds,Regular,24.3625,01-Oct-2026,0.79,0.96,-3.8,8.11,7.76,14.65,0.11,-18.01,58.3,195,46,276,154,61,INF247L01940
150452,ICICI Prudential Nifty 200 Momentum 30 Index Fund - Direct Plan - Growth,ICICI Prudential Mutual Fund,Other Scheme - Index Funds,Direct,15.9092,01-Oct-2026,0.27,0.78,-2.14,8.03,,18.44,0.08,-28.99,63.3,171,43,265,142,50,INF109KC11D8
150636,BANDHAN Nifty100 Low Volatility 30 Index Fund - Direct Plan - Growth,Bandhan Mutual Fund,Other Scheme - Index Funds,Direct,14.6647,01-Oct-2026,0.3,0.45,-6.15,7.91,,14.02,0.1,-16.39,63.8,210,44,265,142,48,INF194KB1DV7
150591,BANDHAN NIFTY200 MOMENTUM 30 INDEX FUND - Direct Plan - Growth,Bandhan Mutual Fund,Other Scheme - Index Funds,Direct,14.9281,01-Oct-2026,0.33,0.88,-2.3,7.86,,18.6,0.07,-28.96,64.6,174,45,265,142,49,INF194KB1DP9
151783,Kotak Nifty 200 Momentum 30 Index Fund - Regular Plan - Growth,Kotak Mahindra Mutual Fund,Other Scheme - Index Funds,Regular,13.743,01-Oct-2026,0.58,1.25,-2.5,7.76,,19.49,0.06,-29.12,64.1,177,47,276,154,40,INF174KA1NY5
151729,HDFC BSE 500 Index Fund - Regular Plan - Growth Option,HDFC Mutual Fund,Other Scheme - Index Funds,Regular,14.5138,01-Oct-2026,0.65,0.83,-4.09,7.69,,14.9,0.08,-18.17,63.4,199,48,276,154,42,INF179KC1GH7
150888,BANDHAN CRISIL IBX 90:10 SDL PLUS GILT - SEPTEMBER 2027 INDEX FUND - Direct Plan - Growth,Bandhan Mutual Fund,Other Scheme - Index Funds,Direct,13.2011,01-Oct-2026,0.08,0.09,5.98,7.6,,1.15,0.96,-0.04,97.8,39,46,265,142,47,INF194KB1EZ6
150490,Nippon India Nifty Alpha Low Volatility 30 Index Fund - Regular Plan - Growth Option,Nippon India Mutual Fund,Other Scheme - Index Funds,Regular,14.7179,01-Oct-2026,0.71,1.07,-4.09,7.6,,15.56,0.07,-24.16,57.1,200,49,276,154,50,INF204KC1550
149999,ICICI Prudential Nifty SDL Sep 2027 Index Fund - Direct Plan - Growth,ICICI Prudential Mutual Fund,Other Scheme - Index Funds,Direct,13.3169,01-Oct-2026,0.15,0.18,5.97,7.56,,1.92,0.55,-3.18,90.7,40,47,265,142,55,INF109KC14B6
151562,Aditya Birla Sun Life Nifty SDL SEP 2027 Index Fund - Direct Plan - GROWTH,Aditya Birla Sun Life Mutual Fund,Other Scheme - Index Funds,Direct,13.0021,01-Oct-2026,0.15,0.18,5.75,7.52,,1.03,0.99,0.0,100.0,54,48,265,142,43,INF209KB16T3
150711,SBI CRISIL IBX SDL Index - September 2027 Fund - Direct Plan - Growth,SBI Mutual Fund,Other Scheme - Index Funds,Direct,13.3106,01-Oct-2026,0.2,0.25,5.9,7.52,,1.16,0.88,-0.05,95.7,46,49,265,142,48,INF200KA14R3
149210,ICICI Prudential Nifty PSU Bond Plus SDL Sep 2027 40:60 Index Fund - Direct Plan - Growth,ICICI Prudential Mutual Fund,Other Scheme - Index Funds,Direct,13.4285,01-Oct-2026,0.17,0.2,5.89,7.5,6.06,1.87,0.53,-2.97,91.7,48,50,265,142,61,INF109KC1S88
150824,Nippon India Nifty SDL Plus G-Sec - Jun 2028 Maturity 70:30 Index Fund - Direct Plan - Growth Option,Nippon India Mutual Fund,Other Scheme - Index Funds,Direct,13.1769,01-Oct-2026,0.17,0.2,5.51,7.5,,1.42,0.7,-0.47,93.5,65,51,265,142,47,INF204KC1741
151273,Tata Nifty G-Sec Dec 2029 Index Fund - Direct Plan - Growth Option,Tata Mutual Fund,Other Scheme - Index Funds,Direct,13.058,01-Oct-2026,0.16,0.19,4.32,7.5,,2.02,0.5,-0.94,86.4,99,52,265,142,45,INF277KA1737
151283,Baroda BNP Paribas Nifty SDL December 2026 Index Fund - Direct Plan - Growth Option,Baroda BNP Paribas Mutual Fund,Other Scheme - Index Funds,Direct,12.8756,20-Aug-2026,,,5.94,7.49,,0.99,1.0,-0.12,97.6,42,53,265,142,43,INF251K01RL0
149855,Kotak Nifty SDL Apr 2027 Top 12 Equal Weight Index Fund - Direct Plan - Growth,Kotak Mahindra Mutual Fund,Other Scheme - Index Funds,Direct,13.2831,01-Oct-2026,0.17,0.2,6.04,7.49,,1.81,0.55,-3.16,92.7,38,54,265,142,56,INF174KA1IL2
150778,Aditya Birla Sun Life Crisil IBX Gilt -Apr 2029 Index Fund - Direct Plan - GROWTH,Aditya Birla Sun Life Mutual Fund,Other Scheme - Index Funds,Direct,13.412,01-Oct-2026,0.19,0.22,4.44,7.48,,1.93,0.51,-0.9,89.4,92,55,265,142,48,INF209KB12O3
150807,Edelweiss CRISIL IBX 50:50 Gilt Plus SDL Sep 2028 Index Fund - Direct Plan - Growth,Edelweiss Mutual Fund,Other Scheme - Index Funds,Direct,13.299,01-Oct-2026,0.17,0.2,5.25,7.47,,1.52,0.64,-0.42,95.7,83,56,265,142,47,INF754K01PV6
149804,Navi Nifty Bank Index Fund - Direct Plan - Growth,Navi Mutual Fund,Other Scheme - Index Funds,Direct,14.3753,01-Oct-2026,0.15,0.23,0.03,7.47,,16.39,0.06,-16.99,56.4,151,57,265,142,56,INF959L01FT4
151495,HDFC Nifty G-Sec Apr 2029 Index Fund - Direct Plan - Growth Option,HDFC Mutual Fund,Other Scheme - Index Funds,Direct,13.002,01-Oct-2026,0.18,0.21,4.43,7.46,,1.88,0.51,-0.88,88.1,94,58,265,142,43,INF179KC1FQ0
150012,Nippon India Nifty AAA CPSE Bond Plus SDL - Apr 2027 Maturity 60:40 Index Fund - Direct Plan - Growth Option,Nippon India Mutual Fund,Other Scheme - Index Funds,Direct,13.2154,01-Oct-2026,0.13,0.15,6.29,7.46,,1.68,0.57,-2.76,92.6,31,59,265,142,55,INF204KC1527
149247,Edelweiss NIFTY PSU Bond Plus SDL Apr 2027 50:50 Index Fund - Direct Plan - Growth,Edelweiss Mutual Fund,Other Scheme - Index Funds,Direct,13.4556,01-Oct-2026,0.21,0.25,6.07,7.45,6.16,1.77,0.54,-3.03,93.2,37,60,265,142,60,INF754K01MT7
149858,ICICI Prudential Nifty Bank Index Fund - Direct Plan - Growth,ICICI Prudential Mutual Fund,Other Scheme - Index Funds,Direct,15.727,01-Oct-2026,0.13,0.22,0.09,7.45,,16.49,0.06,-16.92,55.6,149,61,265,142,55,INF109KC11A4
150706,SBI CRISIL IBX Gilt Index - April 2029 Fund - Direct Plan - Growth,SBI Mutual Fund,Other Scheme - Index Funds,Direct,13.3601,01-Oct-2026,0.18,0.21,4.38,7.45,,1.94,0.49,-0.95,89.4,96,62,265,142,48,INF200KA18Q6
150702,Aditya Birla Sun Life Crisil IBX 50:50 Gilt Plus SDL Apr 2028 Index Fund - Direct Plan - GROWTH,Aditya Birla Sun Life Mutual Fund,Other Scheme - Index Funds,Direct,13.3832,01-Oct-2026,0.17,0.2,5.26,7.44,,1.56,0.6,-0.47,93.6,81,63,265,142,48,INF209KB14N1
151300,Axis CRISIL IBX 50:50 Gilt Plus SDL June 2028 Index Fund - Direct Plan - Growth Option,Axis Mutual Fund,Other Scheme - Index Funds,Direct,12.9762,01-Oct-2026,0.15,0.19,5.36,7.44,,1.51,0.62,-0.46,95.5,73,64,265,142,45,INF846K010N7
149970,DSP Nifty SDL Plus G-Sec Jun 2028 30:70 Index Fund - Direct Plan - Growth,DSP Mutual Fund,Other Scheme - Index Funds,Direct,13.3803,01-Oct-2026,0.14,0.16,5.32,7.44,,1.83,0.51,-2.15,88.9,75,65,265,142,55,INF740KA1QV9
151373,DSP Nifty SDL Plus G-Sec Sep 2027 50:50 Index Fund - Direct Plan - Growth,DSP Mutual Fund,Other Scheme - Index Funds,Direct,13.0088,01-Oct-2026,0.14,0.16,5.65,7.44,,1.12,0.84,0.0,100.0,58,66,265,142,44,INF740KA1SH4
150725,Kotak Nifty SDL Plus AAA PSU Bond Jul 2028 60 - 40 Index Fund - Direct Plan - Growth,Kotak Mahindra Mutual Fund,Other Scheme - Index Funds,Direct,13.3048,01-Oct-2026,0.18,0.21,5.45,7.44,,1.42,0.66,-0.41,95.7,68,67,265,142,48,INF174KA1JT3
151390,Nippon India Nifty SDL Plus G-Sec - Jun 2029 Maturity 70:30 Index Fund - Direct Plan - Growth Option,Nippon India Mutual Fund,Other Scheme - Index Funds,Direct,12.9743,01-Oct-2026,0.17,0.2,4.91,7.44,,1.83,0.51,-0.79,88.4,88,68,265,142,44,INF204KC1AI7
150729,ICICI Prudential Nifty SDL Dec 2028 Index Fund - Direct Plan - Growth,ICICI Prudential Mutual Fund,Other Scheme - Index Funds,Direct,13.4043,01-Oct-2026,0.16,0.19,5.28,7.43,,1.84,0.51,-1.05,89.4,80,69,265,142,48,INF109KC14L5
147620,Motilal Oswal Nifty Bank Index Fund - Direct Plan - Growth,Motilal Oswal Mutual Fund,Other Scheme - Index Funds,Direct,20.2639,01-Oct-2026,0.23,0.31,-0.02,7.43,8.35,16.75,0.06,-16.95,55.0,152,70,265,142,61,INF247L01890
149998,ICICI Prudential Nifty SDL Sep 2027 Index Fund - Regular Plan - Growth,ICICI Prudential Mutual Fund,Other Scheme - Index Funds,Regular,13.2281,01-Oct-2026,0.27,0.33,5.83,7.41,,1.92,0.47,-3.2,88.9,39,50,276,154,55,INF109KC11B2
149799,Motilal Oswal Nifty 200 Momentum 30 Index Fund,Motilal Oswal Mutual Fund,Other Scheme - Index Funds,Regular,14.127,01-Oct-2026,0.9,1.53,-3.1,7.41,,19.47,0.05,-29.07,61.8,183,51,276,154,56,INF247L01AW9
150326,Tata Nifty SDL Plus AAA PSU Bond Dec 2027 60 40 Index Fund - Direct Plan - Growth Option,Tata Mutual Fund,Other Scheme - Index Funds,Direct,13.4003,01-Oct-2026,0.2,0.24,5.52,7.41,,1.6,0.57,-1.29,94.3,64,71,265,142,54,INF277KA1372
150353,Aditya Birla Sun Life Crisil IBX 60:40 SDL+AAA PSU-APR 2027 Index Fund - Direct Plan - Growth,Aditya Birla Sun Life Mutual Fund,Other Scheme - Index Funds,Direct,13.2117,01-Oct-2026,0.18,0.21,6.09,7.4,,1.73,0.52,-2.96,94.4,35,72,265,142,55,INF209KB19H2
150727,Edelweiss CRISIL IBX 50:50 Gilt Plus SDL June 2027 Index Fund - Direct Plan - Growth,Edelweiss Mutual Fund,Other Scheme - Index Funds,Direct,13.2772,01-Oct-2026,0.17,0.2,5.63,7.39,,1.08,0.82,-0.07,97.9,59,73,265,142,48,INF754K01PN3
151570,HDFC NIFTY SDL Plus G-Sec Jun 2027 40:60 Index Fund - Direct Plan - Growth Option,HDFC Mutual Fund,Other Scheme - Index Funds,Direct,12.8256,01-Oct-2026,0.18,0.21,5.61,7.39,,0.91,0.98,0.0,100.0,60,74,265,142,43,INF179KC1GA2
148792,BANDHAN CRISIL IBX GILT APRIL 2028 INDEX FUND - Direct Plan - Growth,Bandhan Mutual Fund,Other Scheme - Index Funds,Direct,14.0093,01-Oct-2026,0.17,0.2,5.29,7.38,6.06,1.82,0.48,-2.11,86.7,79,75,265,142,61,INF194KB1BV1
151408,BANDHAN CRISIL IBX GILT APRIL 2032 INDEX FUND - Direct Plan - Growth,Bandhan Mutual Fund,Other Scheme - Index Funds,Direct,13.0164,01-Oct-2026,0.17,0.2,4.01,7.38,,2.82,0.31,-1.76,81.4,102,76,265,142,44,INF194KB1FF5
149794,Aditya Birla Sun Life Nifty SDL Apr 2027 Index Fund - Direct Plan - GROWTH,Aditya Birla Sun Life Mutual Fund,Other Scheme - Index Funds,Direct,13.3704,01-Oct-2026,0.18,0.21,5.92,7.36,,1.76,0.49,-3.05,92.9,43,77,265,142,57,INF209KB11F3
150847,HDFC Nifty G-Sec July 2031 Index Fund - Direct Plan - Growth Option,HDFC Mutual Fund,Other Scheme - Index Funds,Direct,13.2595,01-Oct-2026,0.14,0.16,4.01,7.36,,2.7,0.32,-1.81,78.3,103,78,265,142,47,INF179KC1EH2
150454,ICICI Prudential Nifty 200 Momentum 30 Index Fund - Regular Plan - Growth,ICICI Prudential Mutual Fund,Other Scheme - Index Funds,Regular,15.4968,01-Oct-2026,0.86,1.47,-2.79,7.36,,18.43,0.05,-29.16,63.3,180,52,276,154,50,INF109KC18C5
150868,BANDHAN CRISIL IBX 90:10 SDL PLUS GILT - NOV 2026 INDEX FUND - Direct Plan - Growth,Bandhan Mutual Fund,Other Scheme - Index Funds,Direct,13.1159,01-Oct-2026,0.08,0.09,5.9,7.35,,0.86,0.99,-0.08,97.8,44,79,265,142,47,INF194KB1ET9
150733,ICICI Prudential Nifty G-Sec Dec 2030 Index Fund - Direct Plan - Growth,ICICI Prudential Mutual Fund,Other Scheme - Index Funds,Direct,13.3466,01-Oct-2026,0.17,0.2,3.8,7.35,,2.32,0.37,-1.39,83.0,105,80,265,142,48,INF109KC18K8
150712,SBI CRISIL IBX SDL Index - September 2027 Fund - Regular Plan - Growth,SBI Mutual Fund,Other Scheme - Index Funds,Regular,13.2188,01-Oct-2026,0.35,0.42,5.73,7.34,,1.16,0.72,-0.06,93.6,43,53,276,154,48,INF200KA11R9
150890,BANDHAN CRISIL IBX 90:10 SDL PLUS GILT - SEPTEMBER 2027 INDEX FUND - Regular Plan - Growth,Bandhan Mutual Fund,Other Scheme - Index Funds,Regular,13.0745,01-Oct-2026,0.29,0.34,5.72,7.33,,1.15,0.72,-0.06,95.7,44,54,276,154,47,INF194KB1FC2
149852,Kotak Nifty SDL Apr 2027 Top 12 Equal Weight Index Fund - Regular Plan - Growth,Kotak Mahindra Mutual Fund,Other Scheme - Index Funds,Regular,13.1888,01-Oct-2026,0.3,0.35,5.88,7.33,,1.81,0.46,-3.18,92.7,36,55,276,154,56,INF174KA1II8
151181,HDFC Nifty G-Sec Jun 2027 Index Fund - Direct Plan - Growth Option,HDFC Mutual Fund,Other Scheme - Index Funds,Direct,13.0416,01-Oct-2026,0.17,0.2,5.33,7.32,,1.14,0.72,-0.12,97.8,74,81,265,142,46,INF179KC1EJ8
151440,Nippon India Nifty G-Sec Oct 2028 Maturity Index Fund - Direct Plan - Growth Option,Nippon India Mutual Fund,Other Scheme - Index Funds,Direct,12.9569,01-Oct-2026,0.17,0.2,4.62,7.32,,1.56,0.53,-0.88,95.2,90,82,265,142,43,INF204KC1AO5
150906,Nippon India Nifty G-Sec Sep 2027 Maturity Index Fund - Direct Plan - Growth Option,Nippon India Mutual Fund,Other Scheme - Index Funds,Direct,13.0071,01-Oct-2026,0.17,0.2,5.31,7.32,,1.16,0.71,-0.12,97.8,76,83,265,142,46,INF204KC1881
148789,BANDHAN CRISIL IBX GILT JUNE 2027 INDEX FUND - Direct Plan - Growth,Bandhan Mutual Fund,Other Scheme - Index Funds,Direct,13.9391,01-Oct-2026,0.17,0.2,5.37,7.31,5.97,1.73,0.47,-2.39,90.0,72,84,265,142,61,INF194KB1BP3
150777,Aditya Birla Sun Life Crisil IBX Gilt -Apr 2029 Index Fund - Regular Plan - GROWTH,Aditya Birla Sun Life Mutual Fund,Other Scheme - Index Funds,Regular,13.326,01-Oct-2026,0.32,0.38,4.27,7.3,,1.93,0.41,-0.91,89.4,95,56,276,154,48,INF209KB10O7
149208,ICICI Prudential Nifty PSU Bond Plus SDL Sep 2027 40:60 Index Fund - Regular Plan - Growth,ICICI Prudential Mutual Fund,Other Scheme - Index Funds,Regular,13.3016,01-Oct-2026,0.32,0.38,5.7,7.3,5.86,1.87,0.43,-3.0,90.0,45,57,276,154,61,INF109KC1S13
150825,Nippon India Nifty SDL Plus G-Sec - Jun 2028 Maturity 70:30 Index Fund - Regular Plan - Growth Option,Nippon India Mutual Fund,Other Scheme - Index Funds,Regular,13.0758,01-Oct-2026,0.34,0.4,5.3,7.3,,1.42,0.56,-0.49,91.3,64,58,276,154,47,INF204KC1717
151496,HDFC Nifty G-Sec Apr 2029 Index Fund - Regular Plan - Growth Option,HDFC Mutual Fund,Other Scheme - Index Funds,Regular,12.9283,01-Oct-2026,0.31,0.37,4.27,7.29,,1.88,0.42,-0.89,85.7,96,59,276,154,43,INF179KC1FR8
150703,Aditya Birla Sun Life Crisil IBX 50:50 Gilt Plus SDL Apr 2028 Index Fund - Regular Plan - GROWTH,Aditya Birla Sun Life Mutual Fund,Other Scheme - Index Funds,Regular,13.302,01-Oct-2026,0.3,0.35,5.1,7.28,,1.56,0.5,-0.48,93.6,73,60,276,154,48,INF209KB12N5
151560,Aditya Birla Sun Life Nifty SDL SEP 2027 Index Fund - Regular Plan - GROWTH,Aditya Birla Sun Life Mutual Fund,Other Scheme - Index Funds,Regular,12.896,01-Oct-2026,0.41,0.48,5.54,7.28,,1.02,0.76,0.0,100.0,54,61,276,154,43,INF209KB14T8
149968,DSP Nifty SDL Plus G-Sec Jun 2028 30:70 Index Fund - Regular Plan - Growth,DSP Mutual Fund,Other Scheme - Index Funds,Regular,13.2894,01-Oct-2026,0.26,0.31,5.17,7.28,,1.83,0.43,-2.17,88.9,68,62,276,154,55,INF740KA1QS5
151183,HDFC Nifty G-Sec Sep 2032 Index Fund - Direct Plan - Growth Option,HDFC Mutual Fund,Other Scheme - Index Funds,Direct,13.1088,01-Oct-2026,0.16,0.19,3.66,7.28,,2.98,0.26,-2.02,77.8,107,85,265,142,46,INF179KC1EL4
150011,Nippon India Nifty AAA CPSE Bond Plus SDL - Apr 2027 Maturity 60:40 Index Fund - Regular Plan - Growth Option,Nippon India Mutual Fund,Other Scheme - Index Funds,Regular,13.1114,01-Oct-2026,0.27,0.32,6.11,7.28,,1.68,0.46,-2.79,92.6,28,63,276,154,55,INF204KC1493
149832,BANDHAN NIFTY 100 INDEX FUND - Direct Plan - Growth,Bandhan Mutual Fund,Other Scheme - Index Funds,Direct,14.1347,01-Oct-2026,0.08,0.17,-6.21,7.27,,14.43,0.05,-16.13,61.8,211,86,265,142,56,INF194KB1CR7
150692,TATA CRISIL-IBX GILT INDEX - APRIL 2026 INDEX FUND - Direct Plan - Growth Option,Tata Mutual Fund,Other Scheme - Index Funds,Direct,12.6722,13-Feb-2026,,,6.94,7.27,,0.85,0.91,-0.06,97.4,21,87,265,142,40,INF277KA1554
151370,DSP Nifty SDL Plus G-Sec Sep 2027 50:50 Index Fund - Regular Plan - Growth,DSP Mutual Fund,Other Scheme - Index Funds,Regular,12.9272,01-Oct-2026,0.28,0.33,5.49,7.25,,1.12,0.67,0.0,100.0,56,64,276,154,44,INF740KA1SE1
151489,HDFC Nifty G-Sec Jun 2036 Index Fund - Direct Plan - Growth Option,HDFC Mutual Fund,Other Scheme - Index Funds,Direct,12.9884,01-Oct-2026,0.17,0.2,3.56,7.25,,3.4,0.22,-2.34,73.8,109,88,265,142,43,INF179KC1FS6
150728,ICICI Prudential Nifty SDL Dec 2028 Index Fund - Regular Plan - Growth,ICICI Prudential Mutual Fund,Other Scheme - Index Funds,Regular,13.3106,01-Oct-2026,0.3,0.36,5.11,7.25,,1.84,0.41,-1.07,89.4,72,65,276,154,48,INF109KC11L1
150920,Nippon India Nifty G-Sec Jun 2036 Maturity Index Fund - Direct Plan - Growth Option,Nippon India Mutual Fund,Other Scheme - Index Funds,Direct,13.0956,01-Oct-2026,0.17,0.2,3.47,7.25,,3.31,0.23,-2.26,75.6,112,89,265,142,46,INF204KC1AC0
150351,Aditya Birla Sun Life Crisil IBX 60:40 SDL+AAA PSU-APR 2027 Index Fund - Regular Plan - GROWTH,Aditya Birla Sun Life Mutual Fund,Other Scheme - Index Funds,Regular,13.1129,01-Oct-2026,0.32,0.38,5.96,7.24,,1.73,0.43,-2.98,94.4,34,66,276,154,55,INF209KB17H6
151297,Axis CRISIL IBX 50:50 Gilt Plus SDL June 2028 Index Fund - Regular Plan - Growth Option,Axis Mutual Fund,Other Scheme - Index Funds,Regular,12.8873,01-Oct-2026,0.3,0.37,5.18,7.24,,1.51,0.49,-0.47,93.2,67,67,276,154,45,INF846K013N1
149249,Edelweiss NIFTY PSU Bond Plus SDL Apr 2027 50:50 Index Fund - Regular Plan - Growth,Edelweiss Mutual Fund,Other Scheme - Index Funds,Regular,13.3274,01-Oct-2026,0.37,0.43,5.86,7.24,5.95,1.77,0.42,-3.06,91.5,38,68,276,154,60,INF754K01MP5
151392,Nippon India Nifty SDL Plus G-Sec - Jun 2029 Maturity 70:30 Index Fund - Regular Plan - Growth Option,Nippon India Mutual Fund,Other Scheme - Index Funds,Regular,12.8854,01-Oct-2026,0.33,0.39,4.72,7.24,,1.83,0.4,-0.81,88.4,87,69,276,154,44,INF204KC1AF3
151571,HDFC NIFTY SDL Plus G-Sec Jun 2027 40:60 Index Fund - Regular Plan - Growth Option,HDFC Mutual Fund,Other Scheme - Index Funds,Regular,12.7599,01-Oct-2026,0.3,0.35,5.47,7.23,,0.91,0.8,0.0,100.0,57,70,276,154,43,INF179KC1GB0
150723,Kotak Nifty SDL Plus AAA PSU Bond Jul 2028 60 - 40 Index Fund - Regular Plan - Growth,Kotak Mahindra Mutual Fund,Other Scheme - Index Funds,Regular,13.2031,01-Oct-2026,0.34,0.4,5.25,7.23,,1.42,0.51,-0.43,95.7,66,71,276,154,48,INF174KA1JQ9
151301,Tata Nifty G-Sec Dec 2026 Index Fund - Direct Plan - Growth Option,Tata Mutual Fund,Other Scheme - Index Funds,Direct,12.9013,01-Oct-2026,0.14,0.16,5.68,7.23,,0.94,0.78,-0.15,97.7,57,90,265,142,45,INF277KA1794
149199,Aditya Birla Sun Life Nifty SDL Plus PSU Bond SEP 2026 60:40 Index Fund - Direct Plan - GROWTH,Aditya Birla Sun Life Mutual Fund,Other Scheme - Index Funds,Direct,13.3594,30-Sep-2026,0.18,0.21,5.89,7.22,5.95,1.58,0.46,-2.73,90.0,47,91,265,142,61,INF209KB18B7
149950,Edelweiss CRISIL PSU Plus SDL 50:50 Oct 2025 Index Fund - Direct Plan - Growth,Edelweiss Mutual Fund,Other Scheme - Index Funds,Direct,12.3889,31-Oct-2025,,,6.78,7.22,,1.51,0.48,-2.32,93.0,22,92,265,142,44,INF754K01OG0
151456,HDFC Nifty SDL Oct 2026 Index Fund - Direct Plan - Growth Option,HDFC Mutual Fund,Other Scheme - Index Funds,Direct,12.906,01-Oct-2026,0.17,0.2,5.7,7.22,,0.77,0.94,0.0,100.0,55,93,265,142,44,INF179KC1FI7
152098,Kotak Nifty G-Sec July 2033 Index Fund - Direct Plan - Growth,Kotak Mahindra Mutual Fund,Other Scheme - Index Funds,Direct,12.3579,01-Oct-2026,0.12,0.14,3.73,7.22,,2.91,0.25,-1.56,82.9,106,94,265,142,36,INF174KA1PJ1
149474,SBI CPSE Bond Plus SDL Sep 2026 50:50 Index Fund - Direct Plan - Growth,SBI Mutual Fund,Other Scheme - Index Funds,Direct,13.2629,30-Sep-2026,0.18,0.21,5.95,7.22,,1.61,0.45,-2.8,92.9,41,95,265,142,57,INF200KA13D5
150754,Nippon India Nifty AAA PSU Bond Plus SDL - Sep 2026 Maturity 50:50 Index Fund - Direct Plan - Growth Option,Nippon India Mutual Fund,Other Scheme - Index Funds,Direct,13.0923,02-Sep-2026,0.17,0.2,6.12,7.21,,0.73,0.97,-0.01,97.8,34,96,265,142,47,INF204KC1683
150846,HDFC Nifty G-Sec July 2031 Index Fund - Regular Plan - Growth Option,HDFC Mutual Fund,Other Scheme - Index Funds,Regular,13.1762,01-Oct-2026,0.28,0.33,3.85,7.2,,2.7,0.26,-1.82,78.3,103,72,276,154,47,INF179KC1EI0
150707,SBI CRISIL IBX Gilt Index - April 2029 Fund - Regular Plan - Growth,SBI Mutual Fund,Other Scheme - Index Funds,Regular,13.2377,01-Oct-2026,0.36,0.42,4.15,7.2,,1.93,0.36,-0.97,87.2,99,73,276,154,48,INF200KA15Q2
147666,Axis Nifty 100 Index Fund - Direct Plan - Growth Option,Axis Mutual Fund,Other Scheme - Index Funds,Direct,21.1007,01-Oct-2026,0.18,0.25,-6.28,7.19,6.63,14.03,0.05,-16.14,60.0,212,97,265,142,61,INF846K01S29
150633,BANDHAN Nifty100 Low Volatility 30 Index Fund - Regular Plan - Growth,Bandhan Mutual Fund,Other Scheme - Index Funds,Regular,14.2583,01-Oct-2026,0.79,1.02,-6.74,7.19,,14.01,0.05,-16.63,61.7,222,74,276,154,48,INF194KB1DY1
150848,Edelweiss CRISIL IBX 50:50 Gilt Plus SDL Sep 2028 Index Fund - Regular Plan - Growth,Edelweiss Mutual Fund,Other Scheme - Index Funds,Regular,13.1654,01-Oct-2026,0.38,0.45,4.98,7.19,,1.52,0.45,-0.44,95.7,77,75,276,154,47,INF754K01PR4
150845,HDFC Nifty G-Sec Dec 2026 Index Fund - Direct Plan - Growth Option,HDFC Mutual Fund,Other Scheme - Index Funds,Direct,13.0868,01-Oct-2026,0.17,0.2,5.57,7.19,,0.95,0.73,-0.11,97.8,63,98,265,142,47,INF179KC1EE9
151211,ICICI Prudential Nifty SDL Sep 2026 Index Fund - Direct Plan - Growth,ICICI Prudential Mutual Fund,Other Scheme - Index Funds,Direct,12.9566,30-Sep-2026,0.17,0.2,5.68,7.19,,0.79,0.87,-0.02,97.8,56,99,265,142,46,INF109KC13P8
150592,BANDHAN NIFTY200 MOMENTUM 30 INDEX FUND - Regular Plan - Growth,Bandhan Mutual Fund,Other Scheme - Index Funds,Regular,14.5545,01-Oct-2026,0.86,1.5,-2.92,7.17,,18.59,0.04,-29.15,64.6,181,76,276,154,49,INF194KB1DS3
151279,Baroda BNP Paribas Nifty SDL December 2026 Index Fund - Regular Plan - Growth Option,Baroda BNP Paribas Mutual Fund,Other Scheme - Index Funds,Regular,12.7406,20-Aug-2026,,,5.62,7.17,,0.99,0.68,-0.14,97.6,48,77,276,154,43,INF251K01RI6
150681,SBI CRISIL IBX Gilt Index - June 2036 Fund - Direct Plan - Growth,SBI Mutual Fund,Other Scheme - Index Funds,Direct,13.3801,01-Oct-2026,0.24,0.28,3.54,7.17,,3.29,0.2,-2.33,76.6,110,100,265,142,48,INF200KA12Q9
151275,Tata Nifty G-Sec Dec 2029 Index Fund - Regular Plan - Growth Option,Tata Mutual Fund,Other Scheme - Index Funds,Regular,12.8984,01-Oct-2026,0.38,0.42,4.01,7.17,,2.02,0.33,-0.97,86.4,101,78,276,154,45,INF277KA1760
150732,ICICI Prudential Nifty G-Sec Dec 2030 Index Fund - Regular Plan - Growth,ICICI Prudential Mutual Fund,Other Scheme - Index Funds,Regular,13.2487,01-Oct-2026,0.32,0.38,3.62,7.16,,2.32,0.28,-1.41,83.0,108,79,276,154,48,INF109KC15K4
151180,HDFC Nifty G-Sec Jun 2027 Index Fund - Regular Plan - Growth Option,HDFC Mutual Fund,Other Scheme - Index Funds,Regular,12.9657,01-Oct-2026,0.3,0.35,5.17,7.15,,1.14,0.57,-0.13,97.8,69,80,276,154,46,INF179KC1EK6
151407,PGIM India CRISIL IBX Gilt Index - Apr 2028 Fund - Direct Plan - Direct Growth,PGIM India Mutual Fund,Other Scheme - Index Funds,Direct,12.8988,01-Oct-2026,0.39,0.46,4.92,7.15,,1.29,0.5,-0.29,95.3,87,101,265,142,44,INF663L01X21
150330,Tata Nifty SDL Plus AAA PSU Bond Dec 2027 60 40 Index Fund - Regular Plan - Growth Option,Tata Mutual Fund,Other Scheme - Index Funds,Regular,13.2403,01-Oct-2026,0.4,0.44,5.27,7.15,,1.6,0.41,-1.31,94.3,65,81,276,154,54,INF277KA1406
151439,Nippon India Nifty G-Sec Oct 2028 Maturity Index Fund - Regular Plan - Growth Option,Nippon India Mutual Fund,Other Scheme - Index Funds,Regular,12.8766,01-Oct-2026,0.33,0.39,4.43,7.14,,1.56,0.41,-0.9,90.5,92,82,276,154,43,INF204KC1AL1
150771,Edelweiss CRISIL IBX 50:50 Gilt Plus SDL June 2027 Index Fund - Regular Plan - Growth,Edelweiss Mutual Fund,Other Scheme - Index Funds,Regular,13.1494,01-Oct-2026,0.37,0.44,5.37,7.13,,1.07,0.59,-0.09,97.9,61,83,276,154,48,INF754K01PJ1
151218,Kotak Nifty SDL Jul 2026 Index Fund - Direct Plan - Growth,Kotak Mahindra Mutual Fund,Other Scheme - Index Funds,Direct,12.8125,31-Jul-2026,,,5.59,7.12,,0.79,0.78,-0.09,97.7,62,102,265,142,44,INF174KA1LC5
148790,BANDHAN CRISIL IBX GILT APRIL 2028 INDEX FUND - Regular Plan - Growth,Bandhan Mutual Fund,Other Scheme - Index Funds,Regular,13.8169,01-Oct-2026,0.38,0.45,5.02,7.11,5.79,1.82,0.34,-2.23,85.0,76,84,276,154,61,INF194KB1BS7
150871,BANDHAN CRISIL IBX 90:10 SDL PLUS GILT - APRIL 2032 INDEX FUND - Direct Plan - Growth,Bandhan Mutual Fund,Other Scheme - Index Funds,Direct,13.1432,01-Oct-2026,0.08,0.09,4.44,7.1,,2.77,0.22,-1.54,82.6,93,103,265,142,47,INF194KB1EN2
151409,BANDHAN CRISIL IBX GILT APRIL 2032 INDEX FUND - Regular Plan - Growth,Bandhan Mutual Fund,Other Scheme - Index Funds,Regular,12.8969,01-Oct-2026,0.39,0.46,3.74,7.1,,2.82,0.21,-1.79,81.4,105,85,276,154,44,INF194KB1FI9
149254,Edelweiss Nifty 100 Quality 30 Index Fund - Direct Plan - Growth,Edelweiss Mutual Fund,Other Scheme - Index Funds,Direct,13.8396,01-Oct-2026,0.37,0.6,-4.52,7.1,7.45,14.64,0.04,-20.03,54.2,202,104,265,142,60,INF754K01NJ6
151182,HDFC Nifty G-Sec Sep 2032 Index Fund - Regular Plan - Growth Option,HDFC Mutual Fund,Other Scheme - Index Funds,Regular,13.0237,01-Oct-2026,0.29,0.34,3.49,7.09,,2.98,0.2,-2.04,75.6,110,86,276,154,46,INF179KC1EM2
150904,Nippon India Nifty G-Sec Sep 2027 Maturity Index Fund - Regular Plan - Growth Option,Nippon India Mutual Fund,Other Scheme - Index Funds,Regular,12.9048,01-Oct-2026,0.34,0.4,5.09,7.09,,1.16,0.51,-0.14,97.8,74,87,276,154,46,INF204KC1857
150869,BANDHAN CRISIL IBX 90:10 SDL PLUS GILT - NOV 2026 INDEX FUND - Regular Plan - Growth,Bandhan Mutual Fund,Other Scheme - Index Funds,Regular,12.989,01-Oct-2026,0.29,0.34,5.64,7.08,,0.86,0.67,-0.1,97.8,47,88,276,154,47,INF194KB1EW3
151329,DSP CRISIL-IBX 50:50 Gilt Plus SDL - April 2033 Index Fund - Direct Plan - Growth,DSP Mutual Fund,Other Scheme - Index Funds,Direct,12.9982,01-Oct-2026,0.13,0.15,4.08,7.08,,2.79,0.21,-1.4,79.5,101,105,265,142,45,INF740KA1SB7
151365,Edelweiss CRISIL IBX 50:50 Gilt Plus SDL Short Duration Index Fund - Direct Plan - Growth,Edelweiss Mutual Fund,Other Scheme - Index Funds,Direct,12.8573,01-Oct-2026,0.17,0.2,4.69,7.08,,1.41,0.41,-0.62,93.0,89,106,265,142,44,INF754K01RK5
148795,Edelweiss Nifty PSU Bond Plus SDL Apr 2026 50:50 Index Fund - Direct Plan - Growth,Edelweiss Mutual Fund,Other Scheme - Index Funds,Direct,13.7188,30-Apr-2026,,,6.26,7.08,,1.59,0.36,-2.6,90.9,32,107,265,142,56,INF754K01MD1
151364,UTI NIFTY SDL Plus AAA PSU Bond Apr 2026 75:25 Index Fund,UTI Mutual Fund,Other Scheme - Index Funds,Regular,12.5294,30-Apr-2026,,,6.08,7.08,,0.64,0.91,0.0,100.0,30,89,276,154,39,INF789F1AXL6
149472,SBI CPSE Bond Plus SDL Sep 2026 50:50 Index Fund - Regular Plan - Growth,SBI Mutual Fund,Other Scheme - Index Funds,Regular,13.1627,30-Sep-2026,0.25,0.29,5.82,7.07,,1.62,0.35,-2.84,92.9,40,90,276,154,57,INF200KA10D1
149198,Aditya Birla Sun Life Nifty SDL Plus PSU Bond SEP 2026 60:40 Index Fund - Regular Plan - GROWTH,Aditya Birla Sun Life Mutual Fund,Other Scheme - Index Funds,Regular,13.2563,30-Sep-2026,0.3,0.35,5.73,7.06,5.79,1.58,0.35,-2.75,90.0,42,91,276,154,61,INF209KB16B1
149868,HDFC NIFTY 100 Index Fund - Direct Plan - Growth Option,HDFC Mutual Fund,Other Scheme - Index Funds,Direct,14.0513,01-Oct-2026,0.25,0.35,-6.37,7.06,,14.37,0.04,-16.21,60.0,214,108,265,142,56,INF179KC1BY3
151490,HDFC Nifty G-Sec Jun 2036 Index Fund - Regular Plan - Growth Option,HDFC Mutual Fund,Other Scheme - Index Funds,Regular,12.9042,01-Oct-2026,0.3,0.35,3.38,7.06,,3.4,0.16,-2.38,73.8,112,92,276,154,43,INF179KC1FT4
151455,HDFC Nifty SDL Oct 2026 Index Fund - Regular Plan - Growth Option,HDFC Mutual Fund,Other Scheme - Index Funds,Regular,12.8339,01-Oct-2026,0.3,0.35,5.55,7.06,,0.77,0.73,0.0,100.0,53,93,276,154,44,INF179KC1FJ5
149792,Aditya Birla Sun Life Nifty SDL Apr 2027 Index Fund - Regular Plan - GROWTH,Aditya Birla Sun Life Mutual Fund,Other Scheme - Index Funds,Regular,13.1828,01-Oct-2026,0.43,0.51,5.61,7.04,,1.76,0.31,-3.08,92.9,50,94,276,154,57,INF209KB19E9
148786,BANDHAN CRISIL IBX GILT JUNE 2027 INDEX FUND - Regular Plan - Growth,Bandhan Mutual Fund,Other Scheme - Index Funds,Regular,13.7477,01-Oct-2026,0.38,0.45,5.11,7.04,5.71,1.73,0.31,-2.43,90.0,71,95,276,154,61,INF194KB1BL2
149949,Edelweiss CRISIL PSU Plus SDL 50:50 Oct 2025 Index Fund - Regular Plan - Growth,Edelweiss Mutual Fund,Other Scheme - Index Funds,Regular,12.3027,31-Oct-2025,,,6.58,7.02,,1.51,0.34,-2.35,93.0,21,96,276,154,44,INF754K01OC9
150844,HDFC Nifty G-Sec Dec 2026 Index Fund - Regular Plan - Growth Option,HDFC Mutual Fund,Other Scheme - Index Funds,Regular,13.0097,01-Oct-2026,0.3,0.35,5.42,7.02,,0.95,0.55,-0.13,97.8,59,97,276,154,47,INF179KC1EG4
150923,Nippon India Nifty G-Sec Jun 2036 Maturity Index Fund - Regular Plan - Growth Option,Nippon India Mutual Fund,Other Scheme - Index Funds,Regular,12.986,01-Oct-2026,0.36,0.42,3.24,7.02,,3.31,0.16,-2.31,75.6,114,98,276,154,46,INF204KC1998
151577,Aditya Birla Sun Life Crisil IBX Gilt Apr 2028 Index Fund - Direct Plan - Growth,Aditya Birla Sun Life Mutual Fund,Other Scheme - Index Funds,Direct,12.7096,01-Oct-2026,0.44,0.52,4.95,7.01,,1.18,0.43,-0.35,95.2,86,109,265,142,43,INF209KB11U2
151427,Aditya Birla Sun Life CRISIL IBX SDL Jun 2032 Index Fund - Direct Plan - GROWTH,Aditya Birla Sun Life Mutual Fund,Other Scheme - Index Funds,Direct,12.9722,01-Oct-2026,0.19,0.22,4.21,7.01,,2.87,0.18,-1.52,81.4,100,110,265,142,44,INF209KB14S0
150752,Nippon India Nifty AAA PSU Bond Plus SDL - Sep 2026 Maturity 50:50 Index Fund - Regular Plan - Growth Option,Nippon India Mutual Fund,Other Scheme - Index Funds,Regular,12.9997,02-Sep-2026,0.33,0.39,5.93,7.01,,0.73,0.7,-0.02,97.8,35,99,276,154,47,INF204KC1659
150694,TATA CRISIL-IBX GILT INDEX - APRIL 2026 INDEX FUND - Regular Plan - GROWTH OPTION,Tata Mutual Fund,Other Scheme - Index Funds,Regular,12.5644,13-Feb-2026,,,6.69,7.01,,0.85,0.6,-0.08,97.4,20,100,276,154,40,INF277KA1588
151208,ICICI Prudential Nifty SDL Sep 2026 Index Fund - Regular Plan - Growth,ICICI Prudential Mutual Fund,Other Scheme - Index Funds,Regular,12.859,30-Sep-2026,0.34,0.4,5.47,6.98,,0.79,0.61,-0.04,97.8,58,101,276,154,46,INF109KC10P4
151404,PGIM India CRISIL IBX Gilt Index - Apr 2028 Fund - Regular Plan - Regular Growth,PGIM India Mutual Fund,Other Scheme - Index Funds,Regular,12.8227,01-Oct-2026,0.51,0.6,4.77,6.98,,1.29,0.37,-0.31,95.3,85,102,276,154,44,INF663L01X54
152100,Kotak Nifty G-Sec July 2033 Index Fund - Regular Plan - Growth,Kotak Mahindra Mutual Fund,Other Scheme - Index Funds,Regular,12.2665,01-Oct-2026,0.33,0.39,3.47,6.96,,2.91,0.16,-1.58,80.0,111,103,276,154,36,INF174KA1PG7
149865,Kotak Nifty SDL Apr 2032 Top 12 Equal Weight Index Fund - Direct Plan - Growth,Kotak Mahindra Mutual Fund,Other Scheme - Index Funds,Direct,13.4161,01-Oct-2026,0.17,0.2,4.36,6.96,,3.1,0.15,-2.59,80.0,98,111,265,142,56,INF174KA1IR9
150428,DSP Nifty Midcap 150 Quality 50 Index Fund - Direct Plan - Growth,DSP Mutual Fund,Other Scheme - Index Funds,Direct,13.8978,01-Oct-2026,0.26,0.47,-3.4,6.94,,16.07,0.03,-20.87,57.1,189,112,265,142,50,INF740KA1RB9
150683,SBI CRISIL IBX Gilt Index - June 2036 Fund - Regular Plan - Growth,SBI Mutual Fund,Other Scheme - Index Funds,Regular,13.2522,01-Oct-2026,0.42,0.49,3.31,6.92,,3.29,0.13,-2.39,76.6,113,104,276,154,48,INF200KA19P6
150873,BANDHAN CRISIL IBX 90:10 SDL PLUS GILT - APRIL 2032 INDEX FUND - Regular Plan - Growth,Bandhan Mutual Fund,Other Scheme - Index Funds,Regular,13.0555,01-Oct-2026,0.23,0.27,4.25,6.91,,2.77,0.15,-1.56,82.6,97,105,276,154,47,INF194KB1EQ5
151306,Tata Nifty G-Sec Dec 2026 Index Fund - Regular Plan - Growth Option,Tata Mutual Fund,Other Scheme - Index Funds,Regular,12.7485,01-Oct-2026,0.36,0.4,5.38,6.91,,0.93,0.44,-0.18,97.7,60,106,276,154,45,INF277KA1828
151216,Kotak Nifty SDL Jul 2026 Index Fund - Regular Plan - Growth,Kotak Mahindra Mutual Fund,Other Scheme - Index Funds,Regular,12.7164,31-Jul-2026,,,5.37,6.9,,0.79,0.51,-0.11,97.7,63,107,276,154,44,INF174KA1KZ8
148797,Edelweiss Nifty PSU Bond Plus SDL Apr 2026 50:50 Index Fund - Regular Plan - Growth,Edelweiss Mutual Fund,Other Scheme - Index Funds,Regular,13.5902,30-Apr-2026,,,6.06,6.87,,1.59,0.23,-2.63,90.9,31,108,276,154,56,INF754K01LZ6
150746,BANDHAN CRISIL IBX GILT APRIL 2026 INDEX FUND - Direct Plan - Growth,Bandhan Mutual Fund,Other Scheme - Index Funds,Direct,12.7711,30-Apr-2026,,,5.82,6.84,,0.83,0.41,-0.05,97.6,51,113,265,142,43,INF194KB1EH4
149859,ICICI Prudential Nifty Bank Index Fund - Regular Plan - Growth,ICICI Prudential Mutual Fund,Other Scheme - Index Funds,Regular,15.2654,01-Oct-2026,0.64,0.82,-0.52,6.84,,16.48,0.02,-16.97,53.7,156,109,276,154,55,INF109KC1Z89
151327,DSP CRISIL-IBX 50:50 Gilt Plus SDL - April 2033 Index Fund - Regular Plan - Growth,DSP Mutual Fund,Other Scheme - Index Funds,Regular,12.8768,01-Oct-2026,0.34,0.4,3.82,6.81,,2.79,0.11,-1.42,79.5,104,110,276,154,45,INF740KA1RY1
151420,Kotak Nifty SDL Jul 2033 Index Fund - Direct Plan - Growth,Kotak Mahindra Mutual Fund,Other Scheme - Index Funds,Direct,12.9092,01-Oct-2026,0.18,0.21,4.52,6.81,,2.87,0.11,-1.85,81.4,91,114,265,142,44,INF174KA1MJ8
151363,UTI NIFTY SDL Plus AAA PSU Bond Apr 2026 75:25 Index Fund,UTI Mutual Fund,Other Scheme - Index Funds,Regular,12.4302,30-Apr-2026,,,5.82,6.81,,0.64,0.48,0.0,100.0,41,111,276,154,39,INF789F1AXK8
149862,Kotak Nifty SDL Apr 2032 Top 12 Equal Weight Index Fund - Regular Plan - Growth,Kotak Mahindra Mutual Fund,Other Scheme - Index Funds,Regular,13.3114,01-Oct-2026,0.31,0.36,4.19,6.78,,3.1,0.09,-2.62,80.0,98,112,276,154,56,INF174KA1IO6
150671,Edelweiss CRISIL IBX 50:50 Gilt Plus SDL April 2037 Index Fund - Direct Plan - Growth,Edelweiss Mutual Fund,Other Scheme - Index Funds,Direct,13.3049,01-Oct-2026,0.15,0.18,3.28,6.76,,3.24,0.08,-2.3,80.9,117,115,265,142,48,INF754K01PF9
151583,Aditya Birla Sun Life Crisil IBX Gilt Apr 2028 Index Fund - Regular Plan - GROWTH,Aditya Birla Sun Life Mutual Fund,Other Scheme - Index Funds,Regular,12.5938,01-Oct-2026,0.69,0.79,4.71,6.75,,1.18,0.21,-0.38,95.2,88,113,276,154,43,INF209KB19T7
149833,BANDHAN NIFTY 100 INDEX FUND - Regular Plan - Growth,Bandhan Mutual Fund,Other Scheme - Index Funds,Regular,13.8166,01-Oct-2026,0.51,0.67,-6.68,6.75,,14.43,0.02,-16.3,58.2,220,114,276,154,56,INF194KB1CO4
149805,Navi Nifty Bank Index Fund - Regular Plan - Growth,Navi Mutual Fund,Other Scheme - Index Funds,Regular,13.8879,01-Oct-2026,0.9,1.11,-0.79,6.65,,16.38,0.01,-17.05,54.5,161,115,276,154,56,INF959L01FU2
151398,Edelweiss CRISIL IBX 50:50 Gilt Plus SDL Short Duration Index Fund - Regular Plan - Growth,Edelweiss Mutual Fund,Other Scheme - Index Funds,Regular,12.6628,01-Oct-2026,0.5,0.57,4.29,6.64,,1.41,0.1,-0.66,93.0,93,116,276,154,44,INF754K01RG3
147619,Motilal Oswal Nifty Bank Index Fund - Regular Plan - Growth,Motilal Oswal Mutual Fund,Other Scheme - Index Funds,Regular,19.2626,01-Oct-2026,0.9,1.05,-0.79,6.63,7.54,16.75,0.01,-17.01,53.3,160,117,276,154,61,INF247L01882
151428,Aditya Birla Sun Life CRISIL IBX SDL Jun 2032 Index Fund - Regular Plan - GROWTH,Aditya Birla Sun Life Mutual Fund,Other Scheme - Index Funds,Regular,12.8053,01-Oct-2026,0.49,0.57,3.86,6.62,,2.87,0.04,-1.55,81.4,102,118,276,154,44,INF209KB12S4
149869,HDFC NIFTY 100 Index Fund - Regular Plan - Growth Option,HDFC Mutual Fund,Other Scheme - Index Funds,Regular,13.7378,01-Oct-2026,0.64,0.8,-6.79,6.61,,14.37,0.01,-16.36,58.2,223,119,276,154,56,INF179KC1BZ0
150744,BANDHAN CRISIL IBX GILT APRIL 2026 INDEX FUND - Regular Plan - Growth,Bandhan Mutual Fund,Other Scheme - Index Funds,Regular,12.6587,30-Apr-2026,,,5.55,6.57,,0.83,0.08,-0.07,97.6,52,120,276,154,43,INF194KB1EK8
151417,Kotak Nifty SDL Jul 2033 Index Fund - Regular Plan - Growth,Kotak Mahindra Mutual Fund,Other Scheme - Index Funds,Regular,12.8001,01-Oct-2026,0.36,0.43,4.29,6.56,,2.87,0.02,-1.9,81.4,94,121,276,154,44,INF174KA1MG4
147665,Axis Nifty 100 Index Fund - Regular Plan - Growth Option,Axis Mutual Fund,Other Scheme - Index Funds,Regular,20.0109,01-Oct-2026,0.79,0.97,-6.94,6.48,5.84,14.02,-0.0,-16.39,56.7,225,122,276,154,61,INF846K01S52
150720,Edelweiss CRISIL IBX 50:50 Gilt Plus SDL April 2037 Index Fund - Regular Plan - Growth,Edelweiss Mutual Fund,Other Scheme - Index Funds,Regular,13.1576,01-Oct-2026,0.39,0.46,2.97,6.46,,3.23,-0.01,-2.37,80.9,116,123,276,154,48,INF754K01PB8
149256,Edelweiss Nifty 100 Quality 30 Index Fund - Regular Plan - Growth,Edelweiss Mutual Fund,Other Scheme - Index Funds,Regular,13.4108,01-Oct-2026,0.9,1.22,-5.14,6.43,6.79,14.64,-0.0,-20.23,54.2,212,124,276,154,60,INF754K01NF4
150427,DSP Nifty Midcap 150 Quality 50 Index Fund - Regular Plan - Growth,DSP Mutual Fund,Other Scheme - Index Funds,Regular,13.5308,01-Oct-2026,0.8,1.1,-4.0,6.27,,16.06,-0.01,-21.05,57.1,197,125,276,154,50,INF740KA1QY3
152039,Kotak BSE Housing Index Fund - Direct Plan - Growth Option,Kotak Mahindra Mutual Fund,Other Scheme - Index Funds,Direct,12.195,01-Oct-2026,0.18,0.31,-9.68,5.75,,20.03,-0.04,-25.92,58.3,245,116,265,142,37,INF174KA1OX5
149919,Motilal Oswal BSE Low Volatility Index Fund,Motilal Oswal Mutual Fund,Other Scheme - Index Funds,Regular,15.016,01-Oct-2026,0.9,1.18,-8.54,5.68,,13.69,-0.06,-17.0,61.1,245,126,276,154,55,INF247L01AY5
147794,Motilal Oswal Nifty 50 Index Fund - Direct Plan - Growth,Motilal Oswal Mutual Fund,Other Scheme - Index Funds,Direct,19.5805,01-Oct-2026,0.13,0.19,-8.01,5.57,5.99,13.42,-0.07,-14.69,56.7,225,117,265,142,61,INF247L01AE7
149039,Navi Nifty 50 Index Fund - Direct Plan - Growth,Navi Mutual Fund,Other Scheme - Index Funds,Direct,14.8174,01-Oct-2026,0.06,0.1,-7.98,5.57,5.99,13.41,-0.07,-14.7,55.0,222,118,265,142,61,INF959L01FP2
118741,Nippon India Index Fund - Nifty 50 Plan - Direct Plan - Growth Option,Nippon India Mutual Fund,Other Scheme - Index Funds,Direct,41.4263,01-Oct-2026,0.06,0.13,-7.99,5.56,5.96,13.4,-0.07,-14.69,56.7,223,119,265,142,61,INF204K01H36
146376,DSP Nifty 50 Index Fund - Direct Plan - Growth,DSP Mutual Fund,Other Scheme - Index Funds,Direct,22.161,01-Oct-2026,0.15,0.22,-8.0,5.55,5.96,13.41,-0.07,-14.69,55.0,224,120,265,142,61,INF740KA1MM7
149250,Edelweiss Nifty 50 Index Fund - Direct Plan - Growth,Edelweiss Mutual Fund,Other Scheme - Index Funds,Direct,13.3092,01-Oct-2026,0.04,0.14,-7.94,5.54,5.81,13.51,-0.07,-14.67,55.9,220,121,265,142,60,INF754K01NB3
118482,BANDHAN Nifty 50 Index Fund - Direct Plan - Growth,Bandhan Mutual Fund,Other Scheme - Index Funds,Direct,50.242,01-Oct-2026,0.08,0.14,-8.04,5.53,6.01,13.41,-0.07,-14.71,56.7,226,122,265,142,61,INF194K012A8
120716,UTI Nifty 50 Index Fund - Direct Plan - Growth,UTI Mutual Fund,Other Scheme - Index Funds,Direct,157.8901,01-Oct-2026,0.18,0.25,-8.07,5.52,5.95,13.42,-0.07,-14.73,55.0,229,123,265,142,61,INF789F01XA0
119648,Aditya Birla Sun Life Nifty 50 Index Fund - Direct Plan - GROWTH,Aditya Birla Sun Life Mutual Fund,Other Scheme - Index Funds,Direct,234.3188,01-Oct-2026,0.15,0.23,-8.05,5.51,5.9,13.4,-0.07,-14.68,56.7,228,124,265,142,61,INF209K01VY3
118581,Franklin India NSE Nifty 50 Index Fund - Direct Plan - Growth,Franklin Templeton Mutual Fund,Other Scheme - Index Funds,Direct,191.9818,01-Oct-2026,0.24,0.3,-8.04,5.51,5.9,13.33,-0.07,-14.67,55.0,227,125,265,142,61,INF090I01GS4
120620,ICICI Prudential Nifty 50 Index Fund - Direct Plan - Cumulative,ICICI Prudential Mutual Fund,Other Scheme - Index Funds,Direct,237.3337,01-Oct-2026,0.17,0.24,-8.1,5.47,5.92,13.4,-0.08,-14.71,55.0,230,126,265,142,61,INF109K012M7
148978,Kotak Nifty 50 Index Fund - Direct Plan - Growth,Kotak Mahindra Mutual Fund,Other Scheme - Index Funds,Direct,14.915,01-Oct-2026,0.06,0.12,-7.98,5.47,5.9,13.4,-0.08,-14.71,53.3,221,127,265,142,61,INF174KA1HA7
119827,SBI NIFTY INDEX FUND - Direct Plan - Growth,SBI Mutual Fund,Other Scheme - Index Funds,Direct,209.801,01-Oct-2026,0.16,0.23,-8.14,5.47,5.92,13.42,-0.08,-14.75,55.0,234,128,265,142,61,INF200K01TE8
119063,HDFC Nifty 50 Index Fund - Direct Plan - Growth Option,HDFC Mutual Fund,Other Scheme - Index Funds,Direct,219.4499,01-Oct-2026,0.22,0.29,-8.14,5.46,5.9,13.41,-0.08,-14.74,55.0,233,129,265,142,61,INF179K01WM1
119288,Tata Nifty 50 Index Fund - Direct Plan,Tata Mutual Fund,Other Scheme - Index Funds,Direct,152.6284,01-Oct-2026,0.19,0.26,-8.14,5.42,5.91,13.39,-0.08,-14.75,55.0,235,130,265,142,61,INF277K01PJ3
100822,UTI Nifty 50 Index Fund - Regular Plan - Growth,UTI Mutual Fund,Other Scheme - Index Funds,Regular,155.4782,01-Oct-2026,0.28,0.37,-8.18,5.39,5.83,13.41,-0.08,-14.77,53.3,230,127,276,154,61,INF789F01JN2
149040,Navi Nifty 50 Index Fund - Regular Plan - Growth,Navi Mutual Fund,Other Scheme - Index Funds,Regular,14.6586,01-Oct-2026,0.26,0.34,-8.19,5.35,5.77,13.41,-0.09,-14.76,53.3,232,128,276,154,61,INF959L01FQ0
120307,LIC MF Nifty 50 Index Fund - Direct Plan - Growth,LIC Mutual Fund,Other Scheme - Index Funds,Direct,134.4059,01-Oct-2026,0.47,0.56,-8.44,5.33,5.81,13.4,-0.09,-14.82,56.7,239,131,265,142,61,INF767K01FF2
146379,DSP Nifty 50 Index Fund - Regular Plan - Growth,DSP Mutual Fund,Other Scheme - Index Funds,Regular,21.8292,01-Oct-2026,0.33,0.43,-8.19,5.32,5.74,13.4,-0.09,-14.75,53.3,231,129,276,154,61,INF740KA1MJ3
101525,HDFC Nifty 50 Index Fund - Regular Plan - Growth Option,HDFC Mutual Fund,Other Scheme - Index Funds,Regular,214.2614,01-Oct-2026,0.35,0.44,-8.29,5.3,5.73,13.41,-0.09,-14.78,53.3,235,130,276,154,61,INF179K01KZ8
101349,ICICI Prudential Nifty 50 Index Fund - Regular Plan - Cumulative,ICICI Prudential Mutual Fund,Other Scheme - Index Funds,Regular,227.2683,01-Oct-2026,0.35,0.45,-8.28,5.3,5.72,13.4,-0.09,-14.77,55.0,234,131,276,154,61,INF109K01PI0
102272,SBI NIFTY INDEX FUND - Regular Plan - Growth,SBI Mutual Fund,Other Scheme - Index Funds,Regular,199.5074,01-Oct-2026,0.33,0.43,-8.33,5.21,5.63,13.42,-0.1,-14.81,53.3,238,132,276,154,61,INF200K01537
101314,Aditya Birla Sun Life Nifty 50 Index Fund - Regular Plan - GROWTH,Aditya Birla Sun Life Mutual Fund,Other Scheme - Index Funds,Regular,228.4392,01-Oct-2026,0.45,0.57,-8.35,5.2,5.59,13.4,-0.1,-14.77,53.3,239,133,276,154,61,INF209K01LB2
152038,Kotak BSE Housing Index Fund - Regular Plan - Growth Option,Kotak Mahindra Mutual Fund,Other Scheme - Index Funds,Regular,11.995,01-Oct-2026,0.59,0.8,-10.14,5.19,,20.02,-0.07,-26.48,58.3,261,134,276,154,37,INF174KA1OU1
113296,Nippon India Index Fund - Nifty 50 Plan - Regular Plan - Growth Option,Nippon India Mutual Fund,Other Scheme - Index Funds,Regular,38.3094,01-Oct-2026,0.35,0.47,-8.3,5.19,5.48,13.4,-0.1,-14.79,53.3,237,135,276,154,61,INF204K01IE3
148974,Kotak Nifty 50 Index Fund - Regular Plan - Growth,Kotak Mahindra Mutual Fund,Other Scheme - Index Funds,Regular,14.676,01-Oct-2026,0.28,0.38,-8.22,5.16,5.58,13.39,-0.1,-14.78,53.3,233,136,276,154,61,INF174KA1GX1
147795,Motilal Oswal Nifty 50 Index Fund - Regular Plan - Growth,Motilal Oswal Mutual Fund,Other Scheme - Index Funds,Regular,19.0431,01-Oct-2026,0.5,0.6,-8.4,5.14,5.56,13.42,-0.1,-14.8,53.3,241,137,276,154,61,INF247L01AF4
100484,Franklin India NSE Nifty 50 Index Fund - Regular Plan - Growth,Franklin Templeton Mutual Fund,Other Scheme - Index Funds,Regular,181.9525,01-Oct-2026,0.55,0.66,-8.37,5.12,5.5,13.33,-0.1,-14.77,55.0,240,138,276,154,61,INF090I01890
101659,Tata Nifty 50 Index Fund - Regular Plan,Tata Mutual Fund,Other Scheme - Index Funds,Regular,140.197,01-Oct-2026,0.45,0.53,-8.43,5.08,5.55,13.39,-0.11,-14.85,53.3,243,139,276,154,61,INF277K01741
149252,Edelweiss Nifty 50 Index Fund - Regular Plan - Growth,Edelweiss Mutual Fund,Other Scheme - Index Funds,Regular,12.8349,01-Oct-2026,0.38,0.54,-8.3,5.07,5.35,13.5,-0.11,-14.77,52.5,236,140,276,154,60,INF754K01MX9
112877,BANDHAN Nifty 50 Index Fund - Regular Plan - Growth,Bandhan Mutual Fund,Other Scheme - Index Funds,Regular,48.5034,01-Oct-2026,0.51,0.64,-8.5,5.02,5.54,13.41,-0.11,-14.86,53.3,244,141,276,154,61,INF194K01920
149920,Motilal Oswal BSE Low Volatility Index Fund,Motilal Oswal Mutual Fund,Other Scheme - Index Funds,Regular,14.575,01-Oct-2026,0.9,1.18,-9.19,4.96,,13.69,-0.11,-17.23,61.1,253,142,276,154,55,INF247L01AZ2
118881,Taurus Nifty 50 Index Fund - Direct Plan - Growth,Taurus Mutual Fund,Other Scheme - Index Funds,Direct,45.6034,01-Oct-2026,0.68,0.86,-8.62,4.78,5.32,13.25,-0.13,-14.82,53.3,241,132,265,142,61,INF044D01CQ5
101201,LIC MF Nifty 50 Index Fund - Regular Plan - Growth,LIC Mutual Fund,Other Scheme - Index Funds,Regular,123.9588,01-Oct-2026,0.89,1.06,-8.87,4.62,5.04,13.39,-0.14,-14.95,53.3,248,143,276,154,61,INF767K01162
112948,Taurus Nifty 50 Index Fund - Regular Plan - Growth,Taurus Mutual Fund,Other Scheme - Index Funds,Regular,42.6768,01-Oct-2026,0.9,1.11,-8.87,4.53,5.02,13.25,-0.15,-14.9,53.3,249,144,276,154,61,INF044D01948
141841,ICICI Prudential BSE Sensex Index Fund - Direct Plan - Cumulative,ICICI Prudential Mutual Fund,Other Scheme - Index Funds,Direct,24.0293,01-Oct-2026,0.17,0.22,-9.68,3.94,4.98,13.21,-0.19,-16.05,53.3,244,133,265,142,61,INF109KB10X0
118791,Nippon India Index Fund - BSE Sensex Plan - Direct Plan - Growth Option,Nippon India Mutual Fund,Other Scheme - Index Funds,Direct,39.1402,01-Oct-2026,0.17,0.21,-9.68,3.93,5.02,13.2,-0.19,-16.05,55.0,246,134,265,142,61,INF204K01K80
119065,HDFC BSE Sensex Index Fund - Direct Plan - Growth Option,HDFC Mutual Fund,Other Scheme - Index Funds,Direct,688.3951,01-Oct-2026,0.18,0.22,-9.71,3.92,4.99,13.22,-0.2,-16.08,55.0,247,135,265,142,61,INF179K01WN9
141839,ICICI Prudential BSE Sensex Index Fund - Regular Plan - Cumulative,ICICI Prudential Mutual Fund,Other Scheme - Index Funds,Regular,23.6994,01-Oct-2026,0.26,0.33,-9.76,3.87,4.88,13.21,-0.2,-16.08,53.3,254,145,276,154,61,INF109KB17W7
152062,NAVI BSE SENSEX INDEX FUND - Direct Plan - GROWTH,Navi Mutual Fund,Other Scheme - Index Funds,Direct,11.2162,01-Oct-2026,0.38,0.5,-9.65,3.87,,13.96,-0.19,-15.93,55.6,242,136,265,142,37,INF959L01HK9
151769,SBI BSE Sensex Index Fund - Direct Plan - Growth,SBI Mutual Fund,Other Scheme - Index Funds,Direct,11.8711,01-Oct-2026,0.17,0.24,-9.79,3.86,,13.53,-0.2,-16.07,57.5,250,137,265,142,41,INF200KA16Y4
119287,Tata BSE Sensex Index Fund - Direct Plan,Tata Mutual Fund,Other Scheme - Index Funds,Direct,192.6591,01-Oct-2026,0.27,0.33,-9.77,3.82,4.89,13.18,-0.2,-16.07,53.3,249,138,265,142,61,INF277K01PK1
101281,HDFC BSE Sensex Index Fund - Regular Plan - Growth Option,HDFC Mutual Fund,Other Scheme - Index Funds,Regular,670.8783,01-Oct-2026,0.31,0.38,-9.85,3.76,4.82,13.22,-0.21,-16.12,55.0,255,146,276,154,61,INF179K01LA9
120308,LIC MF BSE Sensex Index Fund - Direct Plan - Growth,LIC Mutual Fund,Other Scheme - Index Funds,Direct,145.1116,01-Oct-2026,0.55,0.66,-10.0,3.66,4.81,13.16,-0.22,-16.07,55.0,251,139,265,142,61,INF767K01FJ4
148721,Nippon India Nifty 50 Value 20 Index Fund - Direct Plan - Growth Option,Nippon India Mutual Fund,Other Scheme - Index Funds,Direct,16.5676,01-Oct-2026,0.21,0.51,-10.25,3.66,5.67,13.8,-0.21,-20.76,55.0,253,140,265,142,61,INF204KB12Z0
151765,SBI BSE Sensex Index Fund - Regular Plan - Growth,SBI Mutual Fund,Other Scheme - Index Funds,Regular,11.7842,01-Oct-2026,0.33,0.43,-9.96,3.64,,13.53,-0.21,-16.13,57.5,258,147,276,154,41,INF200KA13Y1
113269,Nippon India Index Fund - BSE Sensex Plan - Regular Plan - Growth Option,Nippon India Mutual Fund,Other Scheme - Index Funds,Regular,36.8041,01-Oct-2026,0.42,0.51,-9.94,3.63,4.62,13.19,-0.22,-16.13,53.3,257,148,276,154,61,INF204K01IM6
101746,Tata BSE Sensex Index Fund - Regular Plan,Tata Mutual Fund,Other Scheme - Index Funds,Regular,181.4034,01-Oct-2026,0.51,0.58,-10.03,3.51,4.57,13.18,-0.23,-16.16,53.3,259,149,276,154,61,INF277K01758
152061,NAVI BSE SENSEX INDEX FUND - Regular Plan - GROWTH,Navi Mutual Fund,Other Scheme - Index Funds,Regular,10.9868,01-Oct-2026,0.89,1.1,-10.16,3.18,,13.94,-0.24,-16.08,55.6,262,150,276,154,37,INF959L01HJ1
148719,Nippon India Nifty 50 Value 20 Index Fund - Regular Plan - Growth Option,Nippon India Mutual Fund,Other Scheme - Index Funds,Regular,16.0576,01-Oct-2026,0.66,1.04,-10.73,3.13,5.09,13.8,-0.24,-21.58,51.7,265,151,276,154,61,INF204KB19Y8
101199,LIC MF BSE Sensex Index Fund - Regular Plan - Growth,LIC Mutual Fund,Other Scheme - Index Funds,Regular,134.6337,01-Oct-2026,0.9,1.06,-10.33,3.08,4.16,13.15,-0.26,-16.17,53.3,263,152,276,154,61,INF767K01139
152041,Bandhan Nifty IT Index Fund - Direct Plan - Growth,Bandhan Mutual Fund,Other Scheme - Index Funds,Direct,9.6348,01-Oct-2026,0.31,0.55,-14.6,-1.83,,25.88,-0.32,-37.63,50.0,265,141,265,142,37,INF194KB1GK3
150468,ICICI Prudential Nifty IT Index Fund - Direct Plan - Growth,ICICI Prudential Mutual Fund,Other Scheme - Index Funds,Direct,10.0602,01-Oct-2026,0.22,0.4,-14.33,-2.11,,23.21,-0.37,-37.4,53.1,261,142,265,142,50,INF109KC13E2
152043,Bandhan Nifty IT Index Fund - Regular Plan - Growth,Bandhan Mutual Fund,Other Scheme - Index Funds,Regular,9.4439,01-Oct-2026,0.88,1.2,-15.16,-2.47,,25.86,-0.35,-38.23,50.0,276,153,276,154,37,INF194KB1GH9
150466,ICICI Prudential Nifty IT Index Fund - Regular Plan - Growth,ICICI Prudential Mutual Fund,Other Scheme - Index Funds,Regular,9.8383,01-Oct-2026,0.75,1.02,-14.83,-2.61,,23.19,-0.39,-37.89,53.1,272,154,276,154,50,INF109KC10E8
152267,Aditya Birla Sun Life Crisil IBX Gilt April 2033 Index Fund - Direct Plan - GROWTH,Aditya Birla Sun Life Mutual Fund,Other Scheme - Index Funds,Direct,12.0858,01-Oct-2026,0.17,0.2,3.83,,,2.88,,-1.43,78.8,104,,265,,34,INF209KB19Y7
152268,Aditya Birla Sun Life Crisil IBX Gilt April 2033 Index Fund - Regular Plan - GROWTH,Aditya Birla Sun Life Mutual Fund,Other Scheme - Index Funds,Regular,12.0057,01-Oct-2026,0.38,0.45,3.6,,,2.88,,-1.45,75.8,109,,276,,34,INF209KB17Y1
152659,Aditya Birla Sun Life Crisil IBX Gilt June 2027 Index Fund - Direct Plan - GROWTH,Aditya Birla Sun Life Mutual Fund,Other Scheme - Index Funds,Direct,11.7132,01-Oct-2026,0.26,0.31,5.18,,,0.92,,0.0,100.0,85,,265,,28,INF209KC1076
152660,Aditya Birla Sun Life Crisil IBX Gilt June 2027 Index Fund - Regular Plan - GROWTH,Aditya Birla Sun Life Mutual Fund,Other Scheme - Index Funds,Regular,11.6417,01-Oct-2026,0.52,0.61,4.93,,,0.91,,0.0,100.0,78,,276,,28,INF209KC1050
153030,Aditya Birla Sun Life Crisil-IBX AAA Financial Services Index-Sep 2027 Fund - Direct Plan - GROWTH,Aditya Birla Sun Life Mutual Fund,Other Scheme - Index Funds,Direct,11.4522,01-Oct-2026,0.12,0.14,6.2,,,1.04,,0.0,100.0,33,,265,,23,INF209KC1290
153033,Aditya Birla Sun Life Crisil-IBX AAA Financial Services Index-Sep 2027 Fund - Regular Plan - Growth,Aditya Birla Sun Life Mutual Fund,Other Scheme - Index Funds,Regular,11.4055,01-Oct-2026,0.37,0.43,6.04,,,1.05,,0.0,100.0,32,,276,,23,INF209KC1316
152947,Aditya Birla Sun Life Crisil-IBX AAA NBFC-HFC INDEX-Sep 2026 Fund - Direct Plan - GROWTH,Aditya Birla Sun Life Mutual Fund,Other Scheme - Index Funds,Direct,11.5541,30-Sep-2026,0.12,0.14,6.7,,,0.59,,0.0,100.0,25,,265,,24,INF209KC1217
152945,Aditya Birla Sun Life Crisil-IBX AAA NBFC-HFC INDEX-Sep 2026 Fund - Regular Plan - Growth,Aditya Birla Sun Life Mutual Fund,Other Scheme - Index Funds,Regular,11.4894,30-Sep-2026,0.37,0.44,6.42,,,0.6,,0.0,100.0,25,,276,,24,INF209KC1233
153179,Aditya Birla Sun Life Crisil-IBX Financial Services 3 to 6 months Debt Index Fund - Direct Plan - GROWTH,Aditya Birla Sun Life Mutual Fund,Other Scheme - Index Funds,Direct,11.3397,01-Oct-2026,0.11,0.14,6.97,,,0.51,,0.0,100.0,18,,265,,22,INF209KC1456
153177,Aditya Birla Sun Life Crisil-IBX Financial Services 3 to 6 months Debt Index Fund - Regular Plan - GROWTH,Aditya Birla Sun Life Mutual Fund,Other Scheme - Index Funds,Regular,11.2954,01-Oct-2026,0.31,0.37,6.73,,,0.51,,0.0,100.0,19,,276,,22,INF209KC1472
153443,Aditya Birla Sun Life Crisil-IBX Financial Services 9-12 Months Debt Index Fund - Direct Plan - GROWTH,Aditya Birla Sun Life Mutual Fund,Other Scheme - Index Funds,Direct,11.0948,01-Oct-2026,0.13,0.16,6.31,,,0.91,,0.0,100.0,30,,265,,19,INF209KC1498
153445,Aditya Birla Sun Life Crisil-IBX Financial Services 9-12 Months Debt Index Fund - Regular Plan - GROWTH,Aditya Birla Sun Life Mutual Fund,Other Scheme - Index Funds,Regular,11.0612,01-Oct-2026,0.3,0.36,6.1,,,0.91,,0.0,100.0,29,,276,,19,INF209KC1514
153529,ANGEL ONE NIFTY 50 INDEX FUND - Direct Plan - Growth,Angel One Mutual Fund,Other Scheme - Index Funds,Direct,9.2423,01-Oct-2026,0.17,0.24,-8.13,,,15.1,,-14.76,43.8,232,,265,,17,INF1J2R01072
153530,ANGEL ONE NIFTY 50 INDEX FUND - Regular Plan - Growth,Angel One Mutual Fund,Other Scheme - Index Funds,Regular,9.18,01-Oct-2026,0.59,0.74,-8.58,,,15.1,,-14.9,43.8,246,,276,,17,INF1J2R01080
153330,ANGEL ONE NIFTY TOTAL MARKET INDEX FUND - Direct Plan - Growth,Angel One Mutual Fund,Other Scheme - Index Funds,Direct,11.1981,01-Oct-2026,0.24,0.31,-2.57,,,16.09,,-14.31,66.7,177,,265,,19,INF1J2R01023
153331,ANGEL ONE NIFTY TOTAL MARKET INDEX FUND - Regular Plan - Growth,Angel One Mutual Fund,Other Scheme - Index Funds,Regular,11.066,01-Oct-2026,0.88,1.07,-3.29,,,16.08,,-14.52,66.7,191,,276,,19,INF1J2R01031
153956,ANGEL ONE NIFTY TOTAL MARKET MOMENTUM QUALITY 50 INDEX FUND - Direct Plan - Growth,Angel One Mutual Fund,Other Scheme - Index Funds,Direct,9.8309,01-Oct-2026,0.29,0.73,,,,,,,,,,,,11,INF1J2R01122
153955,ANGEL ONE NIFTY TOTAL MARKET MOMENTUM QUALITY 50 INDEX FUND - Regular Plan - Growth,Angel One Mutual Fund,Other Scheme - Index Funds,Regular,9.7723,01-Oct-2026,0.88,1.43,,,,,,,,,,,,11,INF1J2R01130
153506,Bajaj Finserv Nifty 50 Index Fund - Direct Plan - Growth,Bajaj Finserv Mutual Fund,Other Scheme - Index Funds,Direct,9.1661,01-Oct-2026,0.25,0.31,-8.38,,,14.9,,-14.85,43.8,237,,265,,17,INF0QA701BA9
153508,Bajaj Finserv Nifty 50 Index Fund - Regular Plan - Growth,Bajaj Finserv Mutual Fund,Other Scheme - Index Funds,Regular,9.0787,01-Oct-2026,0.9,1.08,-9.03,,,14.89,,-15.03,43.8,250,,276,,17,INF0QA701AY1
153479,Bajaj Finserv Nifty Next 50 Index Fund - Direct Plan - Growth,Bajaj Finserv Mutual Fund,Other Scheme - Index Funds,Direct,11.0025,01-Oct-2026,0.3,0.41,1.6,,,20.16,,-13.86,62.5,144,,265,,17,INF0QA701BG6
153480,Bajaj Finserv Nifty Next 50 Index Fund - Regular Plan - Growth,Bajaj Finserv Mutual Fund,Other Scheme - Index Funds,Regular,10.9001,01-Oct-2026,0.9,1.12,0.91,,,20.14,,-14.09,62.5,150,,276,,17,INF0QA701BD3
152844,Bandhan BSE Healthcare Index Fund - Direct Plan - Growth,Bandhan Mutual Fund,Other Scheme - Index Funds,Direct,11.5235,01-Oct-2026,0.19,0.36,16.01,,,15.87,,-15.49,58.3,10,,265,,25,INF194KB1IS2
152843,Bandhan BSE Healthcare Index Fund - Regular Plan - Growth,Bandhan Mutual Fund,Other Scheme - Index Funds,Regular,11.334,01-Oct-2026,0.88,1.16,15.08,,,15.86,,-15.6,58.3,10,,276,,25,INF194KB1IR4
153838,Bandhan BSE India Sector Leaders Index Fund - Direct Plan - Growth,Bandhan Mutual Fund,Other Scheme - Index Funds,Direct,9.04,01-Oct-2026,0.24,0.36,-7.0,,,18.17,,-14.8,41.7,218,,265,,13,INF194KB1KB4
153839,Bandhan BSE India Sector Leaders Index Fund - Regular Plan - Growth,Bandhan Mutual Fund,Other Scheme - Index Funds,Regular,8.9715,01-Oct-2026,0.9,1.1,-7.69,,,18.16,,-15.02,41.7,228,,276,,13,INF194KB1KA6
153389,Bandhan CRISIL-IBX 10:90 Gilt Plus SDL Index - Dec 2029 Fund - Direct Plan - Growth,Bandhan Mutual Fund,Other Scheme - Index Funds,Direct,11.0184,11-Sep-2026,0.04,0.05,5.84,,,2.74,,-1.04,82.4,49,,265,,18,INF194KB1JL5
153391,Bandhan CRISIL-IBX 10:90 Gilt Plus SDL Index - Dec 2029 Fund - Regular Plan - Growth,Bandhan Mutual Fund,Other Scheme - Index Funds,Regular,10.974,11-Sep-2026,0.25,0.29,5.53,,,2.74,,-1.06,82.4,55,,276,,18,INF194KB1JO9
153407,Bandhan CRISIL-IBX Financial Services 3-6 Months Debt Index Fund - Direct Plan - Growth,Bandhan Mutual Fund,Other Scheme - Index Funds,Direct,11.142,01-Oct-2026,0.08,0.1,6.96,,,0.51,,0.0,100.0,19,,265,,19,INF194KB1JR2
153408,Bandhan CRISIL-IBX Financial Services 3-6 Months Debt Index Fund - Regular Plan - Growth,Bandhan Mutual Fund,Other Scheme - Index Funds,Regular,11.0221,01-Oct-2026,0.88,1.02,5.98,,,0.53,,0.0,100.0,33,,276,,19,INF194KB1JS0
153114,Bandhan Nifty 200 Quality 30 Index Fund - Direct Plan - Growth,Bandhan Mutual Fund,Other Scheme - Index Funds,Direct,8.9436,01-Oct-2026,0.31,0.53,-6.55,,,18.19,,-14.75,47.6,216,,265,,22,INF194KB1JA8
153113,Bandhan Nifty 200 Quality 30 Index Fund - Regular Plan - Growth,Bandhan Mutual Fund,Other Scheme - Index Funds,Regular,8.8378,01-Oct-2026,0.87,1.17,-7.16,,,18.18,,-14.89,47.6,227,,276,,22,INF194KB1IZ7
153003,Bandhan Nifty 500 Momentum 50 Index Fund - Direct Plan - Growth,Bandhan Mutual Fund,Other Scheme - Index Funds,Direct,8.783,01-Oct-2026,0.31,0.87,3.57,,,21.98,,-24.34,56.5,108,,265,,24,INF194KB1IY0
153002,Bandhan Nifty 500 Momentum 50 Index Fund - Regular Plan - Growth,Bandhan Mutual Fund,Other Scheme - Index Funds,Regular,8.6738,01-Oct-2026,0.88,1.52,2.9,,,21.97,,-24.46,56.5,118,,276,,24,INF194KB1IX2
152990,Bandhan Nifty 500 Value 50 Index Fund - Direct Plan - Growth,Bandhan Mutual Fund,Other Scheme - Index Funds,Direct,10.6103,01-Oct-2026,0.31,0.65,4.37,,,18.89,,-15.99,52.2,97,,265,,24,INF194KB1IW4
152991,Bandhan Nifty 500 Value 50 Index Fund - Regular Plan - Growth,Bandhan Mutual Fund,Other Scheme - Index Funds,Regular,10.4783,01-Oct-2026,0.87,1.3,3.7,,,18.88,,-16.17,52.2,107,,276,,24,INF194KB1IV6
152177,Bandhan Nifty Alpha 50 Index Fund - Direct Plan - Growth,Bandhan Mutual Fund,Other Scheme - Index Funds,Direct,14.0412,01-Oct-2026,0.3,0.61,9.1,,,22.9,,-30.24,61.8,15,,265,,35,INF194KB1HA2
152179,Bandhan Nifty Alpha 50 Index Fund - Regular Plan - Growth,Bandhan Mutual Fund,Other Scheme - Index Funds,Regular,13.7706,01-Oct-2026,0.86,1.26,8.37,,,22.88,,-30.47,61.8,15,,276,,35,INF194KB1GX6
153213,Bandhan Nifty Alpha Low Volatility 30 Index Fund - Direct Plan - Growth,Bandhan Mutual Fund,Other Scheme - Index Funds,Direct,9.5631,01-Oct-2026,0.24,0.55,-3.6,,,17.23,,-11.92,55.0,193,,265,,21,INF194KB1JC4
153212,Bandhan Nifty Alpha Low Volatility 30 Index Fund - Regular Plan - Growth,Bandhan Mutual Fund,Other Scheme - Index Funds,Regular,9.4426,01-Oct-2026,0.89,1.3,-4.32,,,17.22,,-12.22,55.0,207,,276,,21,INF194KB1JB6
152793,BANDHAN NIFTY BANK INDEX FUND - Direct Plan - Growth,Bandhan Mutual Fund,Other Scheme - Index Funds,Direct,10.7067,01-Oct-2026,0.19,0.32,-0.06,,,18.11,,-16.98,56.0,154,,265,,26,INF194KB1IO1
152792,BANDHAN NIFTY BANK INDEX FUND - Regular Plan - Growth,Bandhan Mutual Fund,Other Scheme - Index Funds,Regular,10.5285,01-Oct-2026,0.88,1.12,-0.86,,,18.09,,-17.04,52.0,163,,276,,26,INF194KB1IN3
152855,Bandhan Nifty Midcap 150 Index Fund - Direct Plan - Growth,Bandhan Mutual Fund,Other Scheme - Index Funds,Direct,9.8559,01-Oct-2026,0.14,0.65,3.02,,,19.61,,-20.37,62.5,126,,265,,25,INF194KB1IT0
152856,Bandhan Nifty Midcap 150 Index Fund - Regular Plan - Growth,Bandhan Mutual Fund,Other Scheme - Index Funds,Regular,9.7141,01-Oct-2026,0.82,1.43,2.28,,,19.6,,-20.6,62.5,130,,276,,25,INF194KB1IU8
153350,Bandhan Nifty Next 50 Index Fund - Direct Plan - Growth,Bandhan Mutual Fund,Other Scheme - Index Funds,Direct,12.1837,01-Oct-2026,0.21,0.37,2.25,,,19.18,,-13.39,66.7,138,,265,,19,INF194KB1JK7
153349,Bandhan Nifty Next 50 Index Fund - Regular Plan - Growth,Bandhan Mutual Fund,Other Scheme - Index Funds,Regular,12.0333,01-Oct-2026,0.89,1.15,1.45,,,19.17,,-13.66,66.7,147,,276,,19,INF194KB1JJ9
152264,BANDHAN Nifty Smallcap 250 Index Fund - Direct Plan - Growth,Bandhan Mutual Fund,Other Scheme - Index Funds,Direct,12.7515,01-Oct-2026,0.17,0.29,5.4,,,21.9,,-24.76,57.6,70,,265,,34,INF194KB1HG9
152266,BANDHAN Nifty Smallcap 250 Index Fund - Regular Plan - Growth,Bandhan Mutual Fund,Other Scheme - Index Funds,Regular,12.5089,01-Oct-2026,0.77,0.99,4.67,,,21.89,,-24.97,57.6,89,,276,,34,INF194KB1HD6
152716,BANDHAN NIFTY TOTAL MARKET INDEX FUND - Direct Plan - Growth,Bandhan Mutual Fund,Other Scheme - Index Funds,Direct,9.6625,01-Oct-2026,0.34,0.74,-2.87,,,16.23,,-18.13,61.5,186,,265,,27,INF194KB1IK9
152717,BANDHAN NIFTY TOTAL MARKET INDEX FUND - Regular Plan - Growth,Bandhan Mutual Fund,Other Scheme - Index Funds,Regular,9.5231,01-Oct-2026,0.9,1.38,-3.5,,,16.22,,-18.35,57.7,194,,276,,27,INF194KB1IH5
152329,Baroda BNP Paribas Nifty 50 Index Fund - Direct Plan - Growth Option,Baroda BNP Paribas Mutual Fund,Other Scheme - Index Funds,Direct,10.5957,01-Oct-2026,0.22,0.49,-8.11,,,13.77,,-14.74,53.1,231,,265,,33,INF251K01SY1
152331,Baroda BNP Paribas Nifty 50 Index Fund - Regular Plan - Growth Option,Baroda BNP Paribas Mutual Fund,Other Scheme - Index Funds,Regular,10.4886,01-Oct-2026,0.48,0.8,-8.43,,,13.77,,-14.85,53.1,242,,276,,33,INF251K01SV7
153000,Baroda BNP Paribas Nifty Midcap 150 Index Fund - Direct Plan - Growth Option,Baroda BNP Paribas Mutual Fund,Other Scheme - Index Funds,Direct,10.4097,01-Oct-2026,0.33,0.54,2.61,,,19.87,,-15.86,63.6,129,,265,,23,INF251K01UA7
153001,Baroda BNP Paribas Nifty Midcap 150 Index Fund - Regular Plan - Growth Option,Baroda BNP Paribas Mutual Fund,Other Scheme - Index Funds,Regular,10.2743,01-Oct-2026,0.9,1.21,1.92,,,19.86,,-15.96,63.6,139,,276,,23,INF251K01UB5
152931,Baroda BNP Paribas Nifty200 Momentum 30 Index Fund - Direct Plan - Growth Option,Baroda BNP Paribas Mutual Fund,Other Scheme - Index Funds,Direct,7.7241,01-Oct-2026,0.37,1.09,-2.59,,,20.1,,-22.67,52.2,178,,265,,24,INF251K01TY9
152930,Baroda BNP Paribas Nifty200 Momentum 30 Index Fund - Regular Plan - Growth Option,Baroda BNP Paribas Mutual Fund,Other Scheme - Index Funds,Regular,7.6302,01-Oct-2026,0.9,1.71,-3.2,,,20.09,,-22.93,52.2,187,,276,,24,INF251K01TZ6
154301,Choice Nifty 50 Index Fund - Direct Plan - Growth,Choice Mutual Fund,Other Scheme - Index Funds,Direct,9.7051,01-Oct-2026,0.13,0.76,,,,,,,,,,,,6,INF2KCX01020
154302,Choice Nifty 50 Index Fund - Regular Plan - Growth,Choice Mutual Fund,Other Scheme - Index Funds,Regular,9.6911,01-Oct-2026,0.38,1.06,,,,,,,,,,,,6,INF2KCX01038
154304,Choice Nifty Next 50 Index Fund - Direct Plan - Growth,Choice Mutual Fund,Other Scheme - Index Funds,Direct,10.7297,01-Oct-2026,0.22,0.75,,,,,,,,,,,,6,INF2KCX01046
154303,Choice Nifty Next 50 Index Fund - Regular Plan - Growth,Choice Mutual Fund,Other Scheme - Index Funds,Regular,10.7087,01-Oct-2026,0.56,1.15,,,,,,,,,,,,6,INF2KCX01053
153219,DSP BSE SENSEX Next 30 Index Fund - Direct Plan - Growth,DSP Mutual Fund,Other Scheme - Index Funds,Direct,11.4757,01-Oct-2026,0.21,0.4,3.32,,,18.27,,-9.98,60.0,116,,265,,21,INF740KA1VB1
153216,DSP BSE SENSEX Next 30 Index Fund - Regular Plan - Growth,DSP Mutual Fund,Other Scheme - Index Funds,Regular,11.3545,01-Oct-2026,0.8,1.08,2.65,,,18.26,,-10.02,60.0,125,,276,,21,INF740KA1UY5
154088,DSP Nifty 500 Index Fund - Direct Plan - Growth,DSP Mutual Fund,Other Scheme - Index Funds,Direct,9.1308,01-Oct-2026,0.17,0.31,,,,,,,,,,,,9,INF740KA1XY9
154090,DSP Nifty 500 Index Fund - Regular Plan - Growth,DSP Mutual Fund,Other Scheme - Index Funds,Regular,9.0811,01-Oct-2026,0.8,1.04,,,,,,,,,,,,9,INF740KA1XV5
152654,DSP Nifty Bank Index Fund - Direct Plan - Growth,DSP Mutual Fund,Other Scheme - Index Funds,Direct,11.2331,01-Oct-2026,0.17,0.27,0.03,,,17.62,,-16.95,53.6,150,,265,,29,INF740KA1UO6
152653,DSP Nifty Bank Index Fund - Regular Plan - Growth,DSP Mutual Fund,Other Scheme - Index Funds,Regular,11.0616,01-Oct-2026,0.8,0.99,-0.64,,,17.61,,-17.0,50.0,159,,276,,29,INF740KA1UN8
153594,DSP Nifty Healthcare Index Fund - Direct Plan - Growth,DSP Mutual Fund,Other Scheme - Index Funds,Direct,11.4562,01-Oct-2026,0.21,0.4,14.09,,,14.26,,-7.58,60.0,12,,265,,16,INF740KA1WF0
153592,DSP Nifty Healthcare Index Fund - Regular Plan - Growth,DSP Mutual Fund,Other Scheme - Index Funds,Regular,11.3572,01-Oct-2026,0.8,1.08,13.34,,,14.24,,-7.68,60.0,12,,276,,16,INF740KA1WC7
153590,DSP Nifty IT Index Fund - Direct Plan - Growth,DSP Mutual Fund,Other Scheme - Index Funds,Direct,7.4364,01-Oct-2026,0.21,0.47,-14.23,,,29.76,,-31.07,46.7,259,,265,,16,INF740KA1WL8
153588,DSP Nifty IT Index Fund - Regular Plan - Growth,DSP Mutual Fund,Other Scheme - Index Funds,Regular,7.3683,01-Oct-2026,0.83,1.18,-14.84,,,29.75,,-31.56,46.7,273,,276,,16,INF740KA1WI4
154014,DSP Nifty Midcap 150 Index Fund - Direct Plan - Growth,DSP Mutual Fund,Other Scheme - Index Funds,Direct,9.8865,01-Oct-2026,0.21,0.38,,,,,,,,,,,,10,INF740KA1XB7
154012,DSP Nifty Midcap 150 Index Fund - Regular Plan - Growth,DSP Mutual Fund,Other Scheme - Index Funds,Regular,9.829,01-Oct-2026,0.84,1.11,,,,,,,,,,,,10,INF740KA1WY1
153348,DSP Nifty Private Bank Index Fund - Direct Plan - Growth,DSP Mutual Fund,Other Scheme - Index Funds,Direct,11.0033,01-Oct-2026,0.23,0.52,1.04,,,19.02,,-16.25,61.1,145,,265,,19,INF740KA1VN6
153347,DSP Nifty Private Bank Index Fund - Regular Plan - Growth,DSP Mutual Fund,Other Scheme - Index Funds,Regular,10.8799,01-Oct-2026,0.84,1.22,0.33,,,19.01,,-16.45,61.1,152,,276,,19,INF740KA1VK2
154018,DSP Nifty Smallcap 250 Index Fund - Direct Plan - Growth,DSP Mutual Fund,Other Scheme - Index Funds,Direct,10.8053,01-Oct-2026,0.22,0.54,,,,,,,,,,,,10,INF740KA1XH4
154016,DSP Nifty Smallcap 250 Index Fund - Regular Plan - Growth,DSP Mutual Fund,Other Scheme - Index Funds,Regular,10.7441,01-Oct-2026,0.83,1.25,,,,,,,,,,,,10,INF740KA1XE1
152243,DSP Nifty Smallcap250 Quality 50 Index Fund - Direct Plan - Growth,DSP Mutual Fund,Other Scheme - Index Funds,Direct,10.7562,01-Oct-2026,0.14,0.4,-5.41,,,21.39,,-28.64,45.5,205,,265,,34,INF740KA1TW1
152245,DSP Nifty Smallcap250 Quality 50 Index Fund - Regular Plan - Growth,DSP Mutual Fund,Other Scheme - Index Funds,Regular,10.5478,01-Oct-2026,0.8,1.16,-6.09,,,21.38,,-29.41,45.5,216,,276,,34,INF740KA1TT7
152814,DSP Nifty Top 10 Equal Weight Index Fund - Direct Plan - Growth,DSP Mutual Fund,Other Scheme - Index Funds,Direct,8.4388,01-Oct-2026,0.21,0.35,-12.0,,,15.04,,-19.05,45.8,255,,265,,25,INF740KA1UQ1
152813,DSP Nifty Top 10 Equal Weight Index Fund - Regular Plan - Growth,DSP Mutual Fund,Other Scheme - Index Funds,Regular,8.3183,01-Oct-2026,0.8,1.04,-12.6,,,15.03,,-19.45,45.8,267,,276,,25,INF740KA1UP3
153801,DSP Nifty500 Flexicap Quality 30 Index Fund - Direct Plan - Growth,DSP Mutual Fund,Other Scheme - Index Funds,Direct,9.0455,01-Oct-2026,0.25,0.73,-8.44,,,18.16,,-17.22,38.5,238,,265,,14,INF740KA1WR5
153802,DSP Nifty500 Flexicap Quality 30 Index Fund - Regular Plan - Growth,DSP Mutual Fund,Other Scheme - Index Funds,Regular,8.9782,01-Oct-2026,0.84,1.42,-9.07,,,18.15,,-17.41,38.5,252,,276,,14,INF740KA1WO2
153497,Edelweiss BSE Internet Economy Index Fund - Direct Plan - Growth,Edelweiss Mutual Fund,Other Scheme - Index Funds,Direct,10.7633,01-Oct-2026,0.4,0.56,1.83,,,20.55,,-19.66,50.0,143,,265,,17,INF754K01UX2
153495,Edelweiss BSE Internet Economy Index Fund - Regular Plan - Growth,Edelweiss Mutual Fund,Other Scheme - Index Funds,Regular,10.6661,01-Oct-2026,0.9,1.14,1.2,,,20.54,,-19.84,50.0,149,,276,,17,INF754K01VB6
153335,Edelweiss CRISIL IBX AAA Bond NBFC HFC Jun 2027 Index Fund - Direct Plan - Growth,Edelweiss Mutual Fund,Other Scheme - Index Funds,Direct,11.2698,01-Oct-2026,0.11,0.13,6.5,,,1.0,,0.0,100.0,27,,265,,20,INF754K01UG7
153334,Edelweiss CRISIL IBX AAA Bond NBFC HFC Jun 2027 Index Fund - Regular Plan - Growth,Edelweiss Mutual Fund,Other Scheme - Index Funds,Regular,11.2343,01-Oct-2026,0.27,0.32,6.3,,,1.0,,0.0,100.0,26,,276,,20,INF754K01UK9
153115,Edelweiss CRISIL IBX AAA Financial Services Bond - Jan 2028 Index Fund - Direct Plan - Growth,Edelweiss Mutual Fund,Other Scheme - Index Funds,Direct,11.408,01-Oct-2026,0.14,0.16,5.9,,,1.2,,-0.09,95.5,45,,265,,23,INF754K01TP0
153130,Edelweiss CRISIL IBX AAA Financial Services Bond - Jan 2028 Index Fund - Regular Plan - Growth,Edelweiss Mutual Fund,Other Scheme - Index Funds,Regular,11.364,01-Oct-2026,0.3,0.35,5.69,,,1.2,,-0.11,95.5,46,,276,,23,INF754K01TT2
152616,Edelweiss Nifty Alpha Low Volatility 30 Index Fund - Direct Plan - Growth,Edelweiss Mutual Fund,Other Scheme - Index Funds,Direct,9.4027,01-Oct-2026,0.35,0.66,-3.68,,,17.08,,-23.93,53.6,197,,265,,29,INF754K01SS6
152617,Edelweiss Nifty Alpha Low Volatility 30 Index Fund - Regular Plan - Growth,Edelweiss Mutual Fund,Other Scheme - Index Funds,Regular,9.2425,01-Oct-2026,0.9,1.31,-4.34,,,17.07,,-24.17,53.6,208,,276,,29,INF754K01SO5
154310,Edelweiss Nifty LargeMidcap250 Plus 8-13yr G-Sec 70:30 Index Fund - Direct Plan - Growth,Edelweiss Mutual Fund,Other Scheme - Index Funds,Direct,10.3181,01-Oct-2026,0.26,0.6,,,,,,,,,,,,6,INF754K01WR0
154312,Edelweiss Nifty LargeMidcap250 Plus 8-13yr G-Sec 70:30 Index Fund - Regular Plan - Growth,Edelweiss Mutual Fund,Other Scheme - Index Funds,Regular,10.2831,01-Oct-2026,0.89,1.34,,,,,,,,,,,,6,INF754K01WV2
152985,Edelweiss Nifty500 Multicap Momentum Quality 50 Index Fund - Direct Plan - Growth,Edelweiss Mutual Fund,Other Scheme - Index Funds,Direct,8.7493,01-Oct-2026,0.33,0.75,-1.63,,,22.4,,-24.04,50.0,166,,265,,23,INF754K01TN5
152988,Edelweiss Nifty500 Multicap Momentum Quality 50 Index Fund - Regular Plan - Growth,Edelweiss Mutual Fund,Other Scheme - Index Funds,Regular,8.6369,01-Oct-2026,0.9,1.42,-2.29,,,22.39,,-24.17,50.0,174,,276,,23,INF754K01TJ3
153958,HDFC BSE India Sector Leaders Index Fund - Regular Plan - Growth Option,HDFC Mutual Fund,Other Scheme - Index Funds,Regular,8.829,01-Oct-2026,0.63,0.79,,,,,,,,,,,,11,INF179KC1JX8
153959,HDFC BSE India Sector Leaders Index Fund - Direct Plan - Growth Option,HDFC Mutual Fund,Other Scheme - Index Funds,Direct,8.8669,01-Oct-2026,0.2,0.3,,,,,,,,,,,,11,INF179KC1JY6
153517,HDFC CRISIL-IBX Financial Services 3-6 Months Debt Index Fund - Direct Plan - Growth Option,HDFC Mutual Fund,Other Scheme - Index Funds,Direct,11.0165,01-Oct-2026,0.07,0.09,7.14,,,0.54,,0.0,100.0,17,,265,,17,INF179KC1JK5
153518,HDFC CRISIL-IBX Financial Services 3-6 Months Debt Index Fund - Regular Plan - Growth Option,HDFC Mutual Fund,Other Scheme - Index Funds,Regular,10.9892,01-Oct-2026,0.2,0.25,6.95,,,0.54,,0.0,100.0,17,,276,,17,INF179KC1JJ7
154308,HDFC CRISIL-IBX Financial Services 9-12 Months Debt Index Fund - Direct Plan - Growth Option,HDFC Mutual Fund,Other Scheme - Index Funds,Direct,10.3934,01-Oct-2026,0.1,0.13,,,,,,,,,,,,7,INF179KC1KI7
154309,HDFC CRISIL-IBX Financial Services 9-12 Months Debt Index Fund - Regular Plan - Growth Option,HDFC Mutual Fund,Other Scheme - Index Funds,Regular,10.3826,01-Oct-2026,0.25,0.3,,,,,,,,,,,,7,INF179KC1KH9
154180,HDFC Nifty India Consumption Index Fund - Regular Plan - Growth Option,HDFC Mutual Fund,Other Scheme - Index Funds,Regular,9.1278,01-Oct-2026,0.69,0.88,,,,,,,,,,,,8,INF179KC1JZ3
154179,HDFC Nifty India Consumption Index Fund - Direct Plan - Growth Option,HDFC Mutual Fund,Other Scheme - Index Funds,Direct,9.1534,01-Oct-2026,0.3,0.44,,,,,,,,,,,,8,INF179KC1KA4
153097,HDFC Nifty India Digital Index Fund - Direct Plan - Growth Option,HDFC Mutual Fund,Other Scheme - Index Funds,Direct,8.0879,01-Oct-2026,0.3,0.39,-7.41,,,22.02,,-24.59,47.6,219,,265,,22,INF179KC1JB4
153096,HDFC Nifty India Digital Index Fund - Regular Plan - Growth Option,HDFC Mutual Fund,Other Scheme - Index Funds,Regular,8.0178,01-Oct-2026,0.71,0.86,-7.85,,,22.01,,-25.03,47.6,229,,276,,22,INF179KC1JA6
152890,HDFC NIFTY LargeMidcap 250 Index Fund - Regular Plan - Growth Option,HDFC Mutual Fund,Other Scheme - Index Funds,Regular,9.4662,01-Oct-2026,0.58,0.7,-2.07,,,17.05,,-13.92,60.9,171,,276,,24,INF179KC1IP6
152889,HDFC NIFTY LargeMidcap 250 Index Fund - Direct Plan - Growth Option,HDFC Mutual Fund,Other Scheme - Index Funds,Direct,9.5568,01-Oct-2026,0.18,0.25,-1.61,,,17.05,,-13.78,60.9,165,,265,,24,INF179KC1IQ4
152522,HDFC NIFTY Realty Index Fund - Regular Plan - Growth Option,HDFC Mutual Fund,Other Scheme - Index Funds,Regular,9.27,01-Oct-2026,0.72,0.92,-4.26,,,28.48,,-41.6,50.0,203,,276,,31,INF179KC1ID2
152521,HDFC NIFTY Realty Index Fund - Direct Plan - Growth Option,HDFC Mutual Fund,Other Scheme - Index Funds,Direct,9.3821,01-Oct-2026,0.32,0.46,-3.82,,,28.49,,-41.11,50.0,200,,265,,31,INF179KC1IE0
153405,HDFC Nifty Top 20 Equal Weight Index Fund - Direct Plan - Growth Option,HDFC Mutual Fund,Other Scheme - Index Funds,Direct,9.471,01-Oct-2026,0.22,0.36,-8.59,,,15.44,,-16.03,55.6,240,,265,,19,INF179KC1JI9
153404,HDFC Nifty Top 20 Equal Weight Index Fund - Regular Plan - Growth Option,HDFC Mutual Fund,Other Scheme - Index Funds,Regular,9.3951,01-Oct-2026,0.66,0.86,-9.06,,,15.43,,-16.17,55.6,251,,276,,19,INF179KC1JH1
152713,HDFC NIFTY100 Low Volatility 30 Index Fund - Direct Plan - Growth Option,HDFC Mutual Fund,Other Scheme - Index Funds,Direct,9.6607,01-Oct-2026,0.34,0.49,-6.1,,,14.92,,-16.39,57.7,208,,265,,27,INF179KC1IM3
152714,HDFC NIFTY100 Low Volatility 30 Index Fund - Regular Plan - Growth Option,HDFC Mutual Fund,Other Scheme - Index Funds,Regular,9.5532,01-Oct-2026,0.73,0.94,-6.57,,,14.91,,-16.55,57.7,218,,276,,27,INF179KC1IL5
153264,HDFC Nifty100 Quality 30 Index Fund - Direct Plan - Growth Option,HDFC Mutual Fund,Other Scheme - Index Funds,Direct,10.1872,01-Oct-2026,0.31,0.42,-4.63,,,15.71,,-13.96,57.9,203,,265,,20,INF179KC1JF5
153265,HDFC Nifty100 Quality 30 Index Fund - Regular Plan - Growth Option,HDFC Mutual Fund,Other Scheme - Index Funds,Regular,10.1095,01-Oct-2026,0.72,0.89,-5.07,,,15.71,,-14.06,57.9,211,,276,,20,INF179KC1JE8
152430,HDFC NIFTY200 Momentum 30 Index Fund - Direct Plan - Growth Option,HDFC Mutual Fund,Other Scheme - Index Funds,Direct,9.7929,01-Oct-2026,0.31,0.81,-2.26,,,19.19,,-29.09,61.3,172,,265,,32,INF179KC1IC4
152429,HDFC NIFTY200 Momentum 30 Index Fund - Regular Plan - Growth Option,HDFC Mutual Fund,Other Scheme - Index Funds,Regular,9.6701,01-Oct-2026,0.72,1.28,-2.73,,,19.19,,-29.24,61.3,179,,276,,32,INF179KC1IB6
152778,HDFC NIFTY500 Multicap 50:25:25 Index Fund - Direct Plan - Growth Option,HDFC Mutual Fund,Other Scheme - Index Funds,Direct,9.5838,01-Oct-2026,0.23,0.33,-1.05,,,17.46,,-19.3,56.0,162,,265,,26,INF179KC1IO9
152779,HDFC NIFTY500 Multicap 50:25:25 Index Fund - Regular Plan - Growth Option,HDFC Mutual Fund,Other Scheme - Index Funds,Regular,9.487,01-Oct-2026,0.64,0.8,-1.52,,,17.45,,-19.47,56.0,168,,276,,26,INF179KC1IN1
153235,ICICI Prudential CRISIL-IBX AAA Bond Financial Services Index -Dec 2026 Fund,ICICI Prudential Mutual Fund,Other Scheme - Index Funds,Regular,10.6539,14-Nov-2025,,,,,,,,,,,,,,0,INF109KC19Z4
153234,ICICI Prudential CRISIL-IBX AAA Bond Financial Services Index -Dec 2026 Fund,ICICI Prudential Mutual Fund,Other Scheme - Index Funds,Regular,10.6539,14-Nov-2025,,,,,,,,,,,,,,10,INF109KC18Z6
153237,ICICI Prudential CRISIL-IBX AAA Bond Financial Services Index -Dec 2026 Fund,ICICI Prudential Mutual Fund,Other Scheme - Index Funds,Regular,10.6682,14-Nov-2025,,,,,,,,,,,,,,0,INF109KC16Z0
153236,ICICI Prudential CRISIL-IBX AAA Bond Financial Services Index -Dec 2026 Fund,ICICI Prudential Mutual Fund,Other Scheme - Index Funds,Regular,10.6682,14-Nov-2025,,,,,,,,,,,,,,10,INF109KC15Z2
153411,ICICI Prudential CRISIL-IBX Financial Services 3-6 Months Debt Index Fund - Direct Plan - Growth,ICICI Prudential Mutual Fund,Other Scheme - Index Funds,Direct,11.1237,01-Oct-2026,0.08,0.11,6.94,,,0.49,,0.0,100.0,20,,265,,19,INF109K1A062
153409,ICICI Prudential CRISIL-IBX Financial Services 3-6 Months Debt Index Fund - Regular Plan - Growth,ICICI Prudential Mutual Fund,Other Scheme - Index Funds,Regular,11.0999,01-Oct-2026,0.18,0.22,6.84,,,0.49,,0.0,100.0,18,,276,,19,INF109K1A039
153161,ICICI Prudential Nifty 500 Index Fund - Direct Plan - Growth,ICICI Prudential Mutual Fund,Other Scheme - Index Funds,Direct,9.8734,01-Oct-2026,0.25,0.43,-3.63,,,16.94,,-14.18,57.1,196,,265,,22,INF109KC16Y3
153162,ICICI Prudential Nifty 500 Index Fund - Regular Plan - Growth,ICICI Prudential Mutual Fund,Other Scheme - Index Funds,Regular,9.7736,01-Oct-2026,0.72,0.98,-4.16,,,16.94,,-14.34,52.4,201,,276,,22,INF109KC13Y0
152482,ICICI Prudential Nifty LargeMidcap 250 Index Fund - Direct Plan - Growth,ICICI Prudential Mutual Fund,Other Scheme - Index Funds,Direct,11.7385,01-Oct-2026,0.21,0.3,-1.65,,,16.57,,-18.25,66.7,167,,265,,31,INF109KC12U0
152481,ICICI Prudential Nifty LargeMidcap 250 Index Fund - Regular Plan - Growth,ICICI Prudential Mutual Fund,Other Scheme - Index Funds,Regular,11.5809,01-Oct-2026,0.64,0.8,-2.12,,,16.55,,-18.42,66.7,172,,276,,31,INF109KC15U3
153679,ICICI Prudential Nifty Private Bank Index Fund - Direct Plan - Growth,ICICI Prudential Mutual Fund,Other Scheme - Index Funds,Direct,9.5986,01-Oct-2026,0.3,0.66,0.96,,,20.16,,-16.09,57.1,146,,265,,15,INF109K1A369
153676,ICICI Prudential Nifty Private Bank Index Fund - Regular Plan - Growth,ICICI Prudential Mutual Fund,Other Scheme - Index Funds,Regular,9.5346,01-Oct-2026,0.77,1.21,0.4,,,20.15,,-16.24,57.1,151,,276,,15,INF109K1A351
149226,ICICI Prudential Nifty PSU Bond Plus SDL Sep 2027 40:60 Index Fund,ICICI Prudential Mutual Fund,Other Scheme - Index Funds,Regular,10.1235,16-Sep-2022,0.32,0.38,,,,,,,,,,,,0,INF109KC1T12
149225,ICICI Prudential Nifty PSU Bond Plus SDL Sep 2027 40:60 Index Fund,ICICI Prudential Mutual Fund,Other Scheme - Index Funds,Regular,9.946,16-Sep-2022,0.32,0.38,,,,,,,,,,,,0,INF109KC1T04
149223,ICICI Prudential Nifty PSU Bond Plus SDL Sep 2027 40:60 Index Fund,ICICI Prudential Mutual Fund,Other Scheme - Index Funds,Regular,10.104,16-Sep-2022,0.32,0.38,,,,,,,,,,,,0,INF109KC1S47
149222,ICICI Prudential Nifty PSU Bond Plus SDL Sep 2027 40:60 Index Fund,ICICI Prudential Mutual Fund,Other Scheme - Index Funds,Regular,9.9457,16-Sep-2022,0.32,0.38,,,,,,,,,,,,0,INF109KC1S39
153614,ICICI Prudential Nifty Top 15 Equal Weight Index Fund - Direct Plan - Growth,ICICI Prudential Mutual Fund,Other Scheme - Index Funds,Direct,8.703,01-Oct-2026,0.3,0.44,-11.95,,,17.21,,-17.31,46.7,254,,265,,16,INF109K1A310
153613,ICICI Prudential Nifty Top 15 Equal Weight Index Fund - Regular Plan - Growth,ICICI Prudential Mutual Fund,Other Scheme - Index Funds,Regular,8.6417,01-Oct-2026,0.76,0.98,-12.42,,,17.2,,-17.48,46.7,266,,276,,16,INF109K1A286
153546,ICICI Prudential Nifty200 Quality 30 Index Fund - Direct Plan - Growth,ICICI Prudential Mutual Fund,Other Scheme - Index Funds,Direct,9.1524,01-Oct-2026,0.33,0.49,-6.56,,,17.47,,-14.69,40.0,217,,265,,16,INF109K1A252
153544,ICICI Prudential Nifty200 Quality 30 Index Fund - Regular Plan - Growth,ICICI Prudential Mutual Fund,Other Scheme - Index Funds,Regular,9.0963,01-Oct-2026,0.71,0.93,-6.98,,,17.46,,-14.79,40.0,226,,276,,16,INF109K1A229
152936,ICICI Prudential Nifty200 Value 30 Index Fund - Direct Plan - Growth,ICICI Prudential Mutual Fund,Other Scheme - Index Funds,Direct,10.2794,01-Oct-2026,0.32,0.61,5.47,,,20.05,,-15.44,47.8,67,,265,,24,INF109KC13X2
152934,ICICI Prudential Nifty200 Value 30 Index Fund - Regular Plan - Growth,ICICI Prudential Mutual Fund,Other Scheme - Index Funds,Regular,10.169,01-Oct-2026,0.74,1.1,4.93,,,20.04,,-15.62,47.8,79,,276,,24,INF109KC10X8
152365,ICICI Prudential Nifty50 Value 20 Index Fund - Direct Plan - Growth,ICICI Prudential Mutual Fund,Other Scheme - Index Funds,Direct,9.4928,01-Oct-2026,0.21,0.52,-10.18,,,13.85,,-20.7,51.6,252,,265,,32,INF109KC16T3
152366,ICICI Prudential Nifty50 Value 20 Index Fund - Regular Plan - Growth,ICICI Prudential Mutual Fund,Other Scheme - Index Funds,Regular,9.3824,01-Oct-2026,0.54,0.91,-10.54,,,13.84,,-21.35,51.6,264,,276,,32,INF109KC19T7
152755,kotak BSE PSU Index Fund - Direct Plan - Growth,Kotak Mahindra Mutual Fund,Other Scheme - Index Funds,Direct,8.818,01-Oct-2026,0.33,0.46,-0.84,,,22.21,,-26.84,44.0,159,,265,,26,INF174KA1SL1
152752,kotak BSE PSU Index Fund - Regular Plan - Growth,Kotak Mahindra Mutual Fund,Other Scheme - Index Funds,Regular,8.695,01-Oct-2026,0.88,1.11,-1.48,,,22.19,,-27.08,44.0,167,,276,,26,INF174KA1SI7
153284,Kotak BSE Sensex Index Fund - Regular Plan - Growth,Kotak Mahindra Mutual Fund,Other Scheme - Index Funds,Regular,9.585,01-Oct-2026,0.27,0.47,-9.92,,,15.11,,-16.13,52.6,256,,276,,20,INF174KA1US2
153286,Kotak BSE Sensex Index Fund - Direct Plan - Growth,Kotak Mahindra Mutual Fund,Other Scheme - Index Funds,Direct,9.612,01-Oct-2026,0.12,0.29,-9.75,,,15.11,,-16.08,52.6,248,,265,,20,INF174KA1UV6
153313,Kotak CRISIL- IBX AAA Bond Financial Services Index - Dec 2026 Fund - Direct Plan - Growth,Kotak Mahindra Mutual Fund,Other Scheme - Index Funds,Direct,11.2432,01-Oct-2026,0.08,0.1,6.69,,,0.84,,0.0,100.0,26,,265,,20,INF174KA1UX2
153311,Kotak CRISIL- IBX AAA Bond Financial Services Index - Dec 2026 Fund - Regular Plan - Growth,Kotak Mahindra Mutual Fund,Other Scheme - Index Funds,Regular,11.207,01-Oct-2026,0.25,0.3,6.47,,,0.83,,0.0,100.0,24,,276,,20,INF174KA1VA8
152869,Kotak CRISIL-IBX AAA Financial Services Index-Sep 2027 Fund - Direct Plan - GROWTH Option,Kotak Mahindra Mutual Fund,Other Scheme - Index Funds,Direct,11.6269,01-Oct-2026,0.17,0.2,6.09,,,1.06,,0.0,100.0,36,,265,,25,INF174KA1TF1
152866,Kotak CRISIL-IBX AAA Financial Services Index-Sep 2027 Fund - Regular Plan - GROWTH,Kotak Mahindra Mutual Fund,Other Scheme - Index Funds,Regular,11.5769,01-Oct-2026,0.33,0.39,5.87,,,1.06,,0.0,100.0,37,,276,,25,INF174KA1SW8
153372,Kotak CRISIL-IBX Financial Services 3-6 Months Debt Index Fund - Direct Plan - Growth,Kotak Mahindra Mutual Fund,Other Scheme - Index Funds,Direct,11.1287,01-Oct-2026,0.1,0.12,6.76,,,0.5,,0.0,100.0,24,,265,,19,INF174KA1VK7
153375,Kotak CRISIL-IBX Financial Services 3-6 Months Debt Index Fund - Regular Plan - Growth,Kotak Mahindra Mutual Fund,Other Scheme - Index Funds,Regular,11.0885,01-Oct-2026,0.3,0.35,6.52,,,0.5,,0.0,100.0,23,,276,,19,INF174KA1VN1
153875,Kotak CRISIL-IBX Financial Services 9 to 12 Months Debt Index Fund - Direct Plan - Growth,Kotak Mahindra Mutual Fund,Other Scheme - Index Funds,Direct,10.648,01-Oct-2026,0.1,0.12,6.32,,,0.99,,0.0,100.0,29,,265,,13,INF174KA1XM9
153877,Kotak CRISIL-IBX Financial Services 9 to 12 Months Debt Index Fund - Regular Plan - Growth,Kotak Mahindra Mutual Fund,Other Scheme - Index Funds,Regular,10.6262,01-Oct-2026,0.27,0.32,6.11,,,0.99,,0.0,100.0,27,,276,,13,INF174KA1XP2
153146,Kotak Nifty 100 Equal Weight Index Fund - Direct Plan - Growth,Kotak Mahindra Mutual Fund,Other Scheme - Index Funds,Direct,10.436,01-Oct-2026,0.18,0.35,-0.44,,,18.34,,-12.13,57.1,156,,265,,22,INF174KA1TY2
153145,Kotak Nifty 100 Equal Weight Index Fund - Regular Plan - Growth,Kotak Mahindra Mutual Fund,Other Scheme - Index Funds,Regular,10.343,01-Oct-2026,0.6,0.85,-0.95,,,18.33,,-12.29,57.1,164,,276,,22,INF174KA1UB8
152663,Kotak NIFTY 100 Low Volatility 30 Index Fund - Direct Plan - Growth,Kotak Mahindra Mutual Fund,Other Scheme - Index Funds,Direct,10.078,01-Oct-2026,0.17,0.37,-6.01,,,15.23,,-16.39,59.3,207,,265,,28,INF174KA1RZ3
152664,Kotak NIFTY 100 Low Volatility 30 Index Fund - Regular Plan - Growth,Kotak Mahindra Mutual Fund,Other Scheme - Index Funds,Regular,9.9318,01-Oct-2026,0.71,1.01,-6.61,,,15.22,,-16.61,59.3,219,,276,,28,INF174KA1RW0
153660,KOTAK NIFTY 200 QUALITY 30 INDEX FUND - Direct Plan - GROWTH,Kotak Mahindra Mutual Fund,Other Scheme - Index Funds,Direct,9.187,01-Oct-2026,0.18,0.35,-6.36,,,17.9,,-14.71,42.9,213,,265,,15,INF174KA1WN9
153659,KOTAK NIFTY 200 QUALITY 30 INDEX FUND - Regular Plan - GROWTH,Kotak Mahindra Mutual Fund,Other Scheme - Index Funds,Regular,9.144,01-Oct-2026,0.5,0.72,-6.72,,,17.9,,-14.79,42.9,221,,276,,15,INF174KA1WQ2
153150,Kotak Nifty 50 Equal Weight Index Fund - Direct Plan - Growth,Kotak Mahindra Mutual Fund,Other Scheme - Index Funds,Direct,10.445,01-Oct-2026,0.18,0.42,-2.69,,,15.31,,-11.31,71.4,182,,265,,22,INF174KA1UE2
153148,Kotak Nifty 50 Equal Weight Index Fund - Regular Plan - Growth,Kotak Mahindra Mutual Fund,Other Scheme - Index Funds,Regular,10.352,01-Oct-2026,0.6,0.92,-3.19,,,15.31,,-11.42,71.4,186,,276,,22,INF174KA1UH5
153680,Kotak Nifty AAA Bond Financial Services Mar 2028 Index Fund - Direct Plan - Growth,Kotak Mahindra Mutual Fund,Other Scheme - Index Funds,Direct,10.6965,01-Oct-2026,0.12,0.14,5.59,,,1.26,,-0.16,92.9,61,,265,,15,INF174KA1WY6
153683,Kotak Nifty AAA Bond Financial Services Mar 2028 Index Fund - Regular Plan - Growth,Kotak Mahindra Mutual Fund,Other Scheme - Index Funds,Regular,10.6694,01-Oct-2026,0.29,0.34,5.37,,,1.26,,-0.18,85.7,62,,276,,15,INF174KA1WV2
153781,Kotak Nifty Alpha 50 Index Fund - Direct Plan - Growth,Kotak Mahindra Mutual Fund,Other Scheme - Index Funds,Direct,10.344,01-Oct-2026,0.3,0.79,8.87,,,22.58,,-14.82,61.5,16,,265,,14,INF174KA1XG1
153784,Kotak Nifty Alpha 50 Index Fund - Regular Plan - Growth,Kotak Mahindra Mutual Fund,Other Scheme - Index Funds,Regular,10.276,01-Oct-2026,0.8,1.38,8.23,,,22.56,,-14.98,61.5,16,,276,,14,INF174KA1XJ5
154388,Kotak Nifty Alpha Low Volatility 30 Index Fund - Direct Plan - Growth,Kotak Mahindra Mutual Fund,Other Scheme - Index Funds,Direct,9.531,01-Oct-2026,0.2,1.27,,,,,,,,,,,,4,INF174KA1A29
154389,Kotak Nifty Alpha Low Volatility 30 Index Fund - Regular Plan - Growth,Kotak Mahindra Mutual Fund,Other Scheme - Index Funds,Regular,9.515,01-Oct-2026,0.69,1.85,,,,,,,,,,,,4,INF174KA1A52
153353,Kotak Nifty Commodities Index Fund - Direct Plan - Growth,Kotak Mahindra Mutual Fund,Other Scheme - Index Funds,Direct,11.454,01-Oct-2026,0.17,0.28,2.27,,,15.58,,-9.08,61.1,137,,265,,19,INF174KA1VE0
153351,Kotak Nifty Commodities Index Fund - Regular Plan - Growth,Kotak Mahindra Mutual Fund,Other Scheme - Index Funds,Regular,11.406,01-Oct-2026,0.4,0.55,1.98,,,15.58,,-9.17,61.1,136,,276,,19,INF174KA1VH3
152870,Kotak Nifty India Tourism Index Fund - Direct Plan - Growth,Kotak Mahindra Mutual Fund,Other Scheme - Index Funds,Direct,8.173,01-Oct-2026,0.29,0.54,-14.19,,,23.89,,-30.04,45.8,258,,265,,25,INF174KA1SZ1
152872,Kotak Nifty India Tourism Index Fund - Regular Plan - Growth,Kotak Mahindra Mutual Fund,Other Scheme - Index Funds,Regular,8.068,01-Oct-2026,0.79,1.14,-14.73,,,23.87,,-30.37,45.8,269,,276,,25,INF174KA1TC8
153401,Kotak Nifty Midcap 150 Index Fund - Direct Plan - GROWTH,Kotak Mahindra Mutual Fund,Other Scheme - Index Funds,Direct,11.135,01-Oct-2026,0.13,0.38,3.04,,,18.25,,-13.26,66.7,125,,265,,19,INF174KA1VQ4
153399,Kotak Nifty Midcap 150 Index Fund - Regular Plan - GROWTH,Kotak Mahindra Mutual Fund,Other Scheme - Index Funds,Regular,11.052,01-Oct-2026,0.53,0.86,2.54,,,18.25,,-13.41,66.7,127,,276,,19,INF174KA1VT8
152916,Kotak Nifty Midcap 150 Momentum 50 Index Fund - Direct Plan - Growth,Kotak Mahindra Mutual Fund,Other Scheme - Index Funds,Direct,9.12,01-Oct-2026,0.24,0.73,2.73,,,21.54,,-20.99,52.2,128,,265,,24,INF174KA1TM7
152918,Kotak Nifty Midcap 150 Momentum 50 Index Fund - Regular Plan - Growth,Kotak Mahindra Mutual Fund,Other Scheme - Index Funds,Regular,9.003,01-Oct-2026,0.79,1.38,2.06,,,21.52,,-21.08,52.2,134,,276,,24,INF174KA1TP0
152767,Kotak Nifty Midcap 50 Index Fund - Direct Plan - GROWTH,Kotak Mahindra Mutual Fund,Other Scheme - Index Funds,Direct,10.361,01-Oct-2026,0.21,0.39,5.77,,,19.73,,-19.85,64.0,52,,265,,26,INF174KA1SR8
152765,Kotak Nifty Midcap 50 Index Fund - Regular Plan - GROWTH,Kotak Mahindra Mutual Fund,Other Scheme - Index Funds,Regular,10.227,01-Oct-2026,0.73,1.0,5.12,,,19.72,,-20.05,64.0,70,,276,,26,INF174KA1SO5
153223,Kotak Nifty SmallCap 250 Index Fund - Direct Plan - Growth,Kotak Mahindra Mutual Fund,Other Scheme - Index Funds,Direct,11.418,01-Oct-2026,0.13,0.39,5.38,,,23.41,,-19.57,60.0,71,,265,,21,INF174KA1UK9
153221,Kotak Nifty SmallCap 250 Index Fund - Regular Plan - Growth,Kotak Mahindra Mutual Fund,Other Scheme - Index Funds,Regular,11.325,01-Oct-2026,0.53,0.87,4.86,,,23.4,,-19.86,60.0,80,,276,,21,INF174KA1UN3
153461,Kotak Nifty Top 10 Equal Weight Index Fund - Direct Plan - Growth,Kotak Mahindra Mutual Fund,Other Scheme - Index Funds,Direct,8.544,01-Oct-2026,0.2,0.36,-12.06,,,15.87,,-19.09,43.8,256,,265,,17,INF174KA1WD0
153463,Kotak Nifty Top 10 Equal Weight Index Fund - Regular Plan - Growth,Kotak Mahindra Mutual Fund,Other Scheme - Index Funds,Regular,8.459,01-Oct-2026,0.76,1.03,-12.68,,,15.87,,-19.5,43.8,268,,276,,17,INF174KA1WG3
154032,Kotak Nifty500 Momentum 50 Index Fund - Direct Plan - Growth,Kotak Mahindra Mutual Fund,Other Scheme - Index Funds,Direct,9.926,01-Oct-2026,0.16,0.76,,,,,,,,,,,,10,INF174KA1YC8
154030,Kotak Nifty500 Momentum 50 Index Fund - Regular Plan - Growth,Kotak Mahindra Mutual Fund,Other Scheme - Index Funds,Regular,9.9,01-Oct-2026,0.44,1.09,,,,,,,,,,,,10,INF174KA1YF1
153596,Motilal Oswal BSE 1000 Index Fund - Direct Plan - Growth,Motilal Oswal Mutual Fund,Other Scheme - Index Funds,Direct,9.5444,01-Oct-2026,0.35,0.46,-2.62,,,17.14,,-14.4,57.1,180,,265,,15,INF247L01FM9
153597,Motilal Oswal BSE 1000 Index Fund - Regular Plan - Growth,Motilal Oswal Mutual Fund,Other Scheme - Index Funds,Regular,9.4592,01-Oct-2026,0.9,1.11,-3.29,,,17.14,,-14.61,57.1,192,,276,,15,INF247L01FN7
154364,Motilal Oswal BSE Clean Environment Index Fund - Direct Plan - Growth,Motilal Oswal Mutual Fund,Other Scheme - Index Funds,Direct,8.6865,01-Oct-2026,0.35,1.27,,,,,,,,,,,,3,INF247L01HC6
154365,Motilal Oswal BSE Clean Environment Index Fund,Motilal Oswal Mutual Fund,Other Scheme - Index Funds,Regular,8.6713,01-Oct-2026,0.9,1.92,,,,,,,,,,,,3,INF247L01HD4
154377,Motilal Oswal BSE Midcap 150 Momentum 30 Index Fund,Motilal Oswal Mutual Fund,Other Scheme - Index Funds,Regular,9.915,01-Oct-2026,0.9,3.02,,,,,,,,,,,,3,INF247L01HE2
154378,Motilal Oswal BSE Midcap 150 Momentum 30 Index Fund,Motilal Oswal Mutual Fund,Other Scheme - Index Funds,Regular,9.9036,01-Oct-2026,0.9,3.02,,,,,,,,,,,,3,INF247L01HF9
152875,Motilal Oswal Nifty 500 Momentum 50 Index Fund - Direct Plan - Growth,Motilal Oswal Mutual Fund,Other Scheme - Index Funds,Direct,8.1393,01-Oct-2026,0.36,0.85,3.41,,,22.11,,-29.77,54.2,114,,265,,25,INF247L01DL6
152876,Motilal Oswal Nifty 500 Momentum 50 Index Fund - Regular Plan - Growth,Motilal Oswal Mutual Fund,Other Scheme - Index Funds,Regular,8.0284,01-Oct-2026,0.9,1.45,2.73,,,22.1,,-29.98,54.2,123,,276,,25,INF247L01DM4
153138,Motilal Oswal Nifty Capital Market Index Fund - Direct Plan - Growth,Motilal Oswal Mutual Fund,Other Scheme - Index Funds,Direct,11.9923,01-Oct-2026,0.4,0.63,21.91,,,31.87,,-23.23,47.6,4,,265,,22,INF247L01EB5
153137,Motilal Oswal Nifty Capital Market Index Fund - Regular Plan - Growth,Motilal Oswal Mutual Fund,Other Scheme - Index Funds,Regular,11.8554,01-Oct-2026,0.9,1.2,21.16,,,31.86,,-23.32,47.6,4,,276,,22,INF247L01EC3
152712,Motilal Oswal Nifty India Defence Index Fund - Direct Plan - Growth,Motilal Oswal Mutual Fund,Other Scheme - Index Funds,Direct,11.9755,01-Oct-2026,0.4,0.55,16.37,,,36.55,,-32.72,46.2,9,,265,,27,INF247L01CW5
152711,Motilal Oswal Nifty India Defence Index Fund - Regular Plan - Growth,Motilal Oswal Mutual Fund,Other Scheme - Index Funds,Regular,11.7931,01-Oct-2026,0.9,1.12,15.67,,,36.53,,-33.02,46.2,9,,276,,27,INF247L01CV7
153027,Motilal Oswal Nifty MidSmall Financial Services Index Fund - Direct Plan - Growth,Motilal Oswal Mutual Fund,Other Scheme - Index Funds,Direct,13.5551,01-Oct-2026,0.55,0.82,14.9,,,24.56,,-13.44,59.1,11,,265,,23,INF247L01DW3
153026,Motilal Oswal Nifty MidSmall Financial Services Index Fund - Regular Plan - Growth,Motilal Oswal Mutual Fund,Other Scheme - Index Funds,Regular,13.4371,01-Oct-2026,0.9,1.21,14.38,,,24.55,,-13.59,59.1,11,,276,,23,INF247L01DX1
153023,Motilal Oswal Nifty MidSmall Healthcare Index Fund - Direct Plan - Growth,Motilal Oswal Mutual Fund,Other Scheme - Index Funds,Direct,12.3056,01-Oct-2026,0.54,0.79,17.67,,,17.54,,-15.98,59.1,8,,265,,23,INF247L01EA7
153022,Motilal Oswal Nifty MidSmall Healthcare Index Fund - Regular Plan - Growth,Motilal Oswal Mutual Fund,Other Scheme - Index Funds,Regular,12.1993,01-Oct-2026,0.9,1.21,17.13,,,17.53,,-16.05,59.1,8,,276,,23,INF247L01DT9
153025,Motilal Oswal Nifty MidSmall India Consumption Index Fund - Direct Plan - Growth,Motilal Oswal Mutual Fund,Other Scheme - Index Funds,Direct,9.1879,01-Oct-2026,0.55,0.72,-8.21,,,20.08,,-22.75,40.9,236,,265,,23,INF247L01DU7
153024,Motilal Oswal Nifty MidSmall India Consumption Index Fund - Regular Plan - Growth,Motilal Oswal Mutual Fund,Other Scheme - Index Funds,Regular,9.1078,01-Oct-2026,0.9,1.13,-8.62,,,20.08,,-23.22,40.9,247,,276,,23,INF247L01DV5
153029,Motilal Oswal Nifty MidSmall IT and Telecom Index Fund,Motilal Oswal Mutual Fund,Other Scheme - Index Funds,Regular,9.2476,01-Oct-2026,0.9,1.33,4.61,,,25.96,,-29.79,50.0,91,,276,,23,INF247L01DY9
153028,Motilal Oswal Nifty MidSmall IT and Telecom Index Fund - Regular Plan - Growth,Motilal Oswal Mutual Fund,Other Scheme - Index Funds,Regular,9.1663,01-Oct-2026,0.9,1.33,4.14,,,25.95,,-30.23,50.0,100,,276,,23,INF247L01DZ6
152751,Navi Nifty 500 Multicap 50:25:25 Index Fund - Direct Plan - Growth,Navi Mutual Fund,Other Scheme - Index Funds,Direct,9.6466,01-Oct-2026,0.35,0.46,-1.04,,,17.23,,-19.14,60.0,161,,265,,26,INF959L01HO1
152750,Navi Nifty 500 Multicap 50:25:25 Index Fund - Regular Plan - Growth,Navi Mutual Fund,Other Scheme - Index Funds,Regular,9.5053,01-Oct-2026,0.9,1.11,-1.68,,,17.22,,-19.38,56.0,170,,276,,26,INF959L01HN3
154026,Navi Nifty Midsmallcap 400 Index Fund - Regular Plan - Growth,Navi Mutual Fund,Other Scheme - Index Funds,Regular,10.1612,01-Oct-2026,0.9,1.37,,,,,,,,,,,,10,INF959L01HS2
154027,Navi Nifty Midsmallcap 400 Index Fund - Direct Plan - Growth,Navi Mutual Fund,Other Scheme - Index Funds,Direct,10.2318,01-Oct-2026,0.15,0.49,,,,,,,,,,,,10,INF959L01HR4
153362,Navi Nifty Smallcap250 Momentum Quality 100 Index Fund - Direct Plan - Growth,Navi Mutual Fund,Other Scheme - Index Funds,Direct,11.9235,01-Oct-2026,0.35,0.85,6.34,,,20.67,,-22.41,50.0,28,,265,,19,INF959L01HQ6
153363,Navi Nifty Smallcap250 Momentum Quality 100 Index Fund - Regular Plan - Growth,Navi Mutual Fund,Other Scheme - Index Funds,Regular,11.7983,01-Oct-2026,0.9,1.5,5.62,,,20.67,,-22.82,50.0,49,,276,,19,INF959L01HP8
152535,Navi NiftyIT Index Fund - Direct Plan - Growth,Navi Mutual Fund,Other Scheme - Index Funds,Direct,8.4525,01-Oct-2026,0.35,0.57,-14.47,,,26.43,,-37.32,46.7,264,,265,,31,INF959L01HM5
152536,Navi NiftyIT Index Fund - Regular Plan - Growth,Navi Mutual Fund,Other Scheme - Index Funds,Regular,8.3026,01-Oct-2026,0.9,1.22,-15.02,,,26.41,,-37.96,46.7,275,,276,,31,INF959L01HL7
153566,Nippon India BSE Sensex Next 30 Index Fund - Regular Plan - Growth Option,Nippon India Mutual Fund,Other Scheme - Index Funds,Regular,10.2692,01-Oct-2026,0.44,0.77,2.94,,,16.61,,-9.94,53.3,117,,276,,16,INF204KC1FA3
153567,Nippon India BSE Sensex Next 30 Index Fund - Direct Plan - Growth Option,Nippon India Mutual Fund,Other Scheme - Index Funds,Direct,10.3126,01-Oct-2026,0.17,0.45,3.27,,,16.61,,-9.91,53.3,119,,265,,16,INF204KC1FD7
152992,Nippon India CRISIL - IBX AAA Financial Services - Dec 2026 Index Fund - Direct Plan - Growth Option,Nippon India Mutual Fund,Other Scheme - Index Funds,Direct,11.5192,01-Oct-2026,0.13,0.15,6.77,,,0.75,,0.0,100.0,23,,265,,24,INF204KC1DM3
152994,Nippon India CRISIL - IBX AAA Financial Services - Dec 2026 Index Fund - Regular Plan - Growth Option,Nippon India Mutual Fund,Other Scheme - Index Funds,Regular,11.4746,01-Oct-2026,0.3,0.35,6.56,,,0.75,,0.0,100.0,22,,276,,24,INF204KC1DJ9
152996,Nippon India CRISIL - IBX AAA Financial Services - Jan 2028 Index Fund - Direct Plan - Growth Option,Nippon India Mutual Fund,Other Scheme - Index Funds,Direct,11.4761,01-Oct-2026,0.13,0.15,5.84,,,1.19,,-0.08,95.7,50,,265,,24,INF204KC1DS0
152998,Nippon India CRISIL - IBX AAA Financial Services - Jan 2028 Index Fund - Regular Plan - Growth Option,Nippon India Mutual Fund,Other Scheme - Index Funds,Regular,11.4276,01-Oct-2026,0.31,0.36,5.61,,,1.19,,-0.1,95.7,51,,276,,24,INF204KC1DP6
154271,Nippon India CRISIL-IBX Financial Services 3-6 Months Debt Index Fund - Direct Plan - Growth Option,Nippon India Mutual Fund,Other Scheme - Index Funds,Direct,10.4237,01-Oct-2026,0.08,0.1,,,,,,,,,,,,7,INF204KC1GX3
154274,Nippon India CRISIL-IBX Financial Services 3-6 Months Debt Index Fund - Regular Plan - Growth Option,Nippon India Mutual Fund,Other Scheme - Index Funds,Regular,10.4135,01-Oct-2026,0.18,0.21,,,,,,,,,,,,7,INF204KC1GU9
154252,Nippon India CRISIL-IBX Financial Services 9-12 Months Debt Index Fund - Direct Plan - Growth Option,Nippon India Mutual Fund,Other Scheme - Index Funds,Direct,10.3965,01-Oct-2026,0.09,0.12,,,,,,,,,,,,7,INF204KC1GR5
154255,Nippon India CRISIL-IBX Financial Services 9-12 Months Debt Index Fund - Regular Plan - Growth Option,Nippon India Mutual Fund,Other Scheme - Index Funds,Regular,10.3855,01-Oct-2026,0.19,0.23,,,,,,,,,,,,7,INF204KC1GO2
152842,Nippon India Nifty 500 Equal Weight Index Fund - Direct Plan - Growth Option,Nippon India Mutual Fund,Other Scheme - Index Funds,Direct,9.3626,01-Oct-2026,0.3,0.49,0.41,,,20.94,,-23.17,50.0,147,,265,,25,INF204KC1DA8
152840,Nippon India Nifty 500 Equal Weight Index Fund - Regular Plan - Growth Option,Nippon India Mutual Fund,Other Scheme - Index Funds,Regular,9.2561,01-Oct-2026,0.79,1.07,-0.18,,,20.93,,-23.35,50.0,154,,276,,25,INF204KC1CX2
153474,Nippon India Nifty 500 Low Volatility 50 Index Fund - Direct Plan - Growth Option,Nippon India Mutual Fund,Other Scheme - Index Funds,Direct,10.0527,01-Oct-2026,0.3,0.63,-5.45,,,14.55,,-10.56,56.2,206,,265,,17,INF204KC1EQ2
153475,Nippon India Nifty 500 Low Volatility 50 Index Fund - Regular Plan - Growth Option,Nippon India Mutual Fund,Other Scheme - Index Funds,Regular,9.9712,01-Oct-2026,0.81,1.23,-6.0,,,14.54,,-10.68,56.2,215,,276,,17,INF204KC1EN9
152881,Nippon India Nifty 500 Momentum 50 Index Fund - Direct Plan - Growth Option,Nippon India Mutual Fund,Other Scheme - Index Funds,Direct,8.227,01-Oct-2026,0.21,0.67,4.38,,,21.98,,-24.29,56.5,95,,265,,24,INF204KC1DG5
152883,Nippon India Nifty 500 Momentum 50 Index Fund - Regular Plan - Growth Option,Nippon India Mutual Fund,Other Scheme - Index Funds,Regular,8.1247,01-Oct-2026,0.75,1.3,3.72,,,21.97,,-24.4,56.5,106,,276,,24,INF204KC1DD2
153470,Nippon India Nifty 500 Quality 50 Index Fund - Direct Plan - Growth Option,Nippon India Mutual Fund,Other Scheme - Index Funds,Direct,10.1967,01-Oct-2026,0.3,0.59,-2.67,,,19.44,,-16.77,43.8,181,,265,,17,INF204KC1EW0
153472,Nippon India Nifty 500 Quality 50 Index Fund - Regular Plan - Growth Option,Nippon India Mutual Fund,Other Scheme - Index Funds,Regular,10.1167,01-Oct-2026,0.79,1.17,-3.22,,,19.43,,-17.11,43.8,189,,276,,17,INF204KC1ET6
153064,Nippon India Nifty Auto Index Fund - Direct Plan - Growth Option,Nippon India Mutual Fund,Other Scheme - Index Funds,Direct,10.8994,01-Oct-2026,0.3,0.54,-3.49,,,21.62,,-15.54,76.2,190,,265,,22,INF204KC1EE8
153066,Nippon India Nifty Auto Index Fund - Regular Plan - Growth Option,Nippon India Mutual Fund,Other Scheme - Index Funds,Regular,10.7935,01-Oct-2026,0.75,1.07,-4.02,,,21.61,,-15.66,76.2,198,,276,,22,INF204KC1EB4
152389,Nippon India Nifty Bank Index Fund - Direct Plan - Growth Option,Nippon India Mutual Fund,Other Scheme - Index Funds,Direct,11.7654,01-Oct-2026,0.17,0.31,-0.02,,,16.94,,-16.95,54.8,153,,265,,32,INF204KC1BY2
152387,Nippon India Nifty Bank Index Fund - Regular Plan - Growth Option,Nippon India Mutual Fund,Other Scheme - Index Funds,Regular,11.5839,01-Oct-2026,0.67,0.9,-0.62,,,16.93,,-17.0,51.6,158,,276,,32,INF204KC1BV8
153806,Nippon India Nifty India Manufacturing Index Fund - Direct Plan - Growth Option,Nippon India Mutual Fund,Other Scheme - Index Funds,Direct,10.6189,01-Oct-2026,0.21,0.34,3.42,,,18.48,,-10.87,76.9,113,,265,,14,INF204KC1GL8
153809,Nippon India Nifty India Manufacturing Index Fund - Regular Plan - Growth Option,Nippon India Mutual Fund,Other Scheme - Index Funds,Regular,10.5543,01-Oct-2026,0.67,0.89,2.85,,,18.47,,-10.91,76.9,120,,276,,14,INF204KC1GI4
152392,Nippon India Nifty IT Index Fund - Direct Plan - Growth Option,Nippon India Mutual Fund,Other Scheme - Index Funds,Direct,7.7678,01-Oct-2026,0.21,0.41,-14.39,,,26.5,,-37.37,45.2,262,,265,,32,INF204KC1CE2
152391,Nippon India Nifty IT Index Fund - Regular Plan - Growth Option,Nippon India Mutual Fund,Other Scheme - Index Funds,Regular,7.6413,01-Oct-2026,0.74,1.04,-14.93,,,26.49,,-37.95,45.2,274,,276,,32,INF204KC1CB8
153060,Nippon India Nifty Realty Index Fund - Direct Plan - Growth Option,Nippon India Mutual Fund,Other Scheme - Index Funds,Direct,7.7443,01-Oct-2026,0.3,0.62,-3.79,,,31.52,,-38.16,42.9,199,,265,,22,INF204KC1DY8
153061,Nippon India Nifty Realty Index Fund - Regular Plan - Growth Option,Nippon India Mutual Fund,Other Scheme - Index Funds,Regular,7.6658,01-Oct-2026,0.78,1.18,-4.3,,,31.51,,-38.6,42.9,206,,276,,22,INF204KC1DV4
153432,SBI BSE PSU BANK INDEX FUND - Direct Plan - Growth,SBI Mutual Fund,Other Scheme - Index Funds,Direct,12.8018,01-Oct-2026,0.24,0.4,5.3,,,25.5,,-20.02,66.7,78,,265,,19,INF200KB1688
153434,SBI BSE PSU BANK INDEX FUND - Regular Plan - Growth,SBI Mutual Fund,Other Scheme - Index Funds,Regular,12.7102,01-Oct-2026,0.61,0.83,4.82,,,25.49,,-20.05,66.7,83,,276,,19,INF200KB1654
154363,SBI CRISIL-IBX 10:90 Gilt + SDL Index - Dec 2029 Index Fund - Regular Plan - Growth,SBI Mutual Fund,Other Scheme - Index Funds,Regular,10.2296,01-Oct-2026,0.32,0.41,,,,,,,,,,,,4,INF200KB1BF6
154370,SBI CRISIL-IBX 10:90 Gilt + SDL Index - Dec 2029 Index Fund - Direct Plan - Growth,SBI Mutual Fund,Other Scheme - Index Funds,Direct,10.2368,01-Oct-2026,0.15,0.21,,,,,,,,,,,,4,INF200KB1BI0
154331,SBI CRISIL-IBX Financial Services 3-6 Months Debt Index Fund - Direct Plan - Growth,SBI Mutual Fund,Other Scheme - Index Funds,Direct,10.3092,01-Oct-2026,0.1,0.13,,,,,,,,,,,,6,INF200KB1AO0
154329,SBI CRISIL-IBX Financial Services 3-6 Months Debt Index Fund - Regular Plan - Growth,SBI Mutual Fund,Other Scheme - Index Funds,Regular,10.3046,01-Oct-2026,0.17,0.21,,,,,,,,,,,,6,INF200KB1AL6
154334,SBI CRISIL-IBX Financial Services 9-12 Months Debt Index Fund - Direct Plan - Growth,SBI Mutual Fund,Other Scheme - Index Funds,Direct,10.2875,01-Oct-2026,0.1,0.13,,,,,,,,,,,,6,INF200KB1AU7
154328,SBI CRISIL-IBX Financial Services 9-12 Months Debt Index Fund - Regular Plan - Growth,SBI Mutual Fund,Other Scheme - Index Funds,Regular,10.2785,01-Oct-2026,0.24,0.29,,,,,,,,,,,,6,INF200KB1AR3
152908,SBI Nifty 500 Index Fund - Direct Plan - Growth,SBI Mutual Fund,Other Scheme - Index Funds,Direct,9.1195,01-Oct-2026,0.26,0.33,-3.35,,,16.38,,-14.2,56.5,188,,265,,24,INF200KB1381
152906,SBI Nifty 500 Index Fund - Regular Plan - Growth,SBI Mutual Fund,Other Scheme - Index Funds,Regular,9.0313,01-Oct-2026,0.66,0.8,-3.81,,,16.37,,-14.34,47.8,196,,276,,24,INF200KB1357
153250,SBI Nifty Bank Index Fund - Direct Plan - Growth,SBI Mutual Fund,Other Scheme - Index Funds,Direct,10.9317,01-Oct-2026,0.18,0.33,0.15,,,20.11,,-16.92,63.2,148,,265,,20,INF200KB1563
153253,SBI Nifty Bank Index Fund - Regular Plan - Growth,SBI Mutual Fund,Other Scheme - Index Funds,Regular,10.847,01-Oct-2026,0.54,0.76,-0.3,,,20.11,,-16.95,57.9,155,,276,,20,INF200KB1530
154372,SBI Nifty G-sec Jul 2031 Index Fund - Direct Plan - Growth,SBI Mutual Fund,Other Scheme - Index Funds,Direct,10.1968,01-Oct-2026,0.15,0.2,,,,,,,,,,,,4,INF200KB1BC3
154362,SBI Nifty G-sec Jul 2031 Index Fund - Regular Plan - Growth,SBI Mutual Fund,Other Scheme - Index Funds,Regular,10.1896,01-Oct-2026,0.32,0.4,,,,,,,,,,,,4,INF200KB1AZ6
153015,SBI Nifty India Consumption Index Fund - Direct Plan - Growth,SBI Mutual Fund,Other Scheme - Index Funds,Direct,9.4891,01-Oct-2026,0.34,0.43,-9.67,,,17.2,,-17.2,50.0,243,,265,,23,INF200KB1449
153012,SBI Nifty India Consumption Index Fund - Regular Plan - Growth,SBI Mutual Fund,Other Scheme - Index Funds,Regular,9.4018,01-Oct-2026,0.74,0.9,-10.1,,,17.19,,-17.33,50.0,260,,276,,23,INF200KB1415
153320,SBI Nifty IT Index Fund - Direct Plan - Growth,SBI Mutual Fund,Other Scheme - Index Funds,Direct,7.1658,01-Oct-2026,0.26,0.5,-14.42,,,27.27,,-31.17,47.4,263,,265,,20,INF200KB1621
153323,SBI Nifty IT Index Fund - Regular Plan - Growth,SBI Mutual Fund,Other Scheme - Index Funds,Regular,7.1118,01-Oct-2026,0.65,0.96,-14.81,,,27.26,,-31.49,47.4,270,,276,,20,INF200KB1597
153718,SBI Nifty100 Low Volatility 30 Index Fund - Direct Plan - Growth,SBI Mutual Fund,Other Scheme - Index Funds,Direct,9.4361,01-Oct-2026,0.33,0.48,-6.14,,,16.0,,-13.31,57.1,209,,265,,15,INF200KB1936
153716,SBI Nifty100 Low Volatility 30 Index Fund - Regular Plan - Growth,SBI Mutual Fund,Other Scheme - Index Funds,Regular,9.3926,01-Oct-2026,0.67,0.88,-6.51,,,15.99,,-13.39,57.1,217,,276,,15,INF200KB1902
153662,SBI Nifty200 Momentum 30 Index Fund - Direct Plan - Growth,SBI Mutual Fund,Other Scheme - Index Funds,Direct,9.2751,01-Oct-2026,0.34,0.93,-2.29,,,19.85,,-15.93,57.1,173,,265,,15,INF200KB1878
153663,SBI Nifty200 Momentum 30 Index Fund - Regular Plan - Growth,SBI Mutual Fund,Other Scheme - Index Funds,Regular,9.2314,01-Oct-2026,0.67,1.32,-2.66,,,19.85,,-16.03,57.1,178,,276,,15,INF200KB1845
153555,SBI Nifty200 Quality 30 Index Fund - Direct Plan - Growth,SBI Mutual Fund,Other Scheme - Index Funds,Direct,9.2974,01-Oct-2026,0.29,0.44,-6.53,,,17.51,,-14.72,40.0,215,,265,,16,INF200KB1811
153554,SBI Nifty200 Quality 30 Index Fund - Regular Plan - Growth,SBI Mutual Fund,Other Scheme - Index Funds,Regular,9.25,01-Oct-2026,0.65,0.86,-6.89,,,17.51,,-14.81,40.0,224,,276,,16,INF200KB1787
152370,SBI Nifty50 Equal Weight Index Fund - Direct Plan - Growth,SBI Mutual Fund,Other Scheme - Index Funds,Direct,11.4129,01-Oct-2026,0.38,0.48,-2.77,,,14.8,,-17.28,71.0,185,,265,,32,INF200KB1027
152372,SBI Nifty50 Equal Weight Index Fund - Regular Plan - Growth,SBI Mutual Fund,Other Scheme - Index Funds,Regular,11.2646,01-Oct-2026,0.78,0.95,-3.24,,,14.79,,-17.45,71.0,190,,276,,32,INF200KA18Z7
154066,Tata BSE Multicap Consumption 50:30:20 Index Fund - Direct Plan - Growth Option,Tata Mutual Fund,Other Scheme - Index Funds,Direct,9.1166,01-Oct-2026,0.24,0.5,,,,,,,,,,,,9,INF277KA1EP8
154064,Tata BSE Multicap Consumption 50:30:20 Index Fund - Regular Plan - Growth Option,Tata Mutual Fund,Other Scheme - Index Funds,Regular,9.0617,01-Oct-2026,0.9,1.22,,,,,,,,,,,,9,INF277KA1EM5
153420,Tata BSE Quality Index Fund - Direct Plan - Growth Option,Tata Mutual Fund,Other Scheme - Index Funds,Direct,10.6525,01-Oct-2026,0.3,0.41,-2.42,,,17.47,,-11.65,52.9,176,,265,,18,INF277KA1DK1
153425,Tata BSE Quality Index Fund - Regular Plan - Growth Option,Tata Mutual Fund,Other Scheme - Index Funds,Regular,10.5333,01-Oct-2026,0.9,1.07,-3.15,,,17.46,,-12.15,52.9,185,,276,,18,INF277KA1DH7
153132,Tata BSE Select Business Groups Index Fund - Direct Plan - Growth Option,Tata Mutual Fund,Other Scheme - Index Funds,Direct,9.4653,01-Oct-2026,0.25,0.4,-3.54,,,18.22,,-13.58,57.1,191,,265,,22,INF277KA1DA2
153134,Tata BSE Select Business Groups Index Fund - Regular Plan - Growth Option,Tata Mutual Fund,Other Scheme - Index Funds,Regular,9.332,01-Oct-2026,0.9,1.06,-4.29,,,18.21,,-13.75,57.1,205,,276,,22,INF277KA1CX6
152557,Tata Nifty Auto Index Fund - Direct Plan - Growth Option,Tata Mutual Fund,Other Scheme - Index Funds,Direct,11.588,01-Oct-2026,0.4,0.5,-3.88,,,21.52,,-24.19,69.0,201,,265,,30,INF277KA1AU6
152560,Tata Nifty Auto Index Fund - Regular Plan - Growth Option,Tata Mutual Fund,Other Scheme - Index Funds,Regular,11.4058,01-Oct-2026,0.9,1.03,-4.46,,,21.51,,-24.4,69.0,209,,276,,30,INF277KA1AR2
152951,Tata Nifty Capital Markets Index Fund - Direct Plan - Growth Option,Tata Mutual Fund,Other Scheme - Index Funds,Direct,13.7354,01-Oct-2026,0.36,0.62,21.79,,,30.63,,-23.23,52.2,5,,265,,24,INF277KA1CO5
152954,Tata Nifty Capital Markets Index Fund - Regular Plan - Growth Option,Tata Mutual Fund,Other Scheme - Index Funds,Regular,13.5688,01-Oct-2026,0.9,1.22,21.03,,,30.62,,-23.32,52.2,5,,276,,24,INF277KA1CL1
152577,Tata Nifty Financial Services Index Fund - Direct Plan - Growth Option,Tata Mutual Fund,Other Scheme - Index Funds,Direct,11.5615,01-Oct-2026,0.39,0.55,-5.39,,,16.43,,-15.84,51.7,204,,265,,30,INF277KA1BA6
152574,Tata Nifty Financial Services Index Fund - Regular Plan - Growth Option,Tata Mutual Fund,Other Scheme - Index Funds,Regular,11.3789,01-Oct-2026,0.9,1.1,-5.97,,,16.42,,-16.02,51.7,214,,276,,30,INF277KA1AX0
152742,Tata Nifty India Tourism Index Fund - Direct Plan - Growth Option,Tata Mutual Fund,Other Scheme - Index Funds,Direct,8.6778,01-Oct-2026,0.38,0.52,-14.28,,,22.95,,-30.06,50.0,260,,265,,27,INF277KA1CC0
152746,Tata Nifty India Tourism Index Fund - Regular Plan - Growth Option,Tata Mutual Fund,Other Scheme - Index Funds,Regular,8.5508,01-Oct-2026,0.9,1.08,-14.82,,,22.94,,-30.4,50.0,271,,276,,27,INF277KA1BZ3
153581,Tata Nifty Midcap 150 Index Fund - Direct Plan - Growth Option,Tata Mutual Fund,Other Scheme - Index Funds,Direct,10.3029,01-Oct-2026,0.11,0.23,3.12,,,19.07,,-13.29,60.0,123,,265,,16,INF277KA1DZ9
153580,Tata Nifty Midcap 150 Index Fund - Regular Plan - Growth Option,Tata Mutual Fund,Other Scheme - Index Funds,Regular,10.1773,01-Oct-2026,0.9,1.05,2.14,,,19.06,,-13.58,60.0,132,,276,,16,INF277KA1DW6
152564,Tata Nifty MidSmall Healthcare Index Fund - Direct Plan - Growth Option,Tata Mutual Fund,Other Scheme - Index Funds,Direct,14.9628,01-Oct-2026,0.37,0.56,17.87,,,17.06,,-16.02,62.1,7,,265,,30,INF277KA1BG3
152567,Tata Nifty MidSmall Healthcare Index Fund - Regular Plan - Growth Option,Tata Mutual Fund,Other Scheme - Index Funds,Regular,14.7286,01-Oct-2026,0.9,1.12,17.16,,,17.05,,-16.11,62.1,7,,276,,30,INF277KA1BD0
153858,Tata Nifty Next 50 Index Fund - Direct Plan - Growth Option,Tata Mutual Fund,Other Scheme - Index Funds,Direct,10.1807,01-Oct-2026,0.19,0.31,-0.7,,,,,,,158,,265,,12,INF277KA1EJ1
153855,Tata Nifty Next 50 Index Fund - Regular Plan - Growth Option,Tata Mutual Fund,Other Scheme - Index Funds,Regular,10.0935,01-Oct-2026,0.9,1.09,-1.47,,,,,,,166,,276,,12,INF277KA1EG7
152570,Tata Nifty Realty Index Fund - Direct Plan - Growth Option,Tata Mutual Fund,Other Scheme - Index Funds,Direct,8.5822,01-Oct-2026,0.39,0.58,-3.58,,,28.57,,-41.27,48.3,192,,265,,30,INF277KA1AO9
152573,Tata Nifty Realty Index Fund - Regular Plan - Growth Option,Tata Mutual Fund,Other Scheme - Index Funds,Regular,8.4427,01-Oct-2026,0.9,1.11,-4.17,,,28.56,,-41.9,48.3,202,,276,,30,INF277KA1AL5
152836,Tata Nifty200 Alpha 30 Index Fund - Direct Plan - Growth Option,Tata Mutual Fund,Other Scheme - Index Funds,Direct,8.5229,01-Oct-2026,0.39,0.76,3.49,,,23.17,,-28.45,54.2,111,,265,,25,INF277KA1CI7
152834,Tata Nifty200 Alpha 30 Index Fund - Regular Plan - Growth Option,Tata Mutual Fund,Other Scheme - Index Funds,Regular,8.4077,01-Oct-2026,0.9,1.31,2.86,,,23.17,,-28.67,54.2,119,,276,,25,INF277KA1CF3
152588,Tata Nifty500 Multicap India Manufacturing 50:30:20 Index Fund - Direct Plan - Growth Option,Tata Mutual Fund,Other Scheme - Index Funds,Direct,11.7037,01-Oct-2026,0.39,0.56,2.58,,,16.74,,-20.04,62.1,130,,265,,30,INF277KA1BM1
152590,Tata Nifty500 Multicap India Manufacturing 50:30:20 Index Fund - Regular Plan - Growth Option,Tata Mutual Fund,Other Scheme - Index Funds,Regular,11.521,01-Oct-2026,0.9,1.11,1.96,,,16.73,,-20.25,62.1,137,,276,,30,INF277KA1BJ7
152595,Tata Nifty500 Multicap Infrastructure 50:30:20 Index Fund - Direct Plan - Growth Option,Tata Mutual Fund,Other Scheme - Index Funds,Direct,10.3708,01-Oct-2026,0.39,0.57,-1.84,,,19.02,,-22.04,51.7,169,,265,,30,INF277KA1BS8
152596,Tata Nifty500 Multicap Infrastructure 50:30:20 Index Fund - Regular Plan - Growth Option,Tata Mutual Fund,Other Scheme - Index Funds,Regular,10.2043,01-Oct-2026,0.9,1.12,-2.44,,,19.01,,-22.29,51.7,176,,276,,30,INF277KA1BP4
153932,Zerodha BSE SENSEX Index Fund - Direct Plan - Growth Option,Zerodha Mutual Fund,Other Scheme - Index Funds,Direct,8.6776,01-Oct-2026,0.29,0.47,,,,,,,,,,,,11,INF0R8F01174
152157,Zerodha ELSS Tax Saver Nifty LargeMidcap 250 Index Fund - Direct Plan - Growth Option,Zerodha Mutual Fund,Other Scheme - Index Funds,Direct,13.5352,01-Oct-2026,0.25,0.34,-1.0,,,16.15,,-18.06,70.6,160,,265,,35,INF0R8F01026
153906,Zerodha Nifty 50 Index Fund - Direct Plan - Growth Option,Zerodha Mutual Fund,Other Scheme - Index Funds,Direct,8.9803,01-Oct-2026,0.1,0.27,-12.21,,,,,,,257,,265,,12,INF0R8F01158
152156,Zerodha Nifty LargeMidcap 250 Index Fund - Direct Plan - Growth Option,Zerodha Mutual Fund,Other Scheme - Index Funds,Direct,13.5071,01-Oct-2026,0.25,0.36,-1.08,,,16.15,,-18.09,70.6,164,,265,,35,INF0R8F01018
154321,Zerodha Nifty LargeMidcap250 Plus 8-13 Yr G-Sec 70:30 Index Fund - Direct Plan - Growth Option,Zerodha Mutual Fund,Other Scheme - Index Funds,Direct,9.729,01-Oct-2026,0.3,0.85,,,,,,,,,,,,6,INF0R8F01208
154306,Zerodha Nifty MidSmallcap400 50:50 Index Fund - Direct Plan - Growth Option,Zerodha Mutual Fund,Other Scheme - Index Funds,Direct,10.8052,01-Oct-2026,0.25,0.88,,,,,,,,,,,,6,INF0R8F01190
154109,Zerodha Nifty Short Duration G-Sec Index Fund - Direct Plan - Growth Option,Zerodha Mutual Fund,Other Scheme - Index Funds,Direct,1025.5792,01-Oct-2026,0.18,0.22,,,,,,,,,,,,9,INF0R8F01182
148490,SBI Children's Fund - Investment Plan - Direct Plan - Growth,SBI Mutual Fund,Solution Oriented Scheme - Children’s Fund,Direct,53.0802,01-Oct-2026,0.72,1.08,15.31,20.74,19.44,14.09,1.01,-12.98,66.7,1,1,11,9,61,INF200KA1R07
148489,SBI Children's Fund - Investment Plan - Regular Plan - Growth,SBI Mutual Fund,Solution Oriented Scheme - Children’s Fund,Regular,49.2819,01-Oct-2026,1.53,2.01,14.2,19.45,18.05,14.08,0.92,-13.13,66.7,1,1,11,9,61,INF200KA1Q99
120579,ICICI Prudential Children's Fund - Direct Plan - Growth,ICICI Prudential Mutual Fund,Solution Oriented Scheme - Children’s Fund,Direct,347.09,01-Oct-2026,1.2,2.32,-2.95,11.47,11.01,13.03,0.38,-14.76,63.3,9,2,11,9,61,INF109K01Y49
119719,SBI CHILDREN'S FUND - SAVINGS PLAN - Direct Plan - Growth,SBI Mutual Fund,Solution Oriented Scheme - Children’s Fund,Direct,131.2626,01-Oct-2026,0.74,0.91,9.96,11.46,10.56,4.7,1.06,-3.58,76.7,2,3,11,9,61,INF200K01QR6
101169,SBI CHILDREN'S FUND - SAVINGS PLAN - Regular Plan - Growth,SBI Mutual Fund,Solution Oriented Scheme - Children’s Fund,Regular,119.8814,01-Oct-2026,1.07,1.29,9.55,11.06,10.16,4.7,0.97,-3.63,76.7,2,2,11,9,61,INF200K01776
101127,ICICI Prudential Children's Fund - Regular Plan - Growth,ICICI Prudential Mutual Fund,Solution Oriented Scheme - Children’s Fund,Regular,312.9,01-Oct-2026,1.83,3.03,-3.67,10.64,10.2,13.02,0.32,-15.01,61.7,9,3,11,9,61,INF109K01605
146407,ADITYA BIRLA SUN LIFE BAL BHAVISHYA YOJNA - Direct Plan - GROWTH,Aditya Birla Sun Life Mutual Fund,Solution Oriented Scheme - Children’s Fund,Direct,22.39,01-Oct-2026,0.87,1.15,2.71,9.46,8.78,14.38,0.21,-18.32,60.0,5,4,11,9,61,INF209KB1E84
120285,LIC MF Children's Fund - Direct Plan - Growth,LIC Mutual Fund,Solution Oriented Scheme - Children’s Fund,Direct,37.4298,01-Oct-2026,1.39,2.16,4.8,8.4,7.43,13.65,0.14,-17.28,60.0,3,5,11,9,61,INF767K01FB1
146409,ADITYA BIRLA SUN LIFE BAL BHAVISHYA YOJNA - Regular Plan - GROWTH,Aditya Birla Sun Life Mutual Fund,Solution Oriented Scheme - Children’s Fund,Regular,19.82,01-Oct-2026,1.87,2.28,1.54,8.05,7.2,14.33,0.11,-18.72,58.3,4,4,11,9,61,INF209KB1E76
119066,HDFC Children's Fund - Direct Plan - Growth Option,HDFC Mutual Fund,Solution Oriented Scheme - Children’s Fund,Direct,315.588,01-Oct-2026,0.84,1.04,-1.43,8.0,9.8,10.03,0.15,-11.21,60.0,7,6,11,9,61,INF179KC1IX0
101271,LIC MF Children's Fund - Regular Plan - Growth,LIC Mutual Fund,Solution Oriented Scheme - Children’s Fund,Regular,33.2467,01-Oct-2026,2.09,2.9,3.93,7.51,6.63,13.64,0.07,-17.85,61.7,3,5,11,9,61,INF767K01048
100900,HDFC Children's Fund - Regular Plan - Growth Option,HDFC Mutual Fund,Solution Oriented Scheme - Children’s Fund,Regular,281.823,01-Oct-2026,1.5,1.82,-2.22,7.12,8.89,10.02,0.06,-11.51,60.0,8,6,11,9,61,INF179KC1IY8
120724,UTI Children's Equity Fund - Direct Plan - Growth,UTI Mutual Fund,Solution Oriented Scheme - Children’s Fund,Direct,85.3487,01-Oct-2026,1.1,1.38,-8.13,5.98,5.76,14.12,-0.04,-17.82,55.0,10,7,11,9,61,INF789F1AZV0
120771,UTI Children's Hybrid Fund - Direct Plan - Growth,UTI Mutual Fund,Solution Oriented Scheme - Children’s Fund,Direct,40.403,01-Oct-2026,1.27,1.52,-1.72,5.89,5.89,6.44,-0.09,-6.87,63.3,8,8,11,9,61,INF789F1AZR8
100678,UTI Children's Hybrid Fund - Regular Plan - Growth,UTI Mutual Fund,Solution Oriented Scheme - Children’s Fund,Regular,39.4395,01-Oct-2026,1.37,1.63,-1.87,5.69,5.69,6.43,-0.13,-6.92,63.3,7,7,11,9,61,INF789F1AZP2
102267,UTI Children's Equity Fund - Regular Plan - Growth,UTI Mutual Fund,Solution Oriented Scheme - Children’s Fund,Regular,75.9183,01-Oct-2026,1.9,2.25,-9.04,4.86,4.64,14.1,-0.12,-18.92,55.0,10,8,11,9,61,INF789F1AZT4
119312,Tata Childrens Fund - Direct Plan - Growth Option,Tata Mutual Fund,Solution Oriented Scheme - Children’s Fund,Direct,58.9776,01-Oct-2026,1.56,1.84,-11.04,3.24,5.5,14.37,-0.23,-21.21,55.0,11,9,11,9,61,INF277K01QW4
101491,Tata Childrens Fund - Regular Plan - Growth Option,Tata Mutual Fund,Solution Oriented Scheme - Children’s Fund,Regular,52.6478,01-Oct-2026,2.08,2.45,-11.55,2.68,4.88,14.37,-0.27,-21.88,53.3,11,9,11,9,61,INF277K01AJ5
153171,Baroda BNP Paribas Children's Fund - Direct Plan - Growth Option,Baroda BNP Paribas Mutual Fund,Solution Oriented Scheme - Children’s Fund,Direct,10.9394,01-Oct-2026,0.94,1.32,2.76,,,15.79,,-11.49,61.9,4,,11,,22,INF251K01UE9
153170,Baroda BNP Paribas Children's Fund - Regular Plan - Growth Option,Baroda BNP Paribas Mutual Fund,Solution Oriented Scheme - Children’s Fund,Regular,10.5986,01-Oct-2026,2.1,2.68,1.07,,,15.77,,-12.06,61.9,5,,11,,22,INF251K01UC3
119067,HDFC Children's Fund,HDFC Mutual Fund,Solution Oriented Scheme - Children’s Fund,Regular,45.8807,18-Oct-2017,1.5,1.82,,,,,,,,,,,,0,-
100899,HDFC Children's Fund,HDFC Mutual Fund,Solution Oriented Scheme - Children’s Fund,Regular,44.0722,18-Oct-2017,1.5,1.82,,,,,,,,,,,,0,-
152219,Union Children's Fund - Direct Plan - Growth Option,Union Mutual Fund,Solution Oriented Scheme - Children’s Fund,Direct,12.65,01-Oct-2026,1.11,1.47,0.4,,,14.88,,-16.15,69.7,6,,11,,34,INF582M01JK3
152217,Union Children's Fund - Regular Plan - Growth Option,Union Mutual Fund,Solution Oriented Scheme - Children’s Fund,Regular,12.21,01-Oct-2026,2.1,2.64,-0.65,,,14.89,,-16.65,69.7,6,,11,,34,INF582M01JI7
146349,ICICI Prudential Retirement Fund Pure Equity Plan - Direct Plan - Growth,ICICI Prudential Mutual Fund,Solution Oriented Scheme - Retirement Fund,Direct,37.44,01-Oct-2026,0.64,0.89,5.02,18.48,17.95,15.12,0.79,-16.13,66.7,3,1,22,21,61,INF109KC1TS2
146346,ICICI Prudential Retirement Fund Pure Equity Plan - Regular Plan - Growth,ICICI Prudential Mutual Fund,Solution Oriented Scheme - Retirement Fund,Regular,33.43,01-Oct-2026,1.75,2.15,3.66,16.86,16.35,15.11,0.69,-16.62,65.0,2,1,22,21,61,INF109KC1TQ6
146721,ICICI Prudential Retirement Fund Hybrid Aggressive Plan - Direct Plan - Growth,ICICI Prudential Mutual Fund,Solution Oriented Scheme - Retirement Fund,Direct,30.14,01-Oct-2026,0.73,1.23,5.05,16.4,14.28,12.74,0.78,-14.03,66.7,2,2,22,21,61,INF109KC1TW4
146575,Aditya Birla Sun Life Retirement Fund-The 30s Plan - Direct Plan - GROWTH,Aditya Birla Sun Life Mutual Fund,Solution Oriented Scheme - Retirement Fund,Direct,24.471,01-Oct-2026,0.97,1.35,11.88,15.1,11.52,14.51,0.59,-18.57,60.0,1,3,22,21,61,INF209KB1I23
146722,ICICI Prudential Retirement Fund Hybrid Aggressive Plan - Regular Plan - Growth,ICICI Prudential Mutual Fund,Solution Oriented Scheme - Retirement Fund,Regular,26.84,01-Oct-2026,1.86,2.5,3.63,14.76,12.67,12.72,0.65,-14.54,66.7,3,2,22,21,61,INF109KC1TU8
146577,Aditya Birla Sun Life Retirement Fund-The 30s Plan - Regular Plan - GROWTH,Aditya Birla Sun Life Mutual Fund,Solution Oriented Scheme - Retirement Fund,Regular,21.835,01-Oct-2026,2.1,2.64,10.4,13.6,10.0,14.49,0.49,-19.0,60.0,1,3,22,21,61,INF209KB1H99
150554,Union Retirement Fund - Direct Plan - Growth Option,Union Mutual Fund,Solution Oriented Scheme - Retirement Fund,Direct,16.59,01-Oct-2026,0.98,1.37,2.92,11.65,,13.51,0.38,-16.83,70.8,11,4,22,21,49,INF582M01IK5
119251,Tata Retirement Savings Fund-Progressive Plan - Direct Plan - Growth Option,Tata Mutual Fund,Solution Oriented Scheme - Retirement Fund,Direct,79.9318,01-Oct-2026,0.56,0.85,3.54,11.3,9.6,14.85,0.32,-17.58,60.0,8,5,22,21,61,INF277K01QO1
119255,Tata Retirement Savings Fund-Moderate Plan - Direct Plan - Growth Option,Tata Mutual Fund,Solution Oriented Scheme - Retirement Fund,Direct,77.9721,01-Oct-2026,0.59,0.85,3.64,10.86,9.59,12.66,0.34,-13.74,65.0,7,6,22,21,61,INF277K01QN3
150552,Union Retirement Fund - Regular Plan - Growth Option,Union Mutual Fund,Solution Oriented Scheme - Retirement Fund,Regular,15.68,01-Oct-2026,2.1,2.69,1.62,10.22,,13.48,0.28,-17.23,70.8,12,4,22,21,49,INF582M01IM1
146930,Aditya Birla Sun Life Retirement Fund-The 40s Plan - Direct Plan - GROWTH,Aditya Birla Sun Life Mutual Fund,Solution Oriented Scheme - Retirement Fund,Direct,20.751,01-Oct-2026,1.0,1.18,1.01,9.91,8.43,11.07,0.31,-10.62,58.3,16,7,22,21,61,INF209KB1I80
115942,Tata Retirement Savings Fund-Progressive Plan - Regular Plan - Growth Option,Tata Mutual Fund,Solution Oriented Scheme - Retirement Fund,Regular,64.6999,01-Oct-2026,1.74,2.21,2.07,9.7,7.98,14.84,0.22,-18.08,58.3,9,5,22,21,61,INF277K01FG0
146716,ICICI Prudential Retirement Fund Hybrid Conservative Plan - Direct Plan - Growth,ICICI Prudential Mutual Fund,Solution Oriented Scheme - Retirement Fund,Direct,19.9061,01-Oct-2026,0.79,1.05,4.53,9.39,8.43,4.45,0.65,-3.14,71.7,4,8,22,21,61,INF109KC1UA8
133568,Nippon India Retirement Fund- Wealth Creation Scheme - Direct Plan - Growth Option,Nippon India Mutual Fund,Solution Oriented Scheme - Retirement Fund,Direct,30.8679,01-Oct-2026,0.86,1.26,-4.04,9.33,9.81,14.54,0.19,-17.36,60.0,22,9,22,21,61,INF204KA1B72
115943,Tata Retirement Savings Fund-Moderate Plan - Regular Plan - Growth Option,Tata Mutual Fund,Solution Oriented Scheme - Retirement Fund,Regular,64.3994,01-Oct-2026,1.74,2.18,2.23,9.32,8.06,12.64,0.22,-14.24,60.0,8,6,22,21,61,INF277K01FH8
152102,BANDHAN RETIREMENT FUND - Direct Plan - Growth,Bandhan Mutual Fund,Solution Oriented Scheme - Retirement Fund,Direct,12.678,01-Oct-2026,0.73,0.96,-1.67,8.78,,9.45,0.24,-9.15,65.7,21,10,22,21,36,INF194KB1GU2
148685,SBI Retirement Benefit Fund - Aggressive Hybrid Plan - Direct Plan - Growth,SBI Mutual Fund,Solution Oriented Scheme - Retirement Fund,Direct,20.1843,01-Oct-2026,0.9,1.18,1.69,8.6,10.42,11.22,0.19,-13.64,68.3,13,11,22,21,61,INF200KA1S97
146929,Aditya Birla Sun Life Retirement Fund-The 40s Plan - Regular Plan - GROWTH,Aditya Birla Sun Life Mutual Fund,Solution Oriented Scheme - Retirement Fund,Regular,18.564,01-Oct-2026,2.09,2.42,-0.32,8.42,6.93,11.06,0.17,-11.13,58.3,17,7,22,21,61,INF209KB1I56
133565,Nippon India Retirement Fund- Wealth Creation Scheme - Regular Plan - Growth Option,Nippon India Mutual Fund,Solution Oriented Scheme - Retirement Fund,Regular,27.0916,01-Oct-2026,1.68,2.23,-4.94,8.3,8.75,14.53,0.12,-17.68,60.0,22,8,22,21,61,INF204KA1B64
120766,UTI Retirement Fund - Direct Plan - Growth,UTI Mutual Fund,Solution Oriented Scheme - Retirement Fund,Direct,53.5827,01-Oct-2026,0.94,1.16,0.63,8.18,8.32,6.31,0.27,-5.91,65.0,17,12,22,21,61,INF789F1AA64
146717,ICICI Prudential Retirement Fund Hybrid Conservative Plan - Regular Plan - Growth,ICICI Prudential Mutual Fund,Solution Oriented Scheme - Retirement Fund,Regular,18.0124,01-Oct-2026,1.84,2.26,3.28,8.14,7.23,4.45,0.37,-3.46,71.7,4,9,22,21,61,INF109KC1TY0
146940,Aditya Birla Sun Life Retirement Fund-The 50s Plan - Direct Plan - GROWTH,Aditya Birla Sun Life Mutual Fund,Solution Oriented Scheme - Retirement Fund,Direct,16.5498,01-Oct-2026,0.54,0.63,3.75,7.62,6.78,4.15,0.27,-3.47,68.3,6,13,22,21,61,INF209KB1J48
148683,SBI Retirement Benefit Fund - Aggressive Plan - Direct Plan - Growth,SBI Mutual Fund,Solution Oriented Scheme - Retirement Fund,Direct,20.845,01-Oct-2026,0.84,1.13,-0.79,7.61,10.45,13.75,0.08,-16.82,61.7,19,14,22,21,61,INF200KA1S55
100682,UTI Retirement Fund - Regular Plan - Growth,UTI Mutual Fund,Solution Oriented Scheme - Retirement Fund,Regular,49.3228,01-Oct-2026,1.36,1.63,0.08,7.52,7.63,6.31,0.16,-6.03,65.0,15,10,22,21,61,INF789F1AA56
148695,SBI Retirement Benefit Fund - Aggressive Hybrid Plan - Regular Plan - Growth,SBI Mutual Fund,Solution Oriented Scheme - Retirement Fund,Regular,18.9315,01-Oct-2026,1.74,2.16,0.69,7.49,9.21,11.21,0.09,-14.01,61.7,14,11,22,21,61,INF200KA1S71
119256,Tata Retirement Savings Fund-Conservative Plan - Direct Plan - Growth Option,Tata Mutual Fund,Solution Oriented Scheme - Retirement Fund,Direct,38.1459,01-Oct-2026,0.85,1.06,3.22,7.24,6.37,5.05,0.15,-4.39,66.7,10,15,22,21,61,INF277K01QM5
152103,BANDHAN RETIREMENT FUND - Regular Plan - Growth,Bandhan Mutual Fund,Solution Oriented Scheme - Retirement Fund,Regular,12.071,01-Oct-2026,2.1,2.55,-3.26,7.04,,9.43,0.06,-9.66,65.7,21,12,22,21,36,INF194KB1GN7
118548,Franklin India Retirement Fund - Direct Plan - Growth,Franklin Templeton Mutual Fund,Solution Oriented Scheme - Retirement Fund,Direct,236.716,01-Oct-2026,1.21,1.51,-0.91,7.04,6.78,5.83,0.09,-5.65,66.7,20,16,22,21,61,INF090I01JZ3
148690,SBI Retirement Benefit Fund - Conservative Hybrid Plan - Direct Plan - Growth,SBI Mutual Fund,Solution Oriented Scheme - Retirement Fund,Direct,16.1114,01-Oct-2026,1.02,1.27,1.38,6.51,7.48,6.34,0.0,-6.48,70.0,15,17,22,21,61,INF200KA1T70
146727,ICICI Prudential Retirement Fund Pure Debt Plan - Direct Plan - Growth,ICICI Prudential Mutual Fund,Solution Oriented Scheme - Retirement Fund,Direct,17.1729,01-Oct-2026,1.04,1.22,4.08,6.49,5.86,1.56,-0.01,-0.8,86.7,5,18,22,21,61,INF109KC1UE0
148698,SBI Retirement Benefit Fund - Aggressive Plan - Regular Plan - Growth,SBI Mutual Fund,Solution Oriented Scheme - Retirement Fund,Regular,19.4434,01-Oct-2026,1.67,2.09,-1.8,6.45,9.15,13.73,-0.0,-17.2,60.0,20,13,22,21,61,INF200KA1S30
148688,SBI Retirement Benefit Fund - Conservative Plan - Direct Plan - Growth,SBI Mutual Fund,Solution Oriented Scheme - Retirement Fund,Direct,14.908,01-Oct-2026,0.79,0.98,2.35,6.36,6.8,4.23,-0.03,-4.21,73.3,12,19,22,21,61,INF200KA1T39
100536,Franklin India Retirement Fund - Regular Plan - Growth,Franklin Templeton Mutual Fund,Solution Oriented Scheme - Retirement Fund,Regular,214.0576,01-Oct-2026,1.84,2.24,-1.65,6.23,5.97,5.82,-0.05,-5.9,66.7,19,14,22,21,61,INF090I01510
146938,Aditya Birla Sun Life Retirement Fund-The 50s Plan - Regular Plan - GROWTH,Aditya Birla Sun Life Mutual Fund,Solution Oriented Scheme - Retirement Fund,Regular,14.9212,01-Oct-2026,1.68,1.96,2.37,6.19,5.37,4.15,-0.07,-3.87,63.3,6,15,22,21,61,INF209KB1J14
133569,Nippon India Retirement Fund- Income Generation Scheme - Direct Plan - Growth Option,Nippon India Mutual Fund,Solution Oriented Scheme - Retirement Fund,Direct,22.8686,01-Oct-2026,0.83,0.98,-0.26,6.14,5.79,5.17,-0.07,-4.76,65.0,18,20,22,21,61,INF204KA1C30
115944,Tata Retirement Savings Fund-Conservative Plan - Regular Plan - Growth Option,Tata Mutual Fund,Solution Oriented Scheme - Retirement Fund,Regular,32.1215,01-Oct-2026,1.83,2.17,2.01,5.99,5.12,5.05,-0.1,-4.81,65.0,10,16,22,21,61,INF277K01FI6
148692,SBI Retirement Benefit Fund - Conservative Hybrid Plan - Regular Plan - Growth,SBI Mutual Fund,Solution Oriented Scheme - Retirement Fund,Regular,15.5832,01-Oct-2026,1.45,1.77,0.87,5.97,6.89,6.33,-0.08,-6.59,70.0,13,17,22,21,61,INF200KA1T54
148696,SBI Retirement Benefit Fund - Conservative Plan - Regular Plan - Growth,SBI Mutual Fund,Solution Oriented Scheme - Retirement Fund,Regular,14.5013,01-Oct-2026,1.19,1.45,1.88,5.87,6.29,4.23,-0.15,-4.32,68.3,11,18,22,21,61,INF200KA1T13
146943,Aditya Birla Sun Life Retirement Fund-The 50s Plus-Debt Plan - Direct Plan - GROWTH,Aditya Birla Sun Life Mutual Fund,Solution Oriented Scheme - Retirement Fund,Direct,14.9137,01-Oct-2026,0.78,0.92,3.49,5.8,4.98,1.61,-0.43,-1.77,85.0,9,21,22,21,61,INF209KB1K03
146726,ICICI Prudential Retirement Fund Pure Debt Plan - Regular Plan - Growth,ICICI Prudential Mutual Fund,Solution Oriented Scheme - Retirement Fund,Regular,15.6465,01-Oct-2026,1.84,2.14,3.12,5.48,4.85,1.56,-0.65,-0.89,83.3,5,19,22,21,61,INF109KC1UC4
133572,Nippon India Retirement Fund- Income Generation Scheme - Regular Plan - Growth Option,Nippon India Mutual Fund,Solution Oriented Scheme - Retirement Fund,Regular,19.8232,01-Oct-2026,1.79,2.11,-1.34,5.0,4.65,5.17,-0.29,-5.63,63.3,18,20,22,21,61,INF204KA1C22
146941,Aditya Birla Sun Life Retirement Fund-The 50s Plus-Debt Plan - Regular Plan - GROWTH,Aditya Birla Sun Life Mutual Fund,Solution Oriented Scheme - Retirement Fund,Regular,13.5659,01-Oct-2026,1.81,2.05,2.33,4.62,3.75,1.6,-1.17,-1.99,81.7,7,21,22,21,61,INF209KB1J71
152537,PGIM India Retirement Fund - Direct Plan - Direct Growth,PGIM India Mutual Fund,Solution Oriented Scheme - Retirement Fund,Direct,12.26,01-Oct-2026,0.85,1.15,1.41,,,16.12,,-15.02,58.6,14,,22,,30,INF663L01Y61
152538,PGIM India Retirement Fund - Regular Plan - Regular Growth,PGIM India Mutual Fund,Solution Oriented Scheme - Retirement Fund,Regular,11.78,01-Oct-2026,2.1,2.62,-0.17,,,16.1,,-15.63,58.6,16,,22,,30,INF663L01Y46
147826,Axis Retirement Fund - Dynamic Plan - Direct Plan - Growth Option,Axis Mutual Fund,Solution Oriented Schemes ** - Retirement Fund,Direct,20.84,01-Oct-2026,1.07,1.35,-1.93,10.78,7.42,12.85,0.33,-15.09,61.7,4,1,7,6,61,INF846K01T28
147825,Axis Retirement Fund - Aggressive Plan - Direct Plan - Growth Option,Axis Mutual Fund,Solution Oriented Schemes ** - Retirement Fund,Direct,19.45,01-Oct-2026,1.0,1.27,-2.06,9.88,6.27,12.11,0.28,-16.1,61.7,5,2,7,6,61,INF846K01S86
147828,Axis Retirement Fund - Dynamic Plan - Regular Plan - Growth Option,Axis Mutual Fund,Solution Oriented Schemes ** - Retirement Fund,Regular,18.75,01-Oct-2026,2.1,2.57,-3.15,9.38,5.85,12.84,0.22,-15.63,61.7,4,1,7,6,61,INF846K01T44
147823,Axis Retirement Fund - Aggressive Plan - Regular Plan - Growth Option,Axis Mutual Fund,Solution Oriented Schemes ** - Retirement Fund,Regular,17.58,01-Oct-2026,2.05,2.5,-3.25,8.48,4.79,12.12,0.16,-17.18,58.3,5,2,7,6,61,INF846K01T02
136094,HDFC Retirement Fund - Equity Plan - Direct Plan - Growth Option,HDFC Mutual Fund,Solution Oriented Schemes ** - Retirement Fund,Direct,52.939,01-Oct-2026,0.74,0.92,-6.71,8.13,11.18,12.62,0.13,-14.8,61.7,7,3,7,6,61,INF179KB1MF0
136090,HDFC Retirement Fund - Equity Plan - Regular Plan - Growth Option,HDFC Mutual Fund,Solution Oriented Schemes ** - Retirement Fund,Regular,46.185,01-Oct-2026,1.55,1.88,-7.64,7.0,9.95,12.6,0.04,-15.17,61.7,7,3,7,6,61,INF179KB1MG8
147830,Axis Retirement Fund - Conservative Plan - Direct Plan - Growth Option,Axis Mutual Fund,Solution Oriented Schemes ** - Retirement Fund,Direct,17.0857,01-Oct-2026,1.07,1.27,-1.25,6.75,5.66,6.47,0.04,-6.22,58.3,3,4,7,6,61,INF846K01T69
136464,HDFC Retirement Fund - Hybrid-Equity Plan - Direct Plan - Growth Option,HDFC Mutual Fund,Solution Oriented Schemes ** - Retirement Fund,Direct,40.904,01-Oct-2026,0.92,1.11,-6.18,6.56,8.55,9.95,0.01,-11.61,61.7,6,5,7,6,61,INF179KB1MH6
136465,HDFC Retirement Fund - Hybrid-Debt Plan - Direct Plan - Growth Option,HDFC Mutual Fund,Solution Oriented Schemes ** - Retirement Fund,Direct,24.4381,01-Oct-2026,0.99,1.35,0.21,6.33,6.78,4.05,-0.04,-3.72,66.7,2,6,7,6,61,INF179KB1MJ2
147832,Axis Retirement Fund - Conservative Plan - Regular Plan - Growth Option,Axis Mutual Fund,Solution Oriented Schemes ** - Retirement Fund,Regular,15.4568,01-Oct-2026,1.83,2.16,-2.16,5.49,4.22,6.45,-0.16,-6.75,55.0,3,4,7,6,61,INF846K01T85
136463,HDFC Retirement Fund - Hybrid-Equity Plan - Regular Plan - Growth Option,HDFC Mutual Fund,Solution Oriented Schemes ** - Retirement Fund,Regular,35.569,01-Oct-2026,1.81,2.13,-7.19,5.36,7.28,9.94,-0.11,-11.95,60.0,6,5,7,6,61,INF179KB1MI4
136466,HDFC Retirement Fund - Hybrid-Debt Plan - Regular Plan - Growth Option,HDFC Mutual Fund,Solution Oriented Schemes ** - Retirement Fund,Regular,21.3918,01-Oct-2026,1.85,2.33,-0.83,5.17,5.56,4.05,-0.33,-3.97,65.0,2,6,7,6,61,INF179KB1MK0
152628,Baroda BNP Paribas Retirement Fund - Direct Plan - Growth Option,Baroda BNP Paribas Mutual Fund,Solution Oriented Schemes ** - Retirement Fund,Direct,11.6082,01-Oct-2026,0.9,1.18,2.88,,,12.63,,-11.6,67.9,1,,7,,29,INF251K01TJ0
152625,Baroda BNP Paribas Retirement Fund - Regular Plan - Growth Option,Baroda BNP Paribas Mutual Fund,Solution Oriented Schemes ** - Retirement Fund,Regular,11.17,01-Oct-2026,2.1,2.57,1.44,,,12.61,,-12.32,67.9,1,,7,,29,INF251K01TH4
