Symbol,Name,PE Ratio,Sector PE,PB Ratio,Sector PB,PEG Ratio,EV/EBITDA,ROA %,ROE %,ROCE %,ROE 3Y Avg %,ROCE 3Y Avg %,Net Profit (Cr),Net Profit Prev (Cr),Debt/Equity,Interest Coverage,Net Profit Margin %,EPS Current,EPS Last Year,EPS Growth 3Y %,Sales Growth 1Y %,Sales Growth 3Y %,Profit Growth 1Y %,Profit Growth 3Y %,Free Cash Flow (Cr),Dividend Yield %,Dividend Payout %,Promoter Holding %,Pledge %,FII Change %,DII Change %
360ONE.NS,360 ONE,33.89,19.01,4.32,2.19,1.49,19.03,5.18,14.39,12.12,18.25,13.83,1216.17,1015.3,1.62,2.34,27.2,31.11,29.94,17.45,36.82,29.53,19.48,22.72,-3016.57,1.15,40.07,6.2,0,-4.78,5.95
3MINDIA.NS,3M India,85.37,18.71,21.29,1.51,9.26,36,17.62,29.98,50.01,27.35,42.01,522.32,476.07,0.1,21.25,10.65,512.82,463.66,9.22,15.71,10.88,-11.22,9.22,456.75,0.48,109.18,75,0,-0.02,-0.18
AADHARHFC.NS,Aadhar Hsg. Fin.,16.61,12.72,2.52,1.73,0.66,12.55,4.38,15.94,11.38,16.85,11.39,1095.88,911.83,2.49,2.05,30.1,26.23,25.15,21.21,17.72,21.71,21.54,25.27,-2826.54,0,0,64.66,0,-0.33,0.77
AARTIDRUGS.NS,Aarti Drugs,20.24,34.89,2.53,4.13,3.73,13.29,7.23,13.36,12.03,13.3,13.37,194.94,168.1,0.37,7.72,7.6,20.95,21.36,5.94,10.54,-1.89,2.04,5.43,80.5,0.47,9.36,54.43,2.5,-0.05,0.07
AARTIIND.NS,Aarti Industries,33.11,28.46,2.9,2.83,-3.72,16.15,3.38,7.13,6.86,7.1,6.83,419.06,330.86,0.83,2.35,4.97,14.64,11.56,-8.9,26.99,7.78,122.25,-8.89,-340.37,0.21,8.65,41.82,3.49,-0.38,0.99
AARTIPHARM.NS,Aarti Pharma,38.53,34.89,3.9,4.13,-13.06,20.01,5.54,8.59,10.7,11.91,14.92,174.71,272.4,0.36,6.42,9.72,23.51,19.27,-2.96,1.2,-2.2,-19.21,-2.95,-186.38,0.38,18.16,42.86,11.08,-0.22,-0.18
AASTHA.NS,Aastha Spintex,14.13,18.39,0,1.7,0.08,8.24,7.74,16.84,18.98,20.62,20.96,23.74,23.5,0.67,3.79,5.36,3.75,3.75,168.32,26.05,22.76,1.02,181.88,4.98,0.13,13.33,53.21,0,0,0
AAVAS.NS,AAVAS Financiers,14.77,12.72,2.01,1.73,0.98,11.75,3.29,13.91,9.92,13.98,9.97,654.88,574.11,3.11,1.79,24.39,86.7,82.6,14.93,13.32,18.61,16.97,15.04,-1417.85,0,0,48.88,0,-0.46,0.01
ABB.NS,A B B,95.79,34.62,15.82,5.04,3.22,62.82,12.83,22.39,29.93,24.7,33.06,1668.26,1871.64,0.02,126.41,12.65,141,78.73,29.76,10.22,15.51,-13.03,29.76,979.89,0.56,50.01,75,0,-0.52,0.61
ABBOTINDIA.NS,Abbott India,35.22,34.89,11.9,4.13,1.99,24.24,24.91,34.35,44.8,34.94,45.69,1552.02,1414.44,0.04,87.06,22.32,759.87,730.39,17.66,6.29,9.01,11.18,17.66,1306.93,1.96,89.82,74.99,0,0.11,-0.16
ABCAPITAL.NS,Aditya Birla Cap,26.03,23.86,2.91,0.75,-3.93,15.31,1.27,12.04,8.72,12.46,9.3,3863.8,3381.89,5.22,1.46,8.58,15.04,14.75,-9.09,16.33,14.7,18.14,-6.63,-36905.48,0,0,68.81,0,0.93,-0.35
ABDL.NS,Allied Blenders,90.7,49.56,12.17,2.18,0.21,37.27,5.74,14.29,18.38,14.28,18.35,220.12,194.84,0.69,3.53,5.63,7.9,8.16,398.92,7.97,7.63,-7.15,422.08,16.07,0.75,66.15,80.91,0,0.01,0.25
ABFRL.NS,Aditya Bir. Fas.,0,42.2,0.99,4.04,0,11.94,-5.46,-13.63,-3.76,-13.95,-3.67,-829.89,-455.82,1.06,-0.76,-11.28,-6.38,-6.36,0,11.44,-13.01,-10.31,0,-295.18,0,0,46.61,0,-2.66,-0.93
ABLBL.NS,A B Lifestyle,44.12,42.2,6.67,4.04,0,8.4,2.35,14.87,15.02,0,15.02,171.05,59.6,2.14,1.77,2.38,1.44,1.4,0,9.07,0,31.53,0,896.28,0.65,35.68,46.6,0,-0.08,0.56
ABREL.NS,A B Real Estate,0,25.25,3.6,2.26,0,-53.22,-0.6,-2.64,-4.48,-1.25,-0.35,-114.82,-157.44,1.52,-4.8,-27.23,-10.41,-9.24,0,-55.45,-52.63,-249.75,0,660.67,0.21,-27.05,50.21,0,0.22,0.23
ABSLAMC.NS,Aditya AMC,28.31,33.5,7.06,6.55,1.58,21.03,22.91,25.15,32.23,26.42,34.21,975.07,930.6,0.02,270.6,47.52,34.87,33.76,17.78,6.59,15.08,3.86,17.89,765.89,2.58,75.53,74.72,0,-1.34,2.71
ACC.NS,ACC,11.99,28.24,1.11,1.78,0.38,7.49,8.02,10.86,11.25,12.59,15.32,2137.23,2402.27,0.02,17.48,8.18,101.64,113.8,31.47,11.55,5.34,-18.63,31.47,-2392.75,0.62,6.6,56.69,0,-0.1,-0.5
ACE.NS,Action Const.Eq.,33.04,30.95,7.18,5.26,0.87,22.35,13.87,22.81,31.63,26.64,38.01,415.1,409.24,0,32.23,12.6,36.69,34.86,38.09,5.21,14.95,3.34,38.09,330.49,0.16,136.67,65.42,0,-1.76,0.75
ACI.NS,Archean Chemical,61.63,28.46,3.08,2.83,-1.75,25.28,4.02,5.42,7.41,11.04,15.07,105.41,162.15,0.24,6.16,9.39,7.84,8.66,-35.34,-0.43,-9.14,-49.2,-35.27,-242.4,0.52,28.88,53.43,24.49,-0.09,-1.65
ACMESOLAR.NS,ACME Solar Hold.,52.07,20.49,5.24,1.79,0.35,17.44,2.16,10.44,8.91,8.46,8.59,497.89,250.82,3.93,1.66,24.65,9.41,8.23,63.18,47.52,16.04,45.44,149.89,-4070.57,0.05,0,71.4,0,0.79,12.05
ACUTAAS.NS,Acutaas Chemical,68.15,34.89,15.92,4.13,1.1,45.84,20.17,24.04,31.56,18.48,22.49,356.37,160.41,0.02,141.2,26.61,47.17,43.51,55.82,40.9,29.5,104.3,61.97,-35.81,0.08,5.75,32.66,0,2.13,-0.05
ADANIENSOL.NS,Adani Energy Sol,53.92,53.92,6.08,6.08,2.53,20.49,2.82,9.44,9.65,10.47,9.64,2392.75,921.69,1.93,2,8.52,24.3,19,18.33,20.91,27.56,21.81,21.29,-3435.12,0,0,73.39,0,-1.92,2.81
ADANIENT.NS,Adani Enterp.,161.49,110.57,4.52,4.52,0,26.1,-1.03,-3.38,5.8,2.41,8.38,9950.69,8004.99,1.32,1.56,-2.35,58.54,72.31,0,18.06,-7.64,-36.42,0,-30993.05,0.05,1.8,71.97,0.79,-0.29,4.05
ADANIGREEN.NS,Adani Green,105.21,20.49,10.19,1.79,6.07,24.13,1.74,11.4,7.39,13.36,8.58,1987,2001,5.19,1.29,17.03,10.83,10.03,15.82,10.98,18.38,4.37,17.34,-15857,0,0,62.43,0,0.74,0.26
ADANIPORTS.NS,Adani Ports,30.3,23.78,4.19,3.72,1.11,17.35,8.17,16.38,14.12,17.83,13.88,12782.03,11061.26,0.66,4.17,33.4,57.81,55.58,24.55,23.85,22.93,16.78,27.25,5074.04,0.43,13.49,66.03,0,2.33,-0.26
ADANIPOWER.NS,Adani Power,26.5,26.63,5.82,2.19,4.51,16.51,10.15,21.07,17.22,31.77,24,12971.08,12749.61,0.84,6.19,23.8,7.39,6.66,5.87,6.64,11.84,14.86,5.87,-2817.04,0,0,74.96,1.81,0.03,0.38
ADVANCE.NS,Advance Agrolife,15.99,20.29,2.52,2.36,0.48,9.44,7.23,17.18,19.62,24.03,28.59,35.28,25.64,0.32,9.13,5.55,8.67,5.49,-45.03,48.33,17.18,78.66,33.37,-109.16,0,0,69.89,0,1.24,0.16
ADVENZYMES.NS,Advanced Enzyme,20.1,50.42,1.94,5.46,1.61,11.74,9.26,10.16,13.96,10.28,14.08,173.61,133.98,0.02,91.09,21.39,14.82,15.07,12.43,12.17,11.32,15.13,12.46,104.85,1.89,35.5,43.25,0,1.2,-0.64
AEGISLOG.NS,Aegis Logistics,36.65,36.65,7.58,7.58,1.52,19.95,8.45,16.27,13.33,15.71,13.76,1106.63,787.42,0.69,12.97,12.85,35.65,25.59,24.14,30.35,-1.15,88.67,24.14,1212.25,0.67,34,58.1,0,-0.02,-0.07
AEGISVOPAK.NS,Aegis Vopak Term,122.15,68.55,7.71,4.67,0.08,52.98,4.51,11.02,7.56,12.04,8.21,341.92,224.84,0.87,3.99,37.05,2.44,2.8,76.55,26.06,37.73,42.89,1471.83,3.35,0.07,71.38,86.94,0,-0.54,0.41
AEQUS.NS,Aequs,0,78.38,11.74,9.08,0,119.06,-4.74,-9.96,1.69,-9.43,2.24,-113.25,-102.35,0.47,-0.09,-8.92,-2.57,-1.69,8.6,33.08,14.85,-73.7,-4.73,-439.87,0,0,59.09,0,1.27,-2.54
AEROPLANE.NS,A C J K Exports,16.84,15.79,0,2.37,0.2,10.43,5.63,15.85,15.7,14.96,13.3,103.3,60.82,0.82,3.09,4.52,13.59,9.98,-31.41,14.51,20.37,72.25,83.17,-167.52,0,0,78.78,0,-1.61,2.81
AETHER.NS,Aether Industri.,96.15,28.46,9.4,2.83,4.72,57.13,7.74,9.66,11.92,7.91,9.86,219.46,158.42,0.19,17.92,19.5,17.73,16.54,17.83,34.44,21.23,30.35,20.35,-480.93,0,0,74.92,0,1.13,-2.17
AFCONS.NS,Afcons Infrastr.,45.19,15.21,1.7,1.7,-4.1,8.49,1.65,5.61,13.91,9.64,18.88,250.74,486.79,0.67,1.48,2.51,3.93,6.84,-48.33,-11.87,-1.85,-61.53,-11.01,-491.42,0.79,29.25,50.17,100,-0.04,-0.89
AFFLE.NS,Affle 3i,45.69,29.02,5.97,3.04,1.99,28.38,11.34,13.79,16.84,14.17,16.64,454.85,381.87,0,143.88,16.79,33.95,32.31,20.74,19.78,23.63,19.21,22.97,291.25,0,0,54.91,0,-1.29,0.87
AGARWALEYE.NS,Dr Agarwal's Hea,108.15,49.43,7.88,6.06,12.46,26.03,3.87,5.99,10.9,5.62,10.69,168.14,110.34,0.53,4.02,7.08,4.69,4.2,0,22.94,26.9,43.47,8.68,59.27,0,0,32.34,0,0.03,-0.11
AHCL.NS,Anlon Healthcare,58.08,34.89,8,4.13,0,39.26,10.47,18.36,20.77,0,20.77,29.08,20.52,0.19,12.37,16.91,0.54,0.54,0,42.96,0,38.94,0,-95.38,0,0,52.68,0,1.35,-3.37
AHLUCONT.NS,Ahluwalia Contr.,17.02,15.21,1.86,1.7,1.51,6.59,6.67,13.77,20.43,13.85,20.92,265.86,202.08,0.04,6.52,5.82,33.59,39.69,11.26,12,17.16,1.18,11.26,15.75,0.12,1.76,55.32,0,0.31,0
AIAENG.NS,AIA Engineering,28.25,29.36,4.47,3.95,4.25,20.37,15.51,16.99,21.12,16.93,20.99,1268.93,1060.08,0,54.92,28.71,135.69,136.11,7.02,5.63,-3.44,14.7,6.64,491.06,0.42,11.75,58.5,0,0.08,0.07
AIIL.NS,Authum Invest,22.25,20.24,3.2,1.73,0.22,20.32,11.25,13.16,13.63,27,27.99,1919.47,4248.11,0.23,10.86,75.91,24.65,22.6,99.92,-36.77,89.07,-48.91,99.92,1002.64,0.02,0,68.81,0,0.05,0.01
AJANTPHARM.NS,Ajanta Pharma,38.81,34.89,9.73,4.13,1.63,26.25,20.63,27.14,34.51,25.21,32.83,1056,920.39,0.06,107.44,20.7,90.84,84.52,24.9,20.19,13.37,22.04,23.85,169.44,0.91,33.24,63.49,22.53,-0.58,3.44
AKUMS.NS,Akums Drugs,41.3,34.89,3.8,4.13,1.45,15.82,5.67,8.45,14.94,9.89,11.18,256.4,343.78,0.05,5.66,6.19,18.53,16.21,24.54,9.18,6.05,-7.42,28.57,958.42,0.13,18,75.26,0,0.53,-0.92
ALIVUS.NS,Alivus Life,26.58,34.89,4.96,4.13,4.78,18.21,14.87,17.88,23.79,19.02,25.6,564.48,485.63,0.02,153.15,21.54,49.14,45.99,5.5,7.93,5.69,25.42,5.56,259,0.37,10.87,74.87,0,0.24,-0.09
ALKEM.NS,Alkem Lab,27.24,34.89,4.48,4.13,0.86,17.14,12.92,18.89,21.24,19.24,20.43,2351.16,2215.38,0.15,18.23,16.92,180.44,192.51,31.53,13.36,8.25,-0.05,31.53,1476.08,1.02,27.53,49.7,0,0.27,1.25
ALKYLAMINE.NS,Alkyl Amines,40.87,28.46,6,2.83,-5.08,24.03,9.77,12.27,16.64,12.84,17.25,180,186.11,0,240.52,11.73,44.03,35.19,-8.07,5.11,-3,20.63,-8.04,110.64,0.56,28.44,72.04,0,0.05,0.09
ALLTIME.NS,All Time Plastic,33.96,28.49,2.11,2.76,3.05,13.61,5.77,9,11.57,15.65,17.88,35.6,47.3,0.14,5.33,6.36,5.32,5.43,-71.98,4.68,11.24,-20.53,11.13,-46.33,0,0,70.15,0,0.05,0.07
ALOKINDS.NS,Alok Industries,0,18.39,0,1.7,0,215.15,-12.26,0,-3.95,0,-4.37,-744.11,-816.43,0,-0.2,-21.79,-1.43,-1.5,3.33,3.86,-19,18.6,3.33,298.47,0,0,75,0,-0.58,-0.01
ALPINETEX.NS,Alpine Texworld,8.6,18.39,0,1.7,0,6.59,7.24,34.61,17.86,0,17.86,21.72,8.62,2.46,2.75,6.34,8.18,8.18,0,44.41,0,150.12,0,-2.24,0,0,68.56,0,0,0
AMAGI.NS,Amagi Media Labs,121.41,29.02,6.9,3.04,4.01,74.73,3.8,10.33,8.02,0,-13.4,71.67,-68.71,0.02,22.43,4.77,5.48,3.31,26.01,29.5,30.3,204.57,30.3,-31.74,0,0,14.92,3.1,-0.2,0.1
AMBER.NS,Amber Enterp.,119.45,35.15,5.63,4.67,15.43,25.31,2.29,5.99,10.29,7.73,11.66,226.46,251.15,0.62,2.27,2.09,27.26,50.48,6.19,14.56,20.72,-24.97,7.74,-1047.91,0,0,38.09,0,-3.49,2.62
AMBUJACEM.NS,Ambuja Cements,19.71,28.24,1.56,1.78,0.92,13.37,6.98,8.85,5.61,9,9.75,5637.08,5294.08,0.01,15.22,14.65,17.84,19.13,12.92,7.07,1.45,3.82,21.47,-594.18,0.53,10.46,67.33,0,-0.24,-0.42
ANANDRATHI.NS,Anand Rathi Wea.,77.18,53.6,34.76,14.88,2.37,54.29,34.03,45.3,57.47,42.24,53.16,391.43,295.42,0.08,40.79,32.41,27.85,23.58,32.74,22.89,30.97,46.6,32.52,240.16,0.3,27.57,41.37,13.83,0.59,1.3
ANANTRAJ.NS,Anant Raj,37.83,25.25,3.78,2.26,0.71,28.3,9.24,11.15,12.07,10.24,10.6,559.2,426.1,0.12,63.33,22.26,16.26,15.42,48.33,16.97,37.94,25.67,53.6,-796.03,0.16,0,57.43,0,-0.14,-0.23
ANGELONE.NS,Angel One,24.73,19.01,4.16,2.19,20.27,8.27,4.49,15.59,14.77,25.1,26.42,915.1,1172.08,1.3,3.96,17.81,11.34,10.05,-1.71,9.09,19.61,3.84,1.22,-4222.16,1.45,246.36,28.59,0,0.95,1.46
ANNU.NS,Annu Projects,9.5,15.21,0,1.7,0.14,6.62,11.5,23.79,28.63,24.14,31.51,33.03,20.58,0.34,11.1,13.67,6.91,6.91,-36.68,33.98,23.23,60.3,65.63,-23.02,0,0,65.05,0,0,0
ANTHEM.NS,Anthem Bioscienc,80.74,50.42,15.71,5.46,3.88,50.15,19.48,22.28,30.37,21.21,27.68,591.79,451.26,0.02,131.79,28.59,10.25,10.54,21.45,-2.14,26.2,17.56,20.82,637.09,0.23,18.98,71.42,0,1.29,1.93
ANUP.NS,The Anup Enginee,38.02,34.45,4.73,4.73,1.3,23.24,11.74,17.1,21,0,21,110.39,118.3,0.16,12.27,13.55,42.28,55.11,28.82,1.38,25.97,-28.79,29.32,-50.56,0.74,21.77,40.92,0,-0.3,0.11
ANURAS.NS,Anupam Rasayan,77.41,28.46,4.09,2.83,-40.96,25.47,3.36,5.55,7.38,4.61,7.87,222.2,159.97,0.57,2.61,9.43,15.35,14.94,-3.76,51.76,13.87,41.51,-1.89,-219.68,0.13,10.04,59.07,21.79,0.81,0.03
APARINDS.NS,Apar Inds.,60,27.4,12.86,4.19,3.68,32.17,8.03,20.26,31.81,21.62,36.16,976.93,821.3,0.18,4.4,4.38,294.12,243.21,14.42,23.96,16.9,36.71,16.29,234.56,0.35,24.67,55.42,0,1.98,0.73
APLAPOLLO.NS,APL Apollo Tubes,49.83,22.47,11.52,1.99,2.13,30.94,14.7,25.41,31.75,22.29,26.43,1203.08,757.06,0.09,13.21,5.23,44.27,43.33,23.36,10.44,12.6,53.43,23.41,1453.25,0.39,19.62,28.25,0,-2.4,2.53
APLLTD.NS,Alembic Pharma,22.51,34.89,2.96,4.13,0.79,14.62,8.79,13.45,12.64,12.69,12.94,670.83,582.01,0.25,9.11,9.9,35.28,34.33,28.32,14.12,9.12,25.81,28.32,290.02,1.4,34.95,69.87,0,-0.09,-0.24
APOLLO.NS,Apollo Micro Sys,125.09,78.38,11.11,9.08,1.65,65.22,5.89,11.83,14.53,10.19,13.45,107.38,56.42,0.41,4.63,11.94,3.42,3.16,46.83,69.08,44.85,82.52,75.96,-357.38,0.06,7.91,49.98,30.51,3.96,-0.11
APOLLOHOSP.NS,Apollo Hospitals,60.55,49.43,13.44,6.06,1.88,31.67,9.01,21.15,17.45,17.87,16.45,2002.7,1505.1,0.9,7.27,7.65,145.32,135.04,32.17,17.2,14.94,33.69,32.17,924.8,0.23,14.81,28.02,2.49,-1.13,0.96
APOLLOTYRE.NS,Apollo Tyres,11.6,21.91,1.48,1.85,0.44,6.34,7.32,13.07,13.86,11.64,13.91,1372.42,1121.32,0.22,7.22,7.23,26.9,21.61,26.26,11.23,5.04,72.55,26.26,2312.48,1.54,27.77,36.93,0.01,-2.06,1.49
APTUS.NS,Aptus Value Hou.,12.08,12.72,2.35,1.73,0.52,9.97,7.76,20.11,15.41,18.77,15.05,942.94,751.25,1.56,2.91,43.01,19.66,18.83,23.08,21.14,26.1,23.27,23.3,-495.64,1.89,23.9,23.86,0,-0.38,0.47
ARCIL.NS,A R C I,13.2,23.84,0,2.32,1.87,10.08,6.23,9.77,14.05,10.33,15.7,315.49,310.13,0.32,13.84,43.71,10.82,10.82,7.06,24.05,-3.74,6.73,7.06,192.08,0,9.24,77.46,0,0,0
ARDEE.NS,Ardee Industries,19.03,23.3,0,5.28,0.17,12.1,27.18,80.93,49.08,72.41,31.44,84.68,33.27,1.25,5.72,7.28,3.32,3.32,-76.86,57.21,41.54,155.43,114.84,17.57,0,0,67.62,0,0,0
ARE&M.NS,Amara Raja Ener.,18.07,29.28,1.74,3.69,-3.12,8.7,6.08,8.26,13.43,11.06,16.31,970.43,963.9,0.05,26.84,4.74,53.5,53.02,-7.94,12.81,9.25,-6.15,-5.8,588.2,1.37,19.99,32.86,0,0.03,-1.64
ARSSBL.NS,Anand Rathi Shar,21.43,19.01,2.32,2.19,0.43,1.13,2.52,14.17,19.82,18.36,20.86,131.82,103.82,0.62,2.05,14.15,21.02,21.02,2.76,17.09,25.81,53.07,50.01,726.56,1,23.79,69.62,6.15,-0.67,-0.92
ARVIND.NS,Arvind Ltd,33.65,26.64,3.52,2.39,5.74,14.26,5.18,10.79,14.72,9.9,13.61,426.97,367.38,0.41,4.64,4.68,15.8,15.79,5.77,15.21,3.53,19.39,5.86,381.2,0.83,28.5,38.09,7.24,-0.22,2.74
ARVINDFASN.NS,Arvind Fashions.,42.2,42.2,5.86,4.04,0.8,8.9,4.99,14.07,19.55,6.3,16.82,183.66,32.98,1.42,2.61,3.8,8.95,9.17,52.6,13.94,8.97,666.17,52.92,296,0.39,17.45,35.1,8.31,0.18,0.36
ASAHIINDIA.NS,Asahi India Glas,53.31,29.28,6.05,3.69,-27.91,23.71,4.67,10.3,11.49,12.31,12.97,345.06,367.3,0.56,4.12,6.83,17.17,13.52,-3.45,10.32,7.43,37.04,-1.91,-139.09,0.21,14.79,51.58,3.36,0,-0.09
ASHAPURMIN.NS,Ashapura Minech.,11.7,16.22,2.91,2.2,0.23,8.45,9.75,28.05,20.72,27.02,18.84,416.47,289.07,0.88,4.86,8.03,42.59,42.02,48.45,62.64,41.95,18.75,50.6,184.48,0.4,4.76,48.04,0,-0.28,0.07
ASHOKA.NS,Ashoka Buildcon,4.57,15.21,0.47,1.7,-0.09,2.37,0.23,0.73,26.36,20.99,31.07,2575.8,1733.57,0.24,2.26,0.51,87.64,90.84,-51.09,-24.59,-2.45,-61.57,-51.09,547.19,0,0,54.47,0,-1.51,-0.37
ASHOKLEY.NS,Ashok Leyland,24.5,24.95,6.4,9.46,0.55,12.33,4.27,27.43,13.63,27.96,14.3,3720.98,3382.79,4.49,2.13,6.91,5.92,5.91,44.91,16.5,10.59,16.59,44.92,-7711.63,2.25,59.23,51.51,40.1,-3.9,2.69
ASIANPAINT.NS,Asian Paints,47.58,34.48,10.86,4.48,19.58,28.72,13.91,21.79,26.34,24.34,29.85,4394.69,3709.71,0.18,34.95,12.68,49.68,45.09,2.43,9.78,1.05,26.67,2.43,5604.06,1.14,60.98,52.63,9.54,1.21,-1.04
ASKAUTOLTD.NS,ASK Automotive,40.53,29.28,9.78,3.69,1.19,22.84,13.2,25.13,25.42,25.28,25.75,297.32,247.62,0.52,8.73,7.08,16.05,15.08,34.1,27.91,17.79,23.18,34.1,-175.29,0.28,12.33,74.95,0,0.21,0.72
ASTERDM.NS,Aster DM Quality,180.52,49.43,9.22,6.06,-147.97,63.4,6.14,11.28,11.57,6.3,8.92,427.1,5407.89,0.62,6.3,9.7,6.15,7.49,-2.42,15.7,15.75,2.06,-1.22,179.1,0.4,40.05,53.72,18.17,-6.86,-11.09
ASTRAL.NS,Astral,62.29,21.42,9.07,2.26,11.2,31.23,9.78,13.85,19.22,15.3,20.69,534.7,518.9,0.06,14.92,8.06,21.43,19.97,5.55,16.79,8.39,22.27,5.56,660.7,0.29,12.53,54.22,0,-0.61,0.01
ASTRAMICRO.NS,Astra Microwave,79.79,78.38,11.48,9.08,1.98,42.77,10.05,15.99,20.28,15.12,19.25,192.97,153.51,0.22,5.93,16.59,19.91,20.32,36.14,4.02,12.55,16.28,40.37,304.12,0.15,11.81,6.54,0,3.18,0.67
ATGL.NS,Adani Total Gas,107.73,14.83,13.55,1.75,17.49,55.76,7.43,14.06,15.09,16.64,17.82,636.88,648.02,0.47,6.85,10.8,5.53,5.79,6.16,19.58,10.23,-4.01,6.16,247.34,0.04,4.32,74.8,0,0.02,0.08
ATHERENERG.NS,Ather Energy,0,34.07,21.64,7.88,0,-407.05,-15.01,-33.41,-19.77,-83.98,-53.5,-517.17,-812.28,0.26,-3.83,-13.95,-10.22,-13.51,25.99,67.15,27.28,52.35,12.08,-473.83,0,0,39.58,0,-0.44,0.85
ATLANTAELE.NS,Atlanta Electric,56.83,34.62,13.35,5.04,1.76,31.82,17.08,31.71,45.28,34.2,46.93,201.77,118.65,0.05,6.4,10.95,28.28,26.24,-24.44,59.03,28.44,74.72,32.32,68.21,0,0,87.28,0,-0.48,0.45
ATUL.NS,Atul,22.16,28.46,2.83,2.83,2.57,12.6,9.3,11.49,14.9,9.23,12.28,689.39,498.83,0.03,64.29,11.01,270.17,230.25,8.72,15.75,4.95,59.14,8.63,850.95,0.5,13.04,45.33,0.97,-0.06,0.04
AUBANK.NS,AU Small Finance,26.21,13.88,3.73,1.23,1.15,17.29,1.51,14.25,7.66,13.92,7.92,2641.25,2105.93,8.34,1.38,14.2,38.2,35.3,18.18,17.32,31.45,30.77,22.81,1027.09,0.1,2.83,22.74,0,-1.29,1.51
AUGMONT.NS,Augmont Enterpri,27.33,27.33,0,8.18,0.27,18.01,22.34,50.93,68.52,52.52,64.92,348.3,227.19,0.02,155,0.37,39.99,39.99,-23.46,42.21,45.6,53.51,102.63,-43.23,0,0,81.91,0,0,0
AURIONPRO.NS,Aurionpro Sol.,16.93,19.69,2.04,3.66,0.56,11.04,10.12,13.21,16.29,15.33,18.97,211.79,188.42,0.03,20.59,15.35,36.9,37.88,21.98,14.76,28.87,7.52,30.05,-114.59,0.62,10.28,26.86,0,-0.27,0.22
AUROPHARMA.NS,Aurobindo Pharma,25.84,34.89,2.6,4.13,1.13,12.34,6.61,10.1,12.86,10.85,13.72,3502.97,3483.57,0.21,15.25,10.58,64.09,60.34,23.25,9.09,10.63,11.49,22.89,2467.95,0.24,6.63,51.88,13.75,1.14,-0.77
AVALON.NS,Avalon Tech,115.7,27.4,21.37,4.19,4.13,67.39,9.58,16.53,19.29,10.72,12.64,112.95,63.44,0.3,13.45,6.87,20.01,16.92,22.09,44.38,19.28,67.08,27.99,3.55,0,0,44.39,0,1.39,-1.45
AVANTIFEED.NS,Avanti Feeds,18.77,18.99,3.07,3.05,0.68,11.18,15.19,18.29,24.38,17.59,22.79,656.8,557.05,0,295.69,9.95,38.98,44.48,27.56,11.41,6.04,-7.06,27.56,426.65,1.35,22.47,43.23,0,-0.44,0.53
AVL.NS,Aditya Vision,54.87,42.2,11.16,4.04,2.4,29.8,8.83,18.71,17.08,20.65,19.32,116.92,105.5,0.83,5.53,4.45,10.77,9.05,20.04,26.52,26.42,30.26,22.91,39.49,0.21,13.8,47.14,0,-1.13,2.1
AWFIS.NS,AWFIS Space,21.04,18.57,3.24,1.96,0.4,4.68,2.62,14.01,13.17,0,11.75,70.85,67.87,2.72,1.46,4.74,11.86,9.9,0,23.29,39.91,69.78,52.95,405.77,0,0,17,0,0.57,-1.01
AWL.NS,AWL Agri Busine.,20.01,18.77,2.25,1.89,0.91,8.23,4.49,10.67,18.28,9.05,16.29,1044.89,1225.81,0.11,3.16,1.42,8.89,8.04,21.96,16.72,8.7,2.28,21.96,3104.03,0.55,12.38,56.94,0,-0.76,0.09
AXISBANK.NS,Axis Bank,13.59,13.81,1.7,1.31,0.39,17.9,1.47,13.12,6.24,15.64,6.8,26547.91,28190.8,7.47,1.45,20.03,89.39,84.89,34.13,5.58,14.87,-0.32,34.58,-10796.69,0.08,1.18,7.87,0,-2.13,-0.66
AXISCADES.NS,AXISCADES Tech.,243.58,78.38,10.98,9.08,3.79,63.58,6.12,11.48,15.4,10.76,14.34,72.07,75.29,0.53,2.88,6.83,8.55,16.92,61.15,3.64,12.15,-47.47,64.26,-135.07,0,0,58.03,9.53,0.29,0.33
AYE.NS,Aye Finance,16.87,20.24,1.58,1.73,0.32,9.27,2.74,9.24,11.38,11.7,12.76,193.63,171.27,2,1.56,10.67,10.52,7.85,-58.7,24.3,42.79,13.05,53.24,-1366.03,0,0,0,0,-2.96,1.36
AZAD.NS,Azad Engineering,126.45,34.62,11.5,5.04,0.84,63.59,6.58,9.09,11.92,9.49,14.97,133.57,86.54,0.31,6.23,22.15,21.52,20.58,-26.24,28.72,33.81,39.1,150.34,-691.45,0,0,55.84,0,-1.45,-1.39
BAJAJ-AUTO.NS,Bajaj Auto,25.57,34.07,7.93,7.88,1.21,18.12,16.21,29.15,28.24,26.27,29.94,10574.5,7324.73,0.58,12.6,16.88,420.8,384.41,21.62,36.91,19.94,55.23,21.12,1884.52,1.36,39.02,55.01,0.01,0.19,-0.93
BAJAJELEC.NS,Bajaj Electrical,0,35.15,2.28,4.67,0,14.71,-0.28,-0.72,2.89,4.4,9.13,-90.86,133.42,0.1,1.94,-0.27,-3.76,-7.87,0,-5.3,-3.01,-142.93,0,533.83,0.95,-38.1,62.7,0,-1.13,-0.06
BAJAJFINSV.NS,Bajaj Finserv,27.34,13.63,3.6,1.55,1.74,11.63,2.83,13.23,10.58,13.84,11.11,19669.47,17557.64,5.52,1.99,13.25,63.43,61.24,15.52,14.68,22.41,7.91,15.71,-56618.98,0.09,2.45,58.72,0,-0.33,0.35
BAJAJHFL.NS,Bajaj Housing,25.42,12.72,3.05,1.73,0.94,16.26,2.24,12.11,8.85,13.28,9.27,2560.34,2162.9,4.6,1.5,23.06,3.23,3.07,18.07,16.29,25.32,19.39,26.9,-19938.13,0,0,86.7,0,-0.09,-0.18
BAJAJHLDNG.NS,Bajaj Holdings,13.63,13.63,1.64,1.55,0.73,13.26,10.24,11.9,11,12.41,11.3,9788.92,6625.7,0,17438.17,732.37,795.8,865.89,18.56,30.15,29.06,27.18,18.56,4780.52,1.34,22.52,51.46,0,-0.15,0.18
BAJFINANCE.NS,Bajaj Finance,30,20.24,5.38,1.73,1.61,17.64,3.81,18.25,10.87,19.55,11.38,19332.36,16779.48,3.82,1.94,23.83,32.62,30.56,17.54,17.85,25.57,17.53,18.62,-66685.65,0.55,19.62,54.68,0,-1.13,1.2
BALAMINES.NS,Balaji Amines,34.18,28.46,3.53,2.83,-1.72,19.43,6.77,8.74,11.02,9.92,12.93,169.16,158.59,0.07,48.8,11.91,63,51.6,-19.82,11.08,-15.42,34.1,-19.82,-185.99,0.51,21.32,54.56,17.68,0.18,0.12
BALKRISIND.NS,Balkrishna Inds,29.65,21.91,3.8,1.85,28.24,16.43,6.17,9.66,11.18,13.24,14.66,1243.1,1654.96,0.38,14.25,9.52,72.71,64.3,1.05,9.78,3.51,-3.28,1.05,-749.35,0.74,24.88,58.3,0,-0.8,0.35
BALRAMCHIN.NS,Balrampur Chini,38.81,16.36,3.32,1.06,3.89,21.97,4.85,9.51,9.27,11.02,10.96,378.46,436.92,0.77,8.18,6.01,18.28,18.74,9.94,14.99,10.36,-11.31,9.97,-346.06,0.51,18.68,42.86,0,-1.1,1.42
BALUFORGE.NS,Balu Forge,22.37,29.36,3.77,3.95,0.25,17.45,16.69,19.56,22.72,22.23,27.96,258.89,203.86,0.1,17.83,23.38,22.75,21.33,65.9,19.7,50.22,18.18,88.04,-322.25,0.03,0.7,53.51,1.37,-0.99,0.06
BANCOINDIA.NS,Banco Products,17.64,29.28,5.05,3.69,0.73,11.25,15.56,30.23,30.91,29.66,30.08,481.68,391.8,0.36,31.74,11.59,34.57,33.68,24.01,21.65,18.66,11.39,24.02,266.79,3.87,23.76,67.88,0,-0.14,0.02
BANDHANBNK.NS,Bandhan Bank,21.63,13.81,1.14,1.31,-1.22,15.45,0.61,4.88,6.41,9.01,7.1,1223.56,2745.3,7.06,1.17,5.65,8.4,7.6,-17.68,-0.2,10.89,-34.11,-17.68,616.18,0.83,19.75,37.54,0,-3.43,5.14
BANKBARODA.NS,Bank of Baroda,5.33,7.32,0.7,0.92,0.53,17.21,1.01,12.7,5.63,14.76,6.08,20070.27,20865.26,10.89,1.33,14.94,35.12,38.38,10.03,4.91,12.57,13.52,10.03,31911.33,3.74,22.18,63.97,0,0.45,-0.59
BANKINDIA.NS,Bank of India,5.02,7.32,0.65,0.92,0.12,16.43,0.95,12.41,5.93,11.69,5.93,10309.25,9552.17,11.83,1.3,14.01,25.87,22.64,37.09,6.21,16.41,19.41,41.92,3907.41,3.58,20.54,73.38,0,-0.39,0
BATAINDIA.NS,Bata India,46.26,40.48,5.03,3,-2.38,11.28,4.43,10.62,12.74,13.86,15.51,134.2,330.66,0.87,2.83,4.79,11.37,10.44,-19.45,1.91,0.61,-20.66,-19.45,530.13,4,86.19,50.16,0,-0.05,-1.17
BAYERCROP.NS,Bayer Crop Sci.,22.55,20.29,5.56,2.36,42.55,14.34,12.59,23.7,29.14,23.43,29.28,689.2,568,0.03,48.52,12.14,162.9,153.35,0.53,-2.79,3.36,23.56,0.53,1014.4,4.09,97.72,71.44,0,0.08,-0.25
BBOX.NS,Black Box,48.56,29.02,10.8,3.04,0.6,23.3,7.13,25.66,21.56,34.55,27.39,217.52,204.78,0.9,2.88,4.15,12.99,12.25,76.98,12.2,0.18,4.15,80.29,11.8,0.13,8.16,69.95,0,1.43,0.42
BBTC.NS,The Bombay Burmah,7.97,42.49,1.4,4.84,0.25,2.77,17.45,18.66,32.98,18.8,32.14,2499.25,2199.36,0.23,26.64,12.17,184.91,178.1,31.31,6.63,5.53,9.81,31.31,2287.34,1.2,9.54,74.04,0,-0.02,-0.42
BDL.NS,Bharat Dynamics,78.38,78.38,9.64,9.08,12.89,45.59,3.22,10.19,13.86,13.92,19.25,420.34,549.65,0,214.31,17.21,14.21,11.47,6.09,-18.69,-0.64,-7.13,6.08,375.25,0.44,42.73,74.93,0,-0.33,0.56
BECTORFOOD.NS,Mrs Bectors,50.34,42.49,5.53,4.84,3.23,24.02,7.86,10.36,12.86,14.19,17.65,118.78,121.03,0.15,16.19,6.18,4.21,3.87,13.95,11.13,14.53,12.19,15.59,82.23,0.61,33.57,49.04,0,-2.33,0.76
BEL.NS,Bharat Electron,45.91,78.38,11.75,9.08,1.73,31.2,14.14,27.45,36.44,27.69,36.65,6062.26,5322.68,0,1267.64,21.85,8.41,8.29,26.52,19.83,15.9,11.75,26.52,559.94,0.65,30.15,51.14,0,-1.49,1.02
BELRISE.NS,Belrise Industri,48.66,29.28,4.35,3.69,2.25,21.15,6.7,12.59,13.85,13.12,13.33,478.4,332.48,0.24,5.87,6.4,5.51,5.38,0,12.22,11.75,33.74,21.63,206.92,0.22,10.23,61.14,0,3.23,2.96
BEML.NS,BEML Ltd,93.15,30.95,5.66,5.26,-36.53,45.33,2.11,4.78,7.66,8.62,12.82,141.36,292.52,0.11,5.77,3.2,21.43,17,-2.55,12.78,3.72,-40.29,-2.55,-208.05,0.86,100.91,54.03,0,-0.11,0.69
BERGEPAINT.NS,Berger Paints,43,34.48,7.63,4.48,4.51,25.54,11.82,17.31,21.55,20.04,24.65,1128.02,1182.81,0.09,30.24,9.53,10.43,9.66,9.53,5.22,3.98,5.08,9.54,1036.76,0.88,41.39,74.98,0,0.14,0.07
BHARATCOAL.NS,Bharat Coking,0,21.97,2.62,2,0,33.84,0.61,1.91,4.05,17.53,25.89,128.28,1240.19,0.39,-0.11,0.86,-0.25,0.28,-87.89,-14.28,2.63,-90.54,-43.77,-1238.83,0,0,90,0,0.21,-0.98
BHARATFORG.NS,Bharat Forge,94.85,29.28,9.77,3.69,2.85,32.39,5.4,11.99,12.61,12.22,12.56,1089.4,913.27,0.76,6.48,6.77,14.77,22.58,32.12,17.54,9.2,-1.52,33.3,373.57,0.43,37.64,43.12,0,1.03,0.24
BHARTIARTL.NS,Bharti Airtel,35.37,38.58,7.24,9.95,0.78,9.86,6.42,20.27,17.56,19.76,14.7,33822.8,37481.3,1.31,3.37,15.99,48.65,43.81,41.04,19.63,14.88,5.79,45.27,76683.4,1.35,54.78,50.07,0,-1.31,0.11
BHARTIHEXA.NS,Bharti Hexacom,38.58,38.58,9.95,9.95,0.84,14.6,8.87,25.95,21.37,21.67,17.6,1733.2,1493.6,0.86,5.07,18.17,36.48,34.66,15.66,7.87,12.45,28.63,45.73,3026.3,1.26,80.78,70,0,-0.11,0.04
BHEL.NS,B H E L,58.93,34.62,5.49,5.04,1.64,32.53,2.17,6.23,9.14,3.18,5.79,1600.26,533.9,0.31,5.55,4.69,6.99,4.6,36.04,27,13.08,739.36,36.04,5261.35,0.34,30.46,58.17,0,2.29,-1.58
BIKAJI.NS,Bikaji Foods,50.49,42.49,8.36,4.84,1.94,30.41,14.54,17.85,21.99,19.09,23.84,269.07,209.67,0.13,33.09,9.81,10.79,10.73,25.75,10.54,13.16,29.33,25.96,158.35,0.22,11.65,73.88,0,-0.07,0.23
BIOCON.NS,Biocon,84.26,34.89,1.79,4.13,-5.7,19.08,0.61,1.4,3.61,3.49,5.27,368.8,1429.4,0.45,1.95,2.2,3.35,2.38,-22.89,9.83,14.85,99.92,-14.77,82.3,0.13,21.02,44.68,0,0.62,-0.68
BIRET.NS,Brookfield India,52.25,68.51,1.3,1.9,0.97,17.55,1.62,2.75,5.36,1.72,5.12,536.75,159.95,0.85,1.8,18,7.24,6.42,17.78,34.53,35.4,105.31,54.02,2284.23,1.95,0,0,90,0,0
BIRLACORPN.NS,Birla Corpn.,11.6,28.24,0.88,1.78,0.09,6.24,3.89,7.83,9.78,6.42,8.63,557.58,295.22,0.46,3.89,5.83,71.91,72.41,134.45,3.9,3.61,35.4,134.45,483.17,1.49,17.26,62.9,0,-0.13,0.25
BLACKBUCK.NS,Blackbuck,63.81,39.45,7.69,9.65,1.74,43.4,10.28,12.25,12.76,13.42,-3.01,160.34,-8.66,0.04,31.21,24.98,9.3,8.82,26,49.01,54.82,-52.59,36.7,57.55,0,0,25,1.38,-0.98,3.55
BLEL.NS,Behari Lal Engg.,27.62,22.47,0,1.99,0.89,18.33,19.49,23.62,30.89,23.56,28.31,64.64,52.95,0.06,47.58,12.14,16.56,16.56,-38.72,5.12,4.86,23.69,30.96,1.15,0,0,70.84,0,0,0
BLS.NS,BLS Internat.,12.91,36.42,3.7,2.71,0.26,8.71,21.49,32.07,29.79,32.55,31.41,723.8,539.65,0.17,34.76,23.65,17.14,16.68,49.06,31.81,25.52,24.91,49.17,765.84,1.13,14.99,70.39,0,-2,0.11
BLUEDART.NS,Blue Dart Expres,34.77,25.8,6.34,2.22,-3.5,11.45,6.72,15.69,15.77,17.65,17.11,247.39,252.42,0.64,5.84,4.26,120.98,104.26,-9.94,9.23,5.89,30.8,-9.94,497.97,0.53,24.01,75,0,-0.07,-0.07
BLUEJET.NS,Blue Jet Health,44.92,34.89,7.11,4.13,3.04,30.12,15.77,19.35,26.07,23.59,31.94,247.82,305.2,0.03,51.82,25.45,13.54,14.29,14.78,-27.51,9.53,-34.49,14.78,114.69,0.22,8.4,73.15,0,-0.26,4.6
BLUESTARCO.NS,Blue Star,61.02,35.15,9.44,4.67,2.39,33.58,6.64,17.2,21.24,19.34,24.32,527.33,591.28,0.24,10.32,4.5,24.77,25.66,22.85,5.9,15.85,-0.92,25.56,-168.54,0.54,33.12,36.49,0,-1.05,0.46
BLUESTONE.NS,Bluestone Jewel,213.14,19.18,6.65,3.47,0,27.59,0.31,1.11,6.78,0,6.78,13.18,-221.84,1.1,1.25,0.54,3.71,0.97,0,40.02,0,128.59,0,-275.56,0,0,16.25,37.21,0.5,-1.42
BMWVENTLTD.NS,BMW Ventures,11.11,44.38,1.01,3.53,2.37,7.96,5.24,11.49,11.95,14.4,13.02,37.48,32.82,0.58,2.9,1.64,4.62,4.32,-40.61,18.53,4.18,20.38,4.69,-6.75,2.92,34.71,73.01,0,0,-0.1
BORORENEW.NS,Borosil Renew.,16.57,19.7,4.21,3.31,0.27,12.51,21.62,27.74,26.62,12,10.91,20.74,33.47,0.11,36.98,23.53,27.33,1.48,56.78,33.98,30.69,463.85,60.57,228.78,0,0,56.01,0,1.35,1
BOSCHLTD.NS,Bosch,58.87,29.28,9.34,3.69,4.36,38.31,9.96,14.57,21.54,15.32,21.09,2773.2,2015.2,0.01,113.71,10.42,801.24,940.27,13.5,13.63,10.3,6.49,13.5,1864.3,0.57,28.72,70.54,0,-0.12,0.12
BPCL.NS,B P C L,8.49,9.59,1.31,1.73,0.08,5.25,11.18,28.75,25.64,28.55,24.66,25843.45,13336.55,0.54,8.5,5.73,39.49,59.57,106.57,12.33,-1.28,-11.73,106.57,31476.2,5.79,28.93,52.98,0,-2.73,2.55
BRIGADE.NS,Brigade Enterpr.,27.92,25.25,2.79,2.26,0.8,13.43,3.04,10.47,10.54,12.47,12.18,724.76,680.47,0.93,3.34,12.87,21.31,19.76,32.5,4.81,18.26,-9.38,35.11,-1870.79,0.34,7.59,41.1,0,-1.12,0.72
BRIGHOTEL.NS,Brigade Hotel,31.04,26.77,2.2,2.2,0.43,11.09,5.55,11.22,12.85,0,13.43,64.59,23.66,0.32,3.42,12.32,1.79,1.54,26.17,7.6,14.45,117.62,72.56,-60.7,0,0,74.09,0,0.14,-0.2
BRITANNIA.NS,Britannia Inds.,45.45,42.49,23.18,4.84,6.01,31.18,27.31,53.52,56,54.45,52.64,2537.01,2177.86,0.27,31.92,13.24,108.11,105.18,7.56,6.63,5.52,18.7,7.56,2408.15,1.84,86.05,50.55,0,-2.23,2.06
BSE.NS,BSE,44.62,46.71,18.93,18.93,0.35,30.78,21.4,46.05,59.99,36.1,43.11,2487.25,1322.32,0,0,49.67,69.54,61.22,125.94,60.72,76.95,78.51,126.22,2589.15,0.32,16.34,0,0,1.9,-0.94
BSOFT.NS,Birlasoft Ltd,12.72,19.69,1.84,3.66,0.71,7.33,10.97,14.06,21.15,16.93,23.95,518.36,516.76,0.03,48.12,10.05,20.52,18.55,17.34,1.35,3.46,26.11,18,440.95,2.4,35.05,40.38,0,-0.86,-1.37
CAMPUS.NS,Campus Activewe.,41.9,40.48,7.12,3,4.83,20.76,10.62,18,21.22,16.86,19.34,150.09,121.18,0.26,9.57,8.44,5.04,4.91,8.57,13.71,6.13,30.53,8.68,45.77,0.71,30.54,72.08,0,-0.04,-0.21
CAMS.NS,Cams Services,37.88,39.22,14.19,9.12,2.34,24,27.63,36.96,48.27,39.82,50.93,437.1,441.02,0.04,109.63,29.37,18.31,17.63,15.7,5.19,15,2.12,16.17,446.69,1.81,70.92,0,0,0.44,1.48
CANBK.NS,Canara Bank,5.51,7.32,0.89,0.92,0.31,15.88,1.09,16.08,6.52,17.17,6.64,19711.59,17691.9,14.28,1.28,15.65,21.89,19.7,17.89,3.11,13.74,7.47,17.89,6652.18,3.48,21.32,62.93,0,-1.56,1
CANFINHOME.NS,Can Fin Homes,8.69,12.72,1.64,1.73,0.42,12.08,2.56,19.66,9.14,18.94,9.24,1085.75,857.17,6.4,1.53,25.75,84.84,81.54,20.47,8.18,15.43,28.17,20.47,-2986.52,2.03,18.4,29.99,0,-0.14,-0.08
CANHLIFE.NS,Canara HSBC,106.83,62.49,8.59,7.25,9.24,96.08,0.28,8.11,8.35,8.08,8.67,126.61,116.98,0.15,0,1.1,1.38,1.33,11.56,9.07,11.06,7.91,11.56,3523.47,0.27,30.01,62,0,-0.25,-0.12
CAPILLARY.NS,Capillary Tech.,88.99,32.47,4.47,1.92,2.89,31.84,2.19,2.95,3.42,-2.31,-2.42,52.39,13.28,0.05,10.21,3.19,5.31,6.6,29.22,22.79,31.55,321.76,30.78,110.6,0,0,51.45,0,-0.09,0.78
CAPLIPOINT.NS,Caplin Point Lab,32.6,34.89,6.44,4.13,1.75,23.08,17.52,20.87,24.24,22.32,25.52,649.73,541.09,0.07,959.58,29.02,87.53,84.36,18.59,15.01,14.25,17.73,18.64,275.11,0.28,9.48,70.57,0,-0.39,0.35
CARBORUNIV.NS,Carborundum Uni.,94.81,70.2,6.1,6.38,-6.94,32.44,4.67,6.92,10.52,10.79,15.59,167.79,298.71,0.11,22.34,4.42,10.99,10.22,-13.75,10.14,3.81,-13.89,-13.66,59.91,0.32,39.13,38.9,0,0.4,-0.4
CARTRADE.NS,Cartrade Tech,58.82,47.07,5.55,5.55,0.66,38.12,8.68,9.65,11.82,5.63,7.87,243.51,145.26,0.06,26.08,31.81,48.37,46.58,87.29,19.97,28.91,53.38,88.66,230.63,0,0,0,0,-5.78,3.56
CASTROLIND.NS,Castrol India,18.45,10.81,10.42,2.3,3.21,12.1,27.26,45.86,60.27,43.4,57.38,949.93,927.23,0.03,185.79,16.75,10.74,9.6,5.75,11.84,6.22,12.79,5.75,995.89,4.35,91.11,51,0,-0.31,-0.57
CCAVENUE.NS,AvenuesAI,18.1,53.76,1.13,3.37,0.61,10.33,4.7,6.64,7.72,6.05,7.57,294.9,236.02,0.09,14.38,3.67,0.89,0.8,28.14,110.17,60.52,38.5,29.88,195.84,0,0,27.29,0,0.19,-0.04
CCL.NS,CCL Products,31.8,17.37,5.88,0.97,2.88,19.13,9.08,18.04,15.85,17.07,13.79,388.1,310.34,0.56,5,8.73,32.39,29.07,10.92,35.83,29.11,38.94,11.05,788.49,0.56,19.79,46.14,0,0.83,-0.33
CDSL.NS,C D S L,57.16,39.22,13.75,9.12,3.09,38.66,19.88,24.53,31.98,29.15,38.04,455.07,526.33,0,3903.94,39.77,22.55,21.82,18.47,8.78,27.29,-4.75,18.47,346.4,0.99,58.42,15,0,-3.12,0.77
CEATLTD.NS,CEAT,20.78,21.91,2.63,1.85,0.39,7.96,6.04,16.14,19.15,15.33,18.33,697.24,471.37,0.65,3.16,4.84,145.79,172.56,53.55,21.49,11.48,38.53,53.55,639.17,1.07,20.28,47.29,0,-2.73,1.29
CELLO.NS,Cello World,23.6,28.49,2.72,2.76,2.87,14.33,11.95,13.19,17.41,20.26,25.78,331.51,364.57,0.01,219.24,14.51,14.09,15.01,3.81,7.24,8.95,-3.47,8.21,37.31,0.45,9.99,73.5,0,-3.26,1.83
CEMPRO.NS,Cemindia Project,34.96,15.21,8.77,1.7,0.51,17.24,9.1,27.8,32.76,23.72,29.27,597.73,372.78,0.42,4.92,5.85,35.02,34.79,68.21,8.91,25.49,46.85,68.21,273.62,0.24,8.62,67.46,0,-0.05,0.92
CENTRALBK.NS,Central Bank,6.07,7.32,0.68,0.92,0.16,17.87,0.88,11.9,5.64,10.77,5.47,4530.8,3943.21,12.41,1.29,12.51,5.04,5,37.12,9.45,12.13,8.25,39.05,2350.12,3.92,36.02,81.19,0,0.18,6.13
CENTURYPLY.NS,Century Plyboard,50.84,32.02,5.78,2.49,-4.2,22.98,5.69,10.79,11.46,11.52,13.27,268.34,186.08,0.68,4.39,5.08,13.1,11.82,-12.11,23.39,13.96,46.31,-12.11,47.49,0.15,8.47,71.83,0,-0.24,0.24
CERA.NS,Cera Sanitary.,32.53,32.53,4.55,3.24,-62.56,20.92,11.02,14.83,19.25,17.31,22.08,204.19,246.48,0.03,44.82,10.21,157.37,158.32,-0.25,8.98,4.37,-16.53,-0.52,191.83,1.44,47.38,54.41,0,1.22,-0.11
CESC.NS,CESC,11.62,26.63,1.44,2.19,2.73,7.3,3.54,12.04,10.88,11.82,11.24,1617.57,1428.93,1.73,2.64,8.34,11.72,11.63,4.25,8.73,9.24,12.77,4.25,148.26,4.41,51.84,52.11,0,-0.15,-0.1
CGCL.NS,Capri Global,21.23,20.24,3.32,1.73,0.32,13,3.55,16.5,11.67,12.62,10.78,949.15,478.53,3.35,1.78,20.05,11.72,9.86,58.4,50.16,47.85,95.19,66.76,-8786.06,0.08,2.03,59.92,0,2.59,-1.67
CGPOWER.NS,CG Power & Ind,107.09,34.62,17.09,5.04,11.05,69.75,11.99,20.48,26.71,30.21,36.94,1198.68,972.98,0.01,128.57,9.68,7.94,7.66,8.57,21.42,21.21,26.93,9.69,-72.38,0.15,16.97,56.36,0,-0.06,0.22
CHALET.NS,Chalet Hotels,35.57,26.77,5.15,2.2,0.59,19.15,8.93,19.03,17.01,13.91,12.73,645.02,142.5,0.64,5.05,23.16,24.13,29.46,56.33,6.05,34.89,87.78,59.81,729.33,0.23,6.79,67.29,31.91,-0.45,0.42
CHAMBLFERT.NS,Chambal Fert.,8.7,14.03,1.61,1.83,0.36,5.86,14.79,19.95,25.17,18.78,24.05,1953.27,1649.39,0.1,122.59,9.18,48.12,48.76,25.43,15.58,-9.2,10.17,23.85,-753.53,2.63,22.56,61.34,23.07,-0.18,-0.06
CHENNPETRO.NS,C P C L,5.03,9.59,1.89,1.73,-1.12,3.41,16.54,31.85,34.94,23.44,24.83,3102.7,214.09,0.18,42.47,4.87,280.3,208.36,-4.5,33.51,-6.1,2379.87,-4.5,2045.05,4.4,29.76,67.29,0,2.39,-1.1
CHOICEIN.NS,Choice Intl.,73.84,13.63,10.09,1.55,1.38,38.05,7.68,16.09,17.94,18.46,20.91,237.88,162.72,0.54,4.49,20.86,10.44,9.77,47.8,26.47,42.5,32.48,53.46,-363.55,0,0,53.66,11.9,-1.31,-0.07
CHOLAFIN.NS,Cholaman.Inv.&Fn,24.31,20.24,4.57,1.73,0.96,14.69,2.34,19.35,9.71,19.68,10.15,5232.61,4262.7,6.93,1.51,16.83,67.8,61.41,23.76,19.64,34.17,29.14,25.26,-30262.55,0.12,3.26,49.23,0,-0.41,0.71
CHOLAHLDNG.NS,Chola Financial,9.77,23.86,1.69,0.75,0.41,9.5,2.23,17.47,9.75,18.62,10.35,5485.18,4739.88,13.61,1.54,14.02,142.12,130.01,23.71,17.54,29.2,21.1,23.71,-30364.56,0.09,1,46.44,0.02,-0.81,0.8
CIEINDIA.NS,CIE Automotive,16.26,29.28,1.88,3.69,0.13,9.37,8.08,11.8,14.74,14.75,16.55,828.17,827.51,0.07,38.27,8.8,23.81,21.83,127.46,12.5,2.43,14.53,127.47,885.24,1.83,32.06,65.7,0,0.22,-0.67
CIPLA.NS,Cipla,31.29,34.89,3.25,4.13,3.06,18.15,9.51,11.6,15.49,15.16,20.34,3861.74,5269.2,0.02,84.87,13.45,41.73,48.02,10.2,1.85,7.37,-33.63,10.23,928.32,0.94,27.07,29.22,0,-2.35,2.64
CLEAN.NS,Clean Science,35.66,28.46,5.25,2.83,-4.45,21.07,13.64,15.32,20.68,18.78,25.73,229.66,264.41,0,920.62,24.03,21.92,21.61,-8.02,-0.35,0.73,-13.26,-8.01,74.03,0.77,27.77,51.29,0,-0.01,-0.91
CLEANMAX.NS,Clean Max Enviro,102.97,20.49,3.47,1.79,-13.12,17.87,0.31,1.76,6.16,-0.21,7.12,85.57,19.43,2.73,1.31,2.86,14.05,8.04,-71.06,27.89,27.19,120.98,-7.85,-4039.37,0,0,49.43,20.02,-18.59,-0.08
CMLL.NS,Caliber Mining,21.97,21.97,0,2,0.81,10,9.79,34.85,21.23,39.32,21.58,157.9,131.55,1.73,3.54,9.8,29.47,29.47,24.9,17.29,24.69,24.96,26.97,-224.36,0,0,74.18,0,0,0
CMPDI.NS,Central Mine Pla,22.36,15.21,6.4,1.7,0.82,15.36,20.63,28.35,38.06,33.06,46.12,613.18,666.91,0,10295.63,26.47,8.59,8.59,-83.95,10.17,18.67,-8.07,27.38,652.23,0.52,0,85,0,-0.71,-3.27
CMRGREEN.NS,CMR Green Tech.,20.41,20.41,0,3.17,0.68,13.33,6.94,15.78,14.06,18.52,11.57,228.38,155.05,0.93,4.27,2.65,10.43,10.43,30.32,29.56,13.76,46.58,29.89,-542.44,0,0,84,0,0,0
CMSINFO.NS,CMS Info Systems,12.14,18.57,1.54,1.96,25.83,5.36,9.39,12.7,17.92,15.92,22.85,303.39,372.46,0,19.27,12,17.98,18.43,-1.65,1.71,9.11,-20.04,0.47,-16.38,2.3,28.49,0,0,-2.27,0.83
COALINDIA.NS,Coal India,8.36,21.97,2.19,2,-12.29,4.17,11.46,28.16,34.97,37.89,48.73,31070.58,35449.72,0.12,33.8,18.45,50.63,50.46,-0.68,6.1,6.8,-6,-0.68,30783.14,6.27,52.52,61.13,0,1.99,-0.56
COCHINSHIP.NS,Cochin Shipyard,59.16,44.67,5.93,8.06,1.93,33.52,4.75,11.19,14.52,14.56,18.83,643.04,842.91,0.27,9.49,14.95,22.46,24.44,30.71,-11.58,22.73,-30.47,30.7,-1390.87,0.68,36.82,67.91,0,-0.27,0.91
COFORGE.NS,Coforge,40.83,19.69,6.24,3.66,1.25,22.27,14.09,21.41,23.5,20.3,24.35,1744.7,936.1,0.08,13.08,11.65,48.65,46.33,28.47,35.68,26.96,97.53,32.6,1196.6,0.68,34.12,0,0,-6.35,-13.56
COHANCE.NS,Cohance Life,161.15,34.89,4.43,4.13,-7.1,50.79,2.78,4.89,5.81,10.65,15.06,150.12,484.24,0.1,4.63,6.86,2.78,4.68,-32.51,-19.79,19.17,-77.48,-22.69,168.96,0,0,57.49,94.56,0.91,-1.7
COLPAL.NS,Colgate-Palmoliv,36.71,36.71,31.69,8.45,4.38,24.49,41.82,82.73,108.02,79.36,103.39,1325.31,1436.81,0.03,485.87,22.27,49.55,48.73,8.39,3.79,4.91,-1.77,8.39,1729.97,2.6,119.04,51,0,0,0.29
CONCOR.NS,Container Corpn.,27.56,25.8,2.65,2.22,13.78,13.69,8.4,9.81,12.64,10.5,13.48,1245.74,1293.1,0.07,21.3,13.72,16.31,16.3,2,1.65,3.58,-6.15,2,343.62,1.91,52.75,54.8,0,-0.47,0.08
CONCORDBIO.NS,Concord Biotech,51.22,34.89,7.21,4.13,66.52,32.03,11.28,12.57,17.43,17.63,24.55,263.27,372.96,0,1899.4,22.83,26.95,25.17,0.77,-6.45,7.34,-20.42,0.77,168.84,0.54,30,44.08,0,-0.26,0.15
CORDELIA.NS,Waterways Leisur,185.05,36.42,0,2.71,0,61.69,17.7,92.3,63.99,0,91.62,52.14,168.19,1.47,6.81,8.99,0.8,0.8,0,-1.84,0,-37.98,0,-110.92,0,0,89.35,0,0,0
COROMANDEL.NS,Coromandel Inter,29.98,14.03,4.46,1.83,-27.25,16.27,8.68,16.41,22.05,17.27,23.75,1898.14,2054.71,0.12,7.94,5.98,62.11,66.31,-1.21,23.5,2.04,-5.97,-1.1,21.53,0.58,3.02,56.35,0.01,-1.52,1.73
CORONA.NS,Corona Remedies,59.38,34.89,16.83,4.13,1.79,38.63,18.71,29.53,33.29,26.48,29.89,184.85,149.05,0.22,37.39,14.22,32.46,30.22,33.13,18.16,16.65,27.94,33.13,55.89,0.49,33.09,69,0,1.38,5.88
CPPLUS.NS,Aditya Infotech,92.13,34.45,23.37,4.73,1.9,60.99,10.26,25.41,28.56,21.91,25.07,367.96,351.37,0.14,27.64,8.71,40.56,31.24,-61.54,51.85,22.71,214.81,48.42,-119.56,0.04,5.25,74.71,0,0.63,-1.14
CRAFTSMAN.NS,Craftsman Auto,58.79,29.28,7.7,3.69,3.79,21.55,4.75,12.49,13.91,13.14,15.21,383.99,200.87,1.11,2.97,4.74,189.35,160.96,10.91,37.85,36.36,102.83,15.5,-646.87,0.11,6.99,42.41,0,2.09,4.61
CRAMC.NS,Canara Robeco,20.58,33.5,6.03,6.55,0.55,14.82,27.31,30.28,40.11,34.27,45.35,203.8,190.7,0.02,139.73,44.9,10.95,10.22,-13.55,13,30.8,8.87,37.24,166.21,1.77,39.14,75,0,-0.44,-0.83
CREDITACC.NS,CreditAcc. Gram.,16.63,14.45,2.56,1.07,-8.36,11.65,2.6,10.51,9.98,13.77,11.43,777.64,531.4,3.01,1.82,12.83,75.6,48.54,-2.81,11.86,20.22,524.34,-1.99,-2787.53,0,0,66.21,0,0.54,0.08
CRISIL.NS,CRISIL,38.44,23.84,10.4,2.32,5.3,25.1,16.07,24.46,32.55,26.98,36.1,766.01,684.07,0.1,49.02,18.77,120.92,104.75,7.22,22.03,9.64,21.53,7.25,688.41,0.54,57.26,66.64,0,-0.8,0.34
CRIZAC.NS,Crizac,14.08,18.9,5.3,2.14,0.55,9.36,25,40.29,52.34,43.14,64.59,219.19,154.99,0,3625,21.03,12.6,12.52,-51.68,15.17,30.13,38.4,25.45,127.25,4.52,63.89,79.94,0,-0.69,-0.26
CROMPTON.NS,Crompton Gr. Con,31.02,35.15,4.43,4.67,-3.29,17.1,6.04,10.33,18.98,14.05,19.02,-243.31,563.18,0.06,22.82,4.87,-3.54,-3.78,-9.8,7.4,7.38,-14.47,-9.43,569.5,1.37,-79.39,0,0,-0.6,0.35
CSBBANK.NS,CSB Bank,8.46,13.81,1.15,1.31,1.71,13.86,1.2,13.46,7.05,14.52,7.03,633.18,593.8,10.5,1.3,14.03,38.31,36.5,4.94,24.84,24.77,10.94,4.94,-501.59,0,0,40,0,-0.21,-0.15
CSM.NS,CSM Technologies,20.44,19.69,0,3.66,1.16,11.9,14.1,28.47,29.19,24.35,26.47,24.01,14.09,0.7,5.88,11.52,6.1,6.1,-35.8,13.41,12.09,83.07,17.59,-20.91,0.51,18.05,71.18,0,0,0
CUB.NS,City Union Bank,15.24,13.81,2.03,1.31,1.26,16.41,1.51,13.2,6.74,12.88,6.72,1326.23,1123.63,7.92,1.42,19.24,14.17,13.39,12,19.81,13.37,20.41,12.13,594.62,0.93,11.2,0,0,-4.72,4.11
CUMMINSIND.NS,Cummins India,55.04,41.72,15.88,6.32,2.09,38.82,22.58,30.24,39.5,28.83,36.83,2361.75,1999.94,0,233.97,19.97,85.4,85.2,26.3,15.3,16.04,14.45,26.3,1486.89,1.36,77.46,51,0,0.42,-0.37
CUPID.NS,Cupid,259.07,36.71,78.89,8.45,5,185.38,23.69,27.64,33.88,20.05,24.45,108.26,40.93,0.13,56.59,30.64,1.02,0.81,51.39,116.02,30.97,188.13,51.79,21.43,0,0,46.24,8.03,3.16,0.17
CYIENT.NS,Cyient,29.51,29.02,2.12,3.04,-6.4,10.45,6.45,8.61,12.28,12.82,16.92,463,648.3,0.08,11.5,7.05,34.04,38.51,-4.76,3.19,6.51,-34.86,-4.61,693,1.48,41.58,24.7,0,-0.8,-3.49
DABUR.NS,Dabur India,34.38,36.71,5.99,8.45,9.37,21.87,11.05,17,20.28,17.78,20.93,1868.69,1740.42,0.11,18.15,14.11,11.12,10.68,3.64,7.4,4.59,11.36,3.67,2179.71,2.14,77.22,66.24,0,-0.32,0.14
DALBHARAT.NS,Dalmia BharatLtd,28.24,28.24,1.72,1.78,-40.93,11.52,3.46,6.11,7.59,5.04,6.63,1157,699,0.41,3.72,7.42,49.74,60.73,-0.71,7.6,2.99,19.02,-0.69,237,0.54,15.01,55.84,0,-0.34,-0.3
DATAMATICS.NS,Datamatics Glob.,18.25,29.02,3,3.04,2.15,10.25,10.55,15.95,20.36,14.52,18.86,194.95,205.51,0.14,20.15,11.71,36.57,32.86,8.39,13.17,10.84,38.73,8.49,285.45,0.64,15.22,66.33,0,0.02,-0.01
DATAPATTNS.NS,Data Pattern,88.56,78.38,13.79,9.08,3.4,59.91,13.12,15.24,21.92,14.83,20.87,271.37,221.81,0,29.87,26.73,47.86,48.47,26.05,33.81,26.81,25.98,26.05,8.09,0.23,20.64,42.41,0,0.03,0.3
DBCORP.NS,D B Corp,9.11,7.13,1.31,0.55,0.36,4.32,10.65,14.31,18.28,16.96,21.48,332,370.98,0.11,19.58,14.13,19.74,18.63,25.02,3.95,3.42,5.37,25.09,193.78,3.92,37.58,74.5,0,-0.2,0.06
DBL.NS,Dilip Buildcon,11.83,15.21,0.97,1.7,0.25,7.09,1.84,5.55,13.09,5.19,12.78,1398.36,839.92,1.18,1.5,3.95,73.03,80.17,45.21,-19.08,-5.45,21.88,47.05,1241.93,0.25,1.25,63.14,14.16,0.02,0.02
DBREALTY.NS,Valor Estate,0,25.25,1.28,2.26,0,59.83,-0.12,-0.19,1.55,8.52,7.48,27.02,-118.03,0.18,0.82,-0.56,0.22,0.47,25.81,-49.5,31.65,70.9,25.71,924.81,0,0,47.17,44.72,-0.28,0.1
DCBBANK.NS,DCB Bank,8.49,13.81,1.02,1.31,0.52,13.54,0.89,11.96,7.4,11.54,7.53,731.56,615.33,12.04,1.21,9.88,24.59,22.73,14.93,11.48,20.8,22.81,16.2,6551.16,0.7,6.38,16.22,0,0.84,-0.52
DCMSHRIRAM.NS,DCM Shriram,10.76,18.71,1.91,1.51,-7.22,9.71,6.32,11.5,11.51,8.95,10.62,855.98,604.27,0.38,7.02,6.27,91.88,54.73,-1.49,11.05,5.45,121.91,-1.49,354.45,1.19,20.57,66.53,0,-0.08,-0.1
DEEPA.NS,Deepa Jewellers,17.63,19.18,0,3.47,0.26,14.01,36.46,56.45,51.56,44.8,34.97,104.79,40.58,0.49,23.24,5.44,12.78,12.78,-38.03,37.91,27.88,158.23,68.2,-19.1,0,0,72.98,0,0,0
DEEPAKFERT.NS,Deepak Fertilis.,17.29,19.95,2.49,1.25,-1.11,10.54,4.9,10.9,11.42,11.43,12.58,738.76,944.67,0.83,4.66,6.21,77.96,58.4,-15.63,13.63,0.6,0.3,-15.63,-1362.92,0.74,17.12,45.63,5.47,-0.29,1.45
DEEPAKNTR.NS,Deepak Nitrite,26.69,28.46,3.62,2.83,-2.02,16.31,6.74,9.82,11.37,12.85,16.44,550.66,697.37,0.28,18.81,6.99,57.43,40.36,-13.21,7.12,-0.36,30.54,-13.21,-658.11,0.48,18.58,49.34,0,0.05,0.3
DELHIVERY.NS,Delhivery,255.59,25.8,3.15,2.22,10,32.09,-0.17,-0.21,1.01,-0.53,0.59,152.54,162.11,0.15,1.74,-0.2,1.25,2.04,25.58,23.1,13.3,-40,25.57,506.49,0,0,0,0,-6.3,6.8
DEVYANI.NS,Devyani Intl.,0,82.44,10.48,8.54,0,20.57,-0.37,-1.56,4.75,-3.47,5.75,-42.53,-6.9,2.49,0.94,-0.4,-0.22,-0.31,0,14.72,23.24,31.4,0,485.74,0,0,61.37,0,0.68,-0.49
DHOOTTRANS.NS,Dhoot Transmission,68.73,29.28,0,3.69,0,40.74,12.81,24.01,24.36,31.97,29.04,396.84,353.88,0.38,6.75,9.1,21.05,21.05,0,31.35,0,16.26,0,19.47,0,0,82.78,0,0,0
DIACABS.NS,Diamond Power,109.29,27.4,0,4.19,1.44,91.88,7.14,0,24.2,0,24.2,132.77,34.74,0,7.48,7.59,3.45,2.52,75.89,96.48,401.03,396.76,75.89,-63.88,0,0,74.04,0,4.2,10.87
DIVISLAB.NS,Divi's Lab.,85.18,34.89,15.13,4.13,6.62,56.66,14.2,16.53,21.97,14.82,19.63,2568,2191,0,151.35,24.84,110.18,96.73,12.87,16.35,10.78,29.2,12.87,221,0.31,30.96,51.88,0,-0.1,0.16
DIXON.NS,Dixon Technolog.,44.39,38.2,17.73,3.26,1.07,26.81,4.62,18.9,29.21,22,32.77,1644.25,1232.58,0.21,20.95,1.7,308.83,236.61,40.37,14.34,58.85,118.75,41.34,724.42,0.07,4.23,28.55,0,-0.43,0.24
DLF.NS,DLF,38.31,25.25,3.61,2.26,1.4,53.95,5.89,9.5,6.32,9.32,6.19,4414.68,4366.82,0.01,20.09,51.03,17.96,17.83,27.3,-27.71,12.89,1.63,27.3,6231.35,1.21,44.86,74.08,0,-1.23,1.09
DMART.NS,Avenue Super.,81.21,37.82,10.14,5.46,10.49,45.81,11.03,12.94,17.18,13.54,18.18,2969.86,2707.45,0.1,26.19,4.31,46.95,45.56,7.54,15.58,17.12,12.96,7.74,-646.17,0,0,74.48,0,0.22,-0.1
DOMS.NS,DOMS Industries,57.11,21.52,10.18,2.17,1.68,30.89,14.89,20.69,24.32,22.56,27.06,239.56,213.54,0.12,33.52,10.29,35.82,37.93,-75.48,19.94,24.28,4.63,33.92,-38.16,0.18,9.62,63.38,0,-0.12,6.77
DRREDDY.NS,Dr Reddy's Labs,31.58,34.89,2.69,4.13,-7.05,16.14,7.59,11.22,13.04,16.31,20.75,4157.6,5725.2,0.2,10.71,11.78,38.61,50.27,-4.56,-0.87,10.96,-43.28,-4.48,2004.2,0.66,15.92,26.63,0,-0.47,1.03
DYNAMATECH.NS,Dynamatic Tech.,152.38,34.45,10.5,4.73,26.27,42.12,2.88,6.67,10.21,7.57,9.89,32.41,43.04,0.8,2.51,3.11,66.91,51.11,5.8,17.28,7.21,38.12,5.8,29.88,0.08,20.95,41.5,0,0.13,0.23
EBGNG.NS,GNG Electronics,53.81,24.67,10.11,4.97,0.91,36.62,13.38,26.75,20.18,30.65,20.5,132.01,69.03,0.59,4.53,6.98,12.49,11.55,-88.9,35.64,41.98,88.87,59,-238.15,0,0,74.78,0,2.49,1.62
ECLERX.NS,eClerx Services,23.43,22.66,6.67,4.09,1.83,13.93,20.22,28.36,34.42,25.36,31.38,706.47,541.26,0.15,21.4,16.77,77.23,75.09,14.41,23.2,15.85,27.61,12.82,755.59,0.06,1.3,54.53,0,-0.81,-0.11
EDELWEISS.NS,Edelweiss.Fin.,20.39,13.63,2.77,1.55,0.88,8.11,1.9,14.2,14.1,9.83,12.96,680.46,535.82,4.02,1.4,7.4,6.36,5.78,22.98,13.98,8.32,54.83,23.12,827.04,1.11,25.97,32.26,6.68,0.43,0.79
EICHERMOT.NS,Eicher Motors,34.07,34.07,7.88,7.88,1.42,23.38,18.74,23.96,30.53,24.08,30.49,5515.23,4734.44,0.02,96.68,23.75,210.41,201.06,23.9,28.07,17.46,20.22,24.02,3538.29,1.14,40.78,49.03,0,-1.25,1.24
EIDPARRY.NS,EID Parry,15.48,20.03,1.43,2.76,-1.42,4.01,5.93,7.85,16.96,9.49,17.9,1380.45,1772.54,0.4,6.14,4.12,26.13,32.02,-10.98,15.65,3.02,-9.58,-10.92,5.12,0,0,41.28,0,-0.99,-0.08
EIEL.NS,Enviro Infra,18.44,20.51,2.75,3.69,0.37,10.58,10.88,16.79,20.18,23.98,33.06,188.39,177.15,0.34,6.87,16.81,10.3,10.42,-20.84,15.49,50.2,-3.82,50.36,-245.18,0,0,70.19,0,0.09,-0.17
EIHOTEL.NS,EIH,25.4,26.77,3.51,2.2,1.01,14.16,12.09,14.48,20.67,16.53,22.57,657.29,769.9,0.05,48.48,25.45,11.38,10.05,25.25,8.34,13.34,-7.56,25.25,302.39,0.51,14.93,32.85,0,0.03,-0.1
ELECON.NS,Elecon Engg.Co,35.72,34.62,4.68,5.04,2.55,18.77,11.86,16.43,20.86,20.76,26.88,341.15,415.1,0.12,17.46,14.95,10.52,15.2,14,3.05,15.65,-32.7,14,217.69,0.42,13.16,59.28,0,-0.14,1.51
ELECTCAST.NS,Electrost.Cast.,28.12,22.47,0.76,1.99,-1.59,11.08,1.86,3.04,5,10.27,11.53,161.48,709.71,0.26,2.52,3,1.95,2.61,-18.76,-15.73,-6.65,-72.22,-17.7,1040.88,1.24,34.46,50.14,10.54,-2.93,0.14
ELGIEQUIP.NS,Elgi Equipments,40.91,41.72,8.5,6.32,3.76,25.49,11.84,19,22.07,19.78,22.09,430.2,350.2,0.24,26.79,9.85,14.13,13.57,10.87,15.94,9.12,27.86,10.87,348.1,0.45,19.9,31.19,0.88,-0.3,1.04
ELLEN.NS,Ellen.Indl.Gas,41.91,63.05,5.18,4.48,0.66,28.18,8.86,12.93,14.47,13.7,15.19,104.4,83.29,0.19,23.53,27.83,8.56,7.41,-41.17,8.47,18.53,40.6,63.64,-25.48,0,0,77.15,0,-0.23,-1.39
EMAMILTD.NS,Emami,22.4,36.71,5.8,8.45,4.3,15.87,19.99,26.17,28.09,28.46,30.74,775.25,802.75,0.06,61.39,19.45,17.14,17.76,5.58,2.82,3.53,-7.41,5.21,770.14,2.57,56.3,54.84,16.23,-0.7,0.09
EMBASSY.NS,Embassy Off.REIT,169.15,68.51,2,1.9,-9.48,16.34,0.55,1.26,5.61,4.13,4.89,338.55,1624.44,1.08,1.69,5.99,3.99,3.57,-17.85,14.38,9.07,-84.68,-17.85,2199.7,0.05,2149.94,0,0,0,0
EMBDL.NS,Embassy Develop,0,25.25,0.79,2.26,0,-29.47,-4.2,-9.19,-2.44,-7.22,-3.16,-872.48,193.63,0.54,-0.92,-50.89,-6.8,-6.28,4.68,-46.63,43.44,-1333.75,0,0.59,0,0,42.65,64.87,-0.62,-0.23
EMCURE.NS,Emcure Pharma,35.6,34.89,7.38,4.13,1.71,19.11,10.91,20.11,24.02,18.76,20.89,941.27,707.47,0.31,10.55,10.45,53.34,48.76,18.88,18.36,15.42,36.79,20.76,400.12,0.19,7.38,77.83,0.04,1.52,2.36
EMIL.NS,Electronics Mart,37.82,37.82,4.56,5.46,-5.27,16.24,2.64,6.24,8.17,10.32,10.44,107.14,160.49,1.23,2.7,1.37,5.36,2.78,-7.18,20.15,9.67,77.81,-7.18,310.39,0,0,65.17,0,-0.42,0.81
EMMVEE.NS,Emmvee Photovol.,17.14,27.4,5.91,4.19,0.04,10.99,22.16,50.72,44.62,56.07,26.58,1081.55,369.01,0.1,14.91,21.25,18.98,15.62,23.22,84.07,101.4,140.8,393.29,-439.74,0.32,6.4,80.03,0,0.47,-2.48
ENDURANCE.NS,Endurance Tech.,38.61,29.28,5.55,3.69,1.51,17.65,9,14.87,17.8,14.23,17.22,951.71,836.35,0.19,22.73,6.4,68.95,67.66,25.59,29.35,18.35,15.93,25.59,595.1,0.43,17,75,0,-0.45,0.29
ENGINERSIN.NS,Engineers India,22.5,15.21,5.61,1.7,0.88,15.23,12.2,23.37,30.4,22.51,27.34,691.59,579.77,0.01,511.94,17.3,13.95,12.3,25.55,16.3,5.66,41.65,25.55,251.9,1.59,40.63,51.32,0,-0.49,2.03
ENRIN.NS,Siemens Ener.Ind,74.34,34.62,23.6,5.04,0,49.88,23.16,50.47,67.75,0,67.75,1100.1,-0.3,0.04,68.7,14.13,41.78,30.89,0,0,0,368610,0,3454.1,0.13,12.94,75,0,0.13,-0.18
ENTERO.NS,Entero Healthcar,60.36,48.82,4.61,4.29,0.46,25.22,4.76,6.94,10.47,6.04,8.63,145.84,107.43,0.4,4.4,2.28,28.82,26.44,43.71,31.94,25.93,25.84,130.48,28.81,0,0,52.4,0,0.33,-1.14
EPACKPEB.NS,EPack PrefabTech,25.66,34.45,3.31,4.73,0.45,12.45,7.86,17.04,21.71,20.49,24.27,92.64,59.32,0.16,4.9,6.07,9.43,9.21,-46.82,37.53,32.43,52.62,57.46,2.53,0,0,64.95,0,0.19,-0.12
EPL.NS,EPL Ltd,18.29,19.7,2.63,2.03,0.84,7.95,9.45,15.73,17.8,14.93,16.79,393.9,363.8,0.34,5.5,8.72,12.1,12.14,21.43,16.91,8.84,3.17,21.69,249.5,1.06,20.6,26.38,0,-3.15,3.6
EQUITASBNK.NS,Equitas Sma. Fin,14.83,13.88,1.23,1.23,-0.34,13.12,0.18,1.68,6.43,5.92,7.42,103.08,147.05,8.54,1.19,1.51,4.47,0.9,-44.2,10,17.75,598.16,-43.7,-3501.24,0,0,0,0,0.96,0.38
ERIS.NS,ERIS Lifescience,26.12,34.89,4.39,4.13,1.4,16.95,9.52,18.69,14.13,16.14,12.54,647.51,374.67,0.6,4.54,21.09,46.75,44.72,17.93,9.59,22.92,69.36,18.66,241.22,0.58,16.12,54.14,16.85,-0.63,0.36
ESCORTS.NS,Escorts Kubota,21.54,27.71,2.48,2.94,0.46,13.96,14.74,18.72,13.93,13.91,13.14,2394.05,1264.95,0.01,87.24,18.44,123.61,213.99,54.88,20.43,11.04,21.24,46.6,1068.61,1.2,23.83,68.04,0,0.65,-1.01
ESDS.NS,ESDS Software,159.12,29.02,0,3.04,1.5,76.26,9.28,24.93,30.19,18.42,21.15,120.82,55.61,0.18,15.17,25.49,11.98,11.98,102.21,30.68,31.52,115.3,106.27,1242.56,0,0,39.46,0,0,0
ETERNAL.NS,Eternal,738.03,47.07,10.31,5.55,26.14,103.94,0.3,0.38,2.48,0.88,2.08,366,527,0.15,2.68,0.21,0.45,0.38,27.98,190.5,97.29,44.82,28.23,-1114,0,0,0,0,-3.52,3.33
ETHOSLTD.NS,Ethos,63.73,19.18,4.53,3.47,3.88,23.52,5.34,7.69,10.41,9.38,13.02,96.14,96.29,0.22,5.93,5.98,39,35.42,14.57,30.42,26.92,14.17,16.42,19.33,0,0,50.58,0,0.44,0.32
EUREKAFORB.NS,Eureka Forbes,34.98,35.15,1.53,4.67,0.39,19.6,2.92,4.25,5.86,3.46,4.79,160.21,163.29,0.01,33.7,7.02,9.16,8.28,88.95,12.55,9.22,19.71,88.95,157.27,0,0,62.55,53.66,-0.42,0.54
EUROPRATIK.NS,Euro Pratik Sale,24.44,24.44,6.81,2.29,0,16.65,23.77,29.27,36.88,35.09,42.97,77.16,75.69,0.08,31.05,23.84,8.43,7.54,0,24.46,0,13.08,0,-14.2,0.1,2.65,73.91,0,0.06,-0.13
EXCELSOFT.NS,Excelsoft Tech.,19.36,29.02,1.67,3.04,0.7,8.73,8.15,9.85,13.64,8.59,12.39,43.38,34.7,0.01,21.6,17.16,4.2,3.77,-69.3,26.78,11.78,11.35,27.83,-14.86,0,0,59.08,0,-0.25,-0.96
EXIDEIND.NS,Exide Inds.,37.31,29.28,2.52,3.69,22.75,17.68,3.92,5.97,8.54,6.22,9.11,859.92,800.5,0.11,13.24,4.65,10.96,10.05,1.64,7.61,6.07,10.67,1.64,1293.44,0.49,19.9,45.99,0,0.32,0.18
FABTECH.NS,Fabtech Tech.,13.14,36.27,1.53,3.18,0.68,7.3,6.85,12.49,13.58,17.11,21.35,38.36,46.45,0.17,17.19,9.01,13.31,8.63,-52.56,14.16,28.45,47.56,19.43,5.02,0.42,6.95,68.94,0,-0.06,0.3
FACT.NS,F A C T,0,14.03,36.78,1.83,0,298.73,-0.66,-2.94,4.02,8.46,9.2,-39.6,41.23,2.95,0.55,-0.7,-1.64,-0.61,0,32.05,-2.62,-230.58,0,-1106.37,0.03,0,90,0,-0.05,0.01
FEDERALBNK.NS,Federal Bank,17.16,13.81,2,1.31,1.57,17.07,1.17,11.59,6.39,12.9,6.78,4490.94,4234.02,8.66,1.36,15.05,19.01,17.63,5.45,6.5,18.55,15.64,10.94,4063.23,0.37,6.81,0,0,1.66,-1.12
FEDFINA.NS,Fedbank Financi.,14.8,20.24,1.93,1.73,0.69,11.93,2.28,12.56,9.06,11.71,9.79,343.6,225.18,4.67,1.55,15.46,10.23,9.18,15.53,13.41,23.52,66.53,21.53,-1694.17,0,0,60.67,0,8.64,-7.93
FIEMIND.NS,Fiem Industries,19.32,29.28,4.17,3.69,0.87,11.32,16.3,22.6,29.34,21.29,27.93,255.58,204.92,0.05,101,9.04,99.91,97.11,22.1,17.11,15.07,24.8,22.13,33.04,2.08,41.19,54.51,0,0.17,0.2
FINCABLES.NS,Finolex Cables,26.92,25.82,3.54,4.08,2.19,19.28,10.75,12.33,16.01,13.19,17.4,713.72,700.77,0,585.51,11.29,52.32,46.67,12.28,26.53,12.15,29.17,12.28,-105.2,0.64,19.29,35.86,0,0.03,0.27
FINPIPE.NS,Finolex Inds.,15.3,21.42,1.51,2.26,0.47,10.3,7.04,8.57,11.83,6.58,10.66,599.05,800.03,0.07,38.46,12.82,9.92,9.65,32.54,-2.24,-2.2,54.85,32.54,133.04,1.32,28.39,52.47,0,-0.01,-1.43
FIRSTCRY.NS,Brainbees Solut.,0,47.07,2,5.55,0,20.87,-1.88,-2.37,0.57,-4.56,-1.28,-203.66,-264.81,0.33,0.47,-1.93,-2.4,-2.69,0,11.71,14.92,25.46,20.94,176,0,0,0,0,0.09,-0.96
FIVESTAR.NS,Five-Star Bus.Fi,13.87,20.24,2.07,1.73,0.63,9.58,7.27,16.06,14.79,17.32,15.64,1098.75,1072.49,1.11,3.04,34.14,37.44,37.22,21.58,9.84,28.38,1.53,22.11,-289.81,0.39,5.37,18.61,0,-4.51,4.77
FLUOROCHEM.NS,Gujarat Fluoroch,79.07,28.46,6.21,2.83,-3.35,36.5,5.23,7.82,9.64,7.94,9.76,573.76,545.96,0.35,7.64,11.76,55.08,52.56,-23.63,9.52,-4.21,-0.37,-23.63,-291.63,0.07,5.71,61.39,5.97,0.13,-0.15
FORCEMOT.NS,Force Motors,20.52,44.05,5.37,4.69,0.1,13.46,16.16,26.09,36.05,19.28,29.95,1211.75,800.86,0,417.42,10.41,950.08,919.55,209.44,8.44,21.67,82,209.44,760.75,0.29,5.44,61.63,0,-1.42,-0.29
FORTIS.NS,Fortis Health.,58.98,49.43,6.34,6.06,2.22,29.95,7.39,11.23,13.45,9.87,11.92,1064.18,809.39,0.35,5.31,11.83,13.88,13.8,26.55,17.5,13.17,15.95,26.55,673.18,0.12,7.25,31.17,0,-0.78,0.88
FRACTAL.NS,Fractal Analyt.,38.78,19.69,4.01,3.66,0.72,22.26,8.27,11.96,12.59,7.68,8.76,286.8,220.6,0.13,9,8.95,21.1,16.68,47.89,19.32,18.45,57.61,53.57,190.3,0,0,16.97,3.42,0.39,-0.99
FSL.NS,Firstsour.Solu.,22.66,22.66,4.13,4.09,1.67,12.44,8.85,17.63,16.8,15.79,15.95,674.42,594.46,0.67,6.41,7.82,9.49,9.54,13.25,19.71,16.64,28.4,13.58,1081.57,2.15,56.84,53.66,0,-0.47,-0.08
GABRIEL.NS,Gabriel India,66.39,29.28,14.16,3.69,0,40.32,11.58,20.2,25.61,19.97,27.02,252.17,244.98,0.11,23.4,5.52,22.9,17.56,0,18.71,0,23.1,0,108.31,0.37,28.46,66.29,0,-0.51,-0.89
GAEL.NS,Guj. Ambuja Exp,17.58,15.79,2.23,2.37,-6.84,10.85,7.9,9.72,12.46,10.39,13.47,304.28,249.25,0.13,23.78,5.34,9.07,6.63,-2.57,25.31,5.28,76.32,-2.57,-153.25,0.19,4.52,63.84,0,0.84,-0.17
GAIL.NS,GAIL (India),11.48,14.39,1.27,1.27,1.1,7.62,5.54,8.71,9.67,11.27,12.77,7581.52,12462.87,0.28,13.12,5.35,15.02,11.53,10.44,3.52,-0.94,1.35,10.44,2451,3.19,47.69,51.79,0,1.96,-1.41
GAJA.NS,Gaja Alternative Asset,23.03,33.5,0,6.55,0.96,20.6,14.08,15.92,17.02,15.71,16.97,81.96,61.95,0.09,22.7,60.17,7.06,7.06,-92.97,11.09,34.41,33.15,23.99,-20.85,0.53,0,54.23,0,0,0
GALLANTT.NS,Gallantt Ispat L,29.71,22.47,3.9,1.99,0.59,17.9,12.31,15.63,18.16,13.71,16.44,484.27,400.74,0.17,13.42,10.89,18.06,20.07,50.59,4.13,2.89,-3.72,50.59,364.41,0.37,9.96,70.03,0,-0.07,0
GANESHCP.NS,Ganesh Consumer,13.91,42.49,1.71,4.84,0.87,5.76,10.69,14.19,19.34,14.25,17.7,42.39,35.43,0.07,9.41,4.86,11.23,10.49,11.91,-0.81,12.58,44.57,15.91,35.79,3.2,47.05,65.65,0,-0.52,-0.13
GAUDIUMIVF.NS,Gaudium IVF,35.21,35.21,5.36,5.36,1.61,22.77,17.39,24.66,29.28,33.54,40.83,24.46,19.13,0.16,10.07,23.47,3.51,3.36,-70.9,47.57,33.12,28.02,21.9,5.11,0,0,71.29,0,-3.69,-0.41
GEMAROMA.NS,Gem Aromatics,0,28.46,1.82,2.83,0,33.09,0.24,0.39,3.43,12.64,15.62,1.43,53.38,0.34,-0.09,0.39,-2.76,0.27,-89.72,-24.3,-4.8,-127.34,-68.32,-65.35,0,0,57.44,0,-0.31,0
GESHIP.NS,GE Shipping Co,5.84,11.08,1.29,1.59,16.22,3.57,13.4,15.93,15.79,16.63,16.05,2942.52,2344.26,0.06,35.59,45.96,262.45,206.11,0.36,23.87,-1.68,126.09,0.36,1275.6,2.29,17.03,30.08,0,2.59,-2.44
GHCL.NS,GHCL,8.29,19.95,1.06,1.25,-0.33,5.09,10.76,12.97,17.41,16.2,20.74,472.46,624.15,0.02,64.45,14.9,51.39,51.39,-24.14,-3.75,-12.35,-24,-25.12,423.71,2.92,23.35,19.83,0,-2.22,0.63
GICRE.NS,General Insuranc,6.51,37.45,0.78,4,0.55,2.54,4.83,14.64,17.35,13.05,15.41,9662.38,7431.85,0,0,18.24,50.59,55.08,11.84,2.74,4.35,3.66,11.84,452.67,4.02,24.06,77.4,0,0.38,4.18
GILLETTE.NS,Gillette India,33.8,36.71,23.84,8.45,1.08,22.6,34.56,66.5,90.69,49.03,66.26,654.31,417.66,0,75.66,21.13,205.02,200.8,31.25,7.96,11.17,18.59,31.25,563.6,2.6,119.54,75,0,-0.03,-0.49
GKENERGY.NS,GK Energy,11.04,15.21,2.79,1.7,0.06,6.55,21.38,36.8,40.87,51.66,58.43,201.27,133.22,0.23,9.28,13.13,11.04,9.92,-49.61,40.71,75.19,46.17,171.29,-42.37,0.41,5.04,79.2,0,0.51,-1.13
GKSL.NS,Gujarat Kidney,87.04,49.43,5.46,6.06,0.08,47.83,9.54,11.14,14.48,15.99,28.42,16.82,9.5,0.12,9.77,20.52,2.14,1.97,81.05,118.53,0,36.7,1058.02,-98.28,0,0,71.45,0,0,0
GLAND.NS,Gland Pharma,41.73,34.89,4.61,4.13,5.03,21.6,8.82,10.68,15.11,9.29,13.53,1027.32,698.53,0.03,62.64,16.2,68.49,62.35,8.28,17.57,21.06,48.76,8.29,537.55,0.69,32.08,51.77,0,1.45,-2.92
GLASSWALL.NS,Glass Wall Syst.,29.1,18.72,0,1.53,0,19.48,20.85,37.68,50.32,33.75,48.23,83.79,57.51,0.03,32.1,17.89,9.9,9.9,0,64.18,0,53.57,0,49.9,0,0,53.22,0,0,0
GLAXO.NS,Glaxosmi. Pharma,46.58,34.89,21.64,4.13,2.63,31.82,22.82,45.61,61.41,43.48,58.66,1035.98,927.58,0.01,436.63,25.18,63.05,61.15,17.73,5.75,5.53,11.2,17.73,870.06,1.97,93.21,75,0,0.17,0.13
GLENMARK.NS,Glenmark Pharma.,21,34.89,6.24,4.13,0.34,12.27,12.71,23.56,39.77,-3.28,23.84,1361.95,1047.15,0.06,22.89,13.43,63.71,48.26,61.3,32.94,13.6,134.15,61.31,2089.65,0.21,10.36,46.65,0,0.54,-0.68
GLOTTIS.NS,Glottis,15.81,25.8,2.05,2.22,0.84,9.14,14.42,19.88,23.83,43.62,68.26,37.72,56.15,0.19,12.21,5.21,4.15,4.08,-73.73,-17.82,14.72,-36.41,18.78,-89.49,0,0,74.23,0,-0.01,0
GMDCLTD.NS,G M D C,29.12,16.22,2.35,2.2,-0.76,18.46,3.41,4.22,10.78,8.18,12.73,956.67,679.85,0.04,57.53,11.3,30.07,30.08,-38.14,2.25,-10.32,-14.3,-38.14,-288.77,1.82,31.58,74,0,-0.1,-0.13
GMMPFAUDLR.NS,GMM Pfaudler,52.87,34.45,5.52,4.73,-2.26,15.9,1.94,6.69,13.64,10.55,15.19,51.82,49.17,0.86,2.74,1.94,16.05,12.86,-23.43,13.91,3.51,48.91,-23.43,366.7,0.14,15.55,25.18,0,-2.76,0.84
GMRAIRPORT.NS,GMR Airports,178.75,178.75,0,1.05,4.24,21.41,1.05,0,11.65,0,8.32,472.39,-816.9,0,1.27,3.64,0.45,0.17,35.72,38.8,30.43,159.42,42.19,1582.2,0,6016.87,67.16,16.44,1.57,0.21
GMRP&UI.NS,GMR Urban,0,20.49,4.18,1.79,0,8.7,-3.2,-42.78,11.96,0,12.28,613.69,1552.25,6.09,0.94,-7.43,8.11,7.69,0,15.79,9.95,-95.27,0,1233.03,0,0,46.28,59.96,12.57,0.25
GNFC.NS,G N F C,8.8,19.95,1,1.25,-0.49,4.74,7.2,9.14,12.03,7.32,9.74,808.62,597.77,0,230.33,10.4,70.57,55.03,-16.55,12.55,-8.74,84.52,-18.09,108.29,3.38,38.16,41.3,0,1.06,-0.05
GODFRYPHLP.NS,Godfrey Phillips,22.04,11.12,4.85,3.18,0.7,16.12,17.53,23.38,30.25,20.53,26.6,1526.02,1072.31,0.04,153.49,20.96,87.71,97.84,31.55,1.69,21.51,11.7,31.55,214.87,2.59,51.11,72.58,0.21,-0.11,0.38
GODIGIT.NS,Go Digit General,49.38,37.45,5.22,4,0.33,41.68,2.35,12.17,13.1,10.5,9.72,544.35,424.94,0.08,0,5.44,5.33,5.89,143.47,7.32,19.35,6.6,148.25,2008.75,0,0,73,0,0.22,0.39
GODREJAGRO.NS,Godrej Agrovet,26.33,18.99,6.08,3.05,1.14,13.86,7.43,20.89,19.16,17.73,16.49,445.18,403.37,0.77,5.7,4.23,23.23,24.58,22.98,8.58,2.97,3.1,23.02,1047.13,1.71,44.75,67.75,0,0.16,-0.58
GODREJCP.NS,Godrej Consumer,42.79,36.71,7.02,8.45,9.12,26.39,9.85,16.08,18.75,13.84,18.97,1861.47,1852.3,0.35,9.71,13.06,18.7,18.19,4.67,9.16,4.46,9.45,4.69,1946.35,2.3,109.93,53.06,0,-1.61,1.58
GODREJIND.NS,Godrej Industrie,30.16,18.71,3.24,1.51,5.77,12.86,1.8,9.26,8.17,6.7,7.2,2411.91,1858.24,4.61,2.19,8.64,34.91,36.83,5.21,16.89,9.93,19.36,5.23,-9417.14,0,0,74.64,0,0.09,0
GODREJPROP.NS,Godrej Propert.,31.13,25.25,2.63,2.26,0.63,24.65,2.33,8.82,7.63,8.2,6.65,1840.66,1389.23,0.83,16.7,31.17,53.13,61.43,45.4,12.66,31.59,9.31,49.34,-2381.5,0.6,16.28,51.66,0,-0.85,0.84
GOKEX.NS,Gokaldas Exports,47.84,26.64,2.28,2.39,-1.9,13.35,1.66,3.09,7.65,6.11,9.68,100.13,158.54,0.59,2.72,1.64,14.05,13.67,-29.72,7.65,21.52,-40.43,-25.12,-170.39,0,0,9.15,96.28,-5.39,5.83
GOKULAGRO.NS,Gokul Agro,15.16,18.77,4.48,1.89,0.37,8.09,8.2,30.05,36.69,26.26,31.42,369.38,245.58,0.41,4.1,1.53,14.25,12.52,40.78,21.05,30.88,59.07,40.78,219.66,0,0,74.24,13.69,0.36,0.02
GPIL.NS,Godawari Power,18.52,22.47,2.61,1.99,26.84,10.52,12.22,15.33,20.53,17.88,24.32,801.73,812.99,0.08,18.75,15.29,12.02,11.93,2.33,8.43,-2.19,10.67,0.69,76.29,0.44,7.68,63.18,0,0.06,0.47
GPPL.NS,Guj Pipavav Port,14.17,23.78,3.24,3.72,1.1,8.21,16.47,20.77,28.06,18.12,24.69,515.17,396.9,0.02,128.46,42.37,11.56,10.66,12.88,25.07,8.1,38.92,12.88,219.84,6.5,97.59,44.01,0,-0.09,-1.14
GRANULES.NS,Granules India,35.61,34.89,4.15,4.13,6.68,18.48,8.7,13.75,15.51,13.55,15.35,595.02,501.52,0.3,8.74,11.27,26.97,24.01,4.51,24.83,5.95,36.17,5.33,238.56,0.21,7.29,37.39,0,4.98,-1.61
GRAPHITE.NS,Graphite India,71.24,30.95,2.66,2.45,-9.35,37.66,2.4,3.11,4.58,4.12,5.38,171.08,458.18,0.06,12.19,6.24,10.9,8.97,-7.62,21.31,-3.58,-38.97,-7.62,-169.15,0.88,78.01,65.34,0,-0.66,-0.26
GRASIM.NS,Grasim Inds,37.47,28.24,2.07,1.78,-3.8,10.97,1.94,4.98,8.01,5.21,8.27,10300.29,7756.33,2.2,2.01,5.92,82.76,72.98,-9.85,19.51,14.25,39.78,-9.85,-33130,0.32,13.7,43.73,0,-0.28,-0.15
GRAVITA.NS,Gravita India,27.8,16.22,4.44,2.2,1.43,21.23,11.77,15.47,16.21,20.23,21.86,378.33,312.9,0.3,16.35,8.19,53.1,51.32,16.86,17.48,15.05,15.85,19.49,-45.86,0.43,12.37,55.88,0,-1.08,0.37
GREAVESCOT.NS,Greaves Cotton,53.88,41.72,3.75,6.32,5.15,18.48,1.6,8.1,10.11,4.5,6.32,35.29,-6.28,0.28,5.15,1.25,4.29,4.6,10.27,21.2,8.38,49.46,10.47,-61.14,0.87,43.48,55.77,0,-0.5,0.5
GRINDWELL.NS,Grindwell Norton,48.74,70.2,8.38,6.38,14.29,29.91,11.97,16.17,21.18,16.97,22.22,416.79,371.27,0.02,79.97,12.64,39.41,37.54,3.41,12.94,6.54,17.92,3.41,424.26,0.99,50.61,58.04,0,-0.35,0.41
GROWW.NS,Billionbrains,47.11,19.01,11.92,2.19,0.71,31.38,14.57,28.81,37.32,33.94,41.44,2083,1824.37,0.03,90.86,44.85,3.94,3.32,-63.15,37.74,59.64,30.83,66.41,-32.55,0,0,27.14,1.31,4.38,4.16
GRSE.NS,Garden Reach Sh.,32.11,78.38,9.79,9.08,0.64,19.71,7.08,31.6,42.82,27.67,35.6,747.93,527.4,0.01,78.56,10.62,69.89,65.29,50.2,39.64,39.83,42.86,50.2,-366.62,0.87,27.26,74.5,0,-0.3,0.24
GRWRHITECH.NS,Garware Hi Tech,40.01,21.42,5.82,2.26,1.46,27.03,11.89,13.46,18.08,13.08,17.54,338.23,331.22,0,60.58,15.96,166.95,145.59,27.45,6.02,13.81,19.02,27.45,113.92,0.18,8.24,60.73,0,0.24,1.07
GSFC.NS,G S F C,8.81,14.03,0.5,1.83,-0.46,5.35,4.68,5.51,7.16,4.95,6.37,673,591.16,0,52.52,6.15,17.39,16.88,-18.98,29.18,-1.26,7.86,-18.98,-171.64,3.27,29.62,37.84,0,0.01,0.02
GSPCROP.NS,GSP Crop Science,21.5,20.29,2.91,2.36,0.32,11.42,7.02,16.52,18.9,17.66,18.89,94.72,82.14,0.34,4.89,6.44,23.89,21.05,-34.85,17.84,8.03,21.4,67.29,-16.64,0.21,4.75,71.72,0,-2.35,-2.59
GVT&D.NS,GE Vernova T&D,79.7,34.62,40,5.04,0.16,56.65,20.66,57.4,77.44,42.28,51.77,1233.25,608.33,0.01,118.41,20.64,50.97,48.17,489.9,43.91,30.8,76.51,489.9,1521.46,0.24,20.76,51,0,2.5,-2.93
HAL.NS,Hind.Aeronautics,33.99,78.38,7.72,9.08,2.11,19.46,7.5,23.97,31.97,26.01,34.9,9115.52,8364.05,0,2129.76,27.54,139.38,136.3,16.09,7.42,7.11,12.22,16.08,8437.66,0.95,33.01,71.64,0,-0.87,1.47
HAPPSTMNDS.NS,Happiest Minds,19.93,19.69,2.77,3.66,-14.13,10.4,6.54,13.84,13.32,15.21,16.72,212.62,184.66,0.88,4.13,9.75,14.65,13.96,-2.59,11.5,17.44,18.38,-1.41,254.66,2.08,44.17,44.21,0,0.06,-3.33
HATHWAY.NS,Hathway Cable,21.86,29.02,0.37,0.63,2.12,3.65,1.63,1.9,2.62,1.9,2.64,82.24,92.54,0,119.31,3.91,0.43,0.47,10.29,5.64,4.97,-28.34,10.29,24.73,0,0,75,0,-0.27,0
HAVELLS.NS,Havells India,40.92,38.2,7.2,3.26,2.49,24.85,11.84,19.03,24.9,18.64,24.87,1689.25,1470.24,0.03,62.5,7.5,26.04,26.95,16.38,10.1,10.03,18.01,16.42,155.85,0.92,37.11,59.35,0,-1.02,0.54
HBLENGINE.NS,HBL Engineering,27.16,26.84,9.84,3.85,0.26,18.87,34.04,45.34,59.3,33.07,40.84,814.44,276.48,0.03,78.27,25.36,28.16,29.4,104.74,62.97,34.13,133.59,104.74,594.1,0.38,10.21,59.11,0,-0.32,0.18
HCC.NS,Hind.Construct.,39.72,15.21,2.53,1.7,1.16,9.24,2.17,11.89,24.85,0,23.88,165.52,112.63,0.48,1.43,4.54,0.63,0.63,33.54,-20.64,-21.7,366.39,34.13,824.78,0,0,16.18,82.43,0.46,-0.41
HCG.NS,Health.Global,213.17,49.43,7.75,6.06,-148.03,22.38,1.27,2.54,8.3,4.24,8.59,22.78,48.83,1.3,1.49,1.87,1.53,0.92,-1.88,13.72,14.49,29.93,-1.44,58.6,0,0,64.21,5.17,-0.03,0.29
HCLTECH.NS,HCL Technologies,18.73,19.69,4.52,3.66,3.36,11.07,15.71,23.81,30.4,23.99,30.54,16652,17399,0.07,33.23,13.26,64.2,61.33,5.58,12.59,8.65,6.8,5.58,18576,4.31,88.1,60.88,0,-0.61,-0.2
HDBFS.NS,HDB FINANC SER,19.18,20.24,2.56,1.73,2.11,13.99,2.19,13.94,9.09,15.74,9.8,2543.83,2175.92,4.8,1.54,13.8,33.26,30.64,7.36,11.97,14.11,27.72,9.1,-8746.52,0.63,13.06,74.12,0,0.54,-0.19
HDFCAMC.NS,HDFC AMC,33.5,33.5,10.68,6.55,1.28,25.31,30.51,32.93,42.88,31.75,41.31,2859.36,2461.05,0,276.21,62,68.86,66.75,26,15.14,23,13.24,26.16,2507.85,2.35,80.9,52.34,0,-0.35,0.34
HDFCBANK.NS,HDFC Bank,14.03,13.81,1.84,1.31,0.78,15.96,1.69,13.64,7.02,14.84,7.4,79219.46,73440.17,6.21,1.59,22.59,51.35,49.39,6.06,2.81,26.86,11.96,18.06,110143.97,1.81,31.38,0,0,-2.23,1.61
HDFCLIFE.NS,HDFC Life Insur.,58.53,62.49,5.9,7.25,4.96,55.35,0.52,11.28,10.3,11.09,7.72,1912.32,1810.82,0.16,0,1.92,9.14,8.86,11.66,4.3,12.3,5.05,11.81,22341.19,0.4,23.7,50.54,0,-3.25,2.94
HEGAM.NS,HEG Advanced Materials,13.09,30.95,0.97,2.45,-0.95,7.5,5.79,7.42,8.35,5.73,6.98,341.37,115.06,0.17,12.33,13.32,18.59,17.69,-13.73,20.2,1.41,80.07,-13.73,-35.26,1.42,19.22,60.72,0,-4.94,4.14
HEMIPROP.NS,Hemisphere Prop,0,18.57,7.62,1.96,0,-614.57,-0.99,-2.7,-1.14,-2.47,-1.08,-11.22,-7.52,0.2,-0.66,-1133.33,-0.41,-0.39,-35.7,-4.21,-20.9,-46.15,-35.7,-151.43,0,0,51.12,0,-0.57,-0.05
HERITGFOOD.NS,Heritage Foods,29.43,28.61,3.38,3.89,0.87,14.4,7.46,12.6,14.8,15.31,18.74,150.14,188.28,0.33,8.98,2.89,14.5,16.18,33.92,11.53,11.78,-28.12,33.92,-142.25,0.62,15.45,41.3,0,-0.23,0.17
HEROMOTOCO.NS,Hero Motocorp,19.5,34.07,4.99,7.88,0.69,13.02,18.69,28.1,35.22,24.42,31.55,5775.7,4375.81,0.04,94.01,12.19,272.33,286.96,28.12,25.64,11.55,9.93,28.17,7226.6,3.43,64.47,34.73,0,-0.06,-0.43
HEXAGON.NS,Hexagon Nutri.,20.08,42.49,0,4.84,0.08,14.2,13.06,16.85,22.21,17.37,20.33,38.15,26.97,0.11,27.23,11.28,3.45,3.45,265.69,18.54,40.52,41.11,265.69,2.65,0.47,0,64.29,0,0,0
HEXT.NS,Hexaware Tech.,21.08,19.69,4.45,3.66,1.17,12.29,14.57,24.86,30.07,23.72,28.9,1368.3,1174,0.1,16.52,10.8,22.01,22.41,-6.83,13.02,13.44,6.61,18.05,1575.6,2.35,51.15,74.3,0,-1.01,1.02
HFCL.NS,HFCL,55.03,13.64,6.44,2.5,41.07,26.79,4.03,6.98,10.76,6.82,10.53,329.44,173.26,0.39,4.23,6.69,3.77,2.04,-2.15,58.66,1.43,1590.52,1.34,-722.9,0.1,9.82,28.29,2.08,8.66,2.35
HGINFRA.NS,H.G. Infra Engg.,11.14,15.21,0.89,1.7,-0.6,7.06,2.71,8.52,11.33,15.95,17.4,329.81,505.4,1.54,1.85,5.05,28.6,50.69,-18.71,-3.14,4.24,-39.76,-18.71,-702.06,0.45,3.95,71.78,0,-0.02,-0.54
HILINFRA.NS,Highway Infra,11.83,20.17,1.34,1.46,0.3,8.94,10.47,18.85,18.83,18.87,21.71,31.8,22.4,0.45,5.81,5.24,3.61,4.47,-28.3,59.68,31.78,8.83,40.01,-74.02,0,0,70.04,0,-0.01,0
HINDALCO.NS,Hindalco Inds.,10.32,20.88,1.57,2.59,0.55,6.76,5.54,12.97,13.21,12.5,13.08,13391,16002,0.73,9.53,6.14,72.98,59.59,18.67,20.28,7.2,20.33,18.67,-19508,0.52,8.29,34.67,0,1.45,-1.53
HINDCOPPER.NS,Hindustan Copper,38.35,30.13,13.85,3.9,0.77,24.88,23.69,32.9,42.38,22.76,28.05,920.67,468.53,0.03,251.52,32.13,11.78,9.52,49.82,67.07,22.43,147.12,49.82,1019.21,0.6,30.04,66.14,0,-0.38,-0.55
HINDPETRO.NS,H P C L,43.54,9.59,1.11,1.73,0.66,11.75,9.08,30.94,22.24,27.75,18.01,18046.89,6735.7,0.85,0.98,4.09,7.85,84.81,66.22,9.4,0.08,-83.64,66.22,27998.69,7.08,28.6,54.9,0,-3.68,3.27
HINDUNILVR.NS,Hind. Unilever,40.46,40.46,9.14,4.58,2.81,27.63,19.11,31.03,28.42,23.91,27.81,15059,10671,0.03,40.56,23.65,63.66,64.01,14.41,5.8,2.1,3.61,14.41,9667,2.16,64.06,61.9,0,-0.6,0.59
HINDZINC.NS,Hindustan Zinc,14.33,63.54,10.77,10.77,1.57,9.22,35.67,76.38,69.25,68.7,58.74,13712,10279,0.39,30.3,33.6,40.08,32.45,9.15,38.91,6.04,66.06,9.15,11584,1.92,30.81,60.71,8.14,-0.19,0.12
HOMEFIRST.NS,Home First Finan,19.69,12.72,2.62,1.73,0.59,13.42,3.95,15.71,11.13,15.89,11.24,540.38,382.07,2.43,1.95,28.13,55.84,51.8,25.93,21.36,34.16,40.7,33.27,-1949.32,0.48,10.04,6.98,0,-1.82,2.31
HONASA.NS,Honasa Consumer,60.18,36.71,10.74,8.45,0.51,39.5,10.42,15.71,19.22,0,14.58,200.2,72.69,0.1,26.29,8.52,7.64,6.15,62.79,21.08,17.02,242.32,117.54,134.33,0.64,48.82,35.47,4.15,-0.1,2.34
HONAUT.NS,Honeywell Auto,53.35,34.45,6.71,4.73,7.72,31.88,9.04,12.59,16.95,13.6,18.4,525,523.6,0.02,76.63,11.43,623.31,593.79,6.91,6.59,10.74,9.31,6.91,460,0.32,18.44,75,0,0.2,0.03
HORIZONIND.NS,Horizon Industrial,0,25.25,0,2.26,0,33.67,-1.82,-6.18,3.18,-10.75,2.46,-203.65,-178.78,1.22,0.62,-30.71,-0.81,-0.81,19.5,77.15,65.94,-17.68,-13,471.5,0,0,75.4,0,0,0
HSCL.NS,Himadri Special,42.29,45.87,7.18,5.23,0.91,28.06,13.73,17.77,22.12,16.71,20.98,755.07,555.1,0.16,15.94,16.15,15.91,14.89,39.23,9.8,3.76,30.01,46.55,-62.74,0.12,5.37,52.49,0,0.82,0.11
HTEL.NS,Hy-Tech Engineer,27.16,26.84,0,3.85,3.31,13.83,12.99,20.15,23.91,17.81,20.86,22.61,19.62,0.24,7.13,11.88,2.71,2.71,-82.18,17.36,12.43,38.55,8.2,19.08,0,14.78,71.22,0,0,0
HUDCO.NS,H U D C O,7.93,15.34,1.54,1.97,0.24,13.52,2.71,20.05,8.41,16.56,9.09,4034.37,2709.14,6.45,1.36,30.68,21.26,20.15,33.02,25.95,22.91,52.98,33.02,-33906.44,3.59,30.02,75,0,0.18,-0.94
HYUNDAI.NS,Hyundai Motor I,33.82,44.05,8.33,4.69,7.03,17.68,16.83,29.89,38.4,36.43,47.85,5431.52,5640.21,0.05,61.49,7.67,60.93,66.85,0,3.55,5.47,-10.31,4.81,3069.51,1.02,31.42,82.5,0,-2.15,1.94
ICICIAMC.NS,ICICI AMC,45.59,33.5,38.09,6.55,1.54,33.36,70.7,85.8,115.1,82.96,109.43,3298.26,2650.66,0,267.96,54.98,100.95,66.73,-57.33,20.53,28.35,24.43,29.58,3166.57,0.85,153.24,87.59,0,0.56,-0.38
ICICIBANK.NS,ICICI Bank,16.67,13.81,2.47,1.31,1.01,17.62,2.07,15.92,7.18,17.36,7.55,57936.25,54569.38,5.55,1.89,29.49,78.36,75.71,15.61,3.96,17.26,6.05,16.58,63778.37,0.92,15.85,0,0,-0.69,2.38
ICICIGI.NS,ICICI Lombard,31.68,37.45,4.52,4,2.23,23.79,3.55,16.58,21.88,17.09,22.65,2771.94,2508.29,0,0,9.55,48.74,55.61,13.64,11.84,14.73,-9.23,14.2,2379.52,0.88,24.28,51.22,0,-0.84,1.23
ICICIPRULI.NS,ICICI Pru Life,41.49,62.49,4.88,7.25,1.63,40,0.51,12.58,10.14,8.75,8.19,1607.89,1185.52,0.19,0,2.54,11.09,11.09,25.19,-10.49,7.87,35.63,25.5,-5473.06,0.36,14.87,72.73,0,-0.67,0.76
ICIL.NS,Indo Count Inds.,57.97,18.39,3.7,1.7,-2.56,19.84,2.92,5.52,8.19,11.15,13.37,126.68,250,0.57,2.46,3.09,7.62,6.4,-22.65,5.3,11.2,-28.57,-22.65,372.22,0.34,23.45,58.74,0,0.28,0.1
IDBI.NS,IDBI Bank,9.74,13.81,1.32,1.31,0.28,15.66,2.1,14.14,5.92,13.25,6.03,9236.62,7656.32,5.47,1.76,31.81,8.67,8.57,35.41,0.92,12.12,17.72,35.41,16453.71,2.49,0,94.72,0,-0.11,0.02
IDEA.NS,Vodafone Idea,0,38.58,0,9.95,0,16.63,-12.45,0,-1.72,0,-2.42,34552,-27384,0,-0.1,-54.02,3.45,3.19,17.67,3.29,2.09,17.27,5.51,8597,0,0,25.64,0,0.61,-0.14
IDFCFIRSTB.NS,IDFC First Bank,30.87,13.81,1.44,1.31,-2.48,18.39,0.44,3.83,5.98,5.71,6.38,1636.36,1524.85,7.31,1.14,4.03,2.68,1.9,-19.78,12.32,21.29,72.08,-12.45,6177.96,0.31,13.14,0,0,-0.42,1.62
IEX.NS,Indian Energy Ex,20.36,46.71,7.6,18.93,1.04,14.7,20.9,39.4,51.79,39.78,52.58,473.71,414.65,0.01,261.2,77.86,5.47,5.31,19.63,13.14,14.92,12.23,19.63,410.14,3.14,65.82,0,0,-1.53,1.21
IFBIND.NS,IFB Industries,31.5,35.15,4.95,4.67,0.32,14.12,5.59,14.47,18.22,12.86,16.38,133.34,128.79,0.15,11.51,2.46,36.04,32.91,98.11,13.18,9.87,35.53,98.11,189.14,0,0,74.96,0,-0.13,-0.01
IFCI.NS,IFCI,106,15.34,2.13,1.97,2.57,15.03,1.6,1.97,4.9,2.29,7.74,434.71,348.61,0.39,2.27,20.14,0.65,0.67,38.69,4.81,6.92,-44.13,41.27,313.34,0,0,72.57,0,0.85,0.02
IGCL.NS,Indogulf Cropsci,9.5,20.29,0.8,2.36,0.44,6.63,5.27,10.87,12.23,12.08,12.84,40.03,31.47,0.4,3.89,5.67,6.1,6.33,-12.67,5.58,8.63,13.52,21.42,-68.86,0,0,69.05,0,-0.01,-0.06
IGIL.NS,International Gemological Instit,22.95,18.57,9.39,1.96,0.53,15.66,42.4,55.81,69.25,0,113.43,711.2,427.29,0.1,82.21,44.55,14.11,16.46,0,21.59,48.18,24.26,43.32,543.04,0.79,14.83,76.55,0,0.89,-0.87
IGL.NS,Indraprastha Gas,14.74,14.83,1.75,1.75,-5.76,7.51,9,13.33,17.52,16.83,22.24,1543.51,1713.01,0.01,108.44,9.08,9.72,11.07,-2.56,9.94,4.59,-18.29,-2.56,588.25,2.27,42.91,45,0,-6.92,6.77
IIFL.NS,IIFL Finance,12.16,20.24,1.83,1.73,3.51,9.45,2.32,12.61,10.87,11.52,10.5,1816.7,578.16,4.97,1.48,13.58,49.44,39.05,3.25,36.06,16.54,168.66,3.46,-14055.61,0.67,10.24,24.84,0,-4.3,0.41
IIFLCAPS.NS,IIFL Capital,19.01,19.01,3.49,2.19,0.86,7.14,5.18,16.2,21.07,24.85,29.64,563.64,712.88,0.59,4.35,18.07,18.29,18.02,21.3,2.17,22.61,-19.19,22.08,-935.59,0.87,16.64,30.67,0,-0.99,-0.84
IKS.NS,Inventurus Knowl,39.71,29.02,10.84,3.04,1.33,26.6,20.38,31.42,31.51,33.07,29.57,721.55,486.06,0.27,16.43,22.57,44.5,42.03,29.56,21.1,45.76,40.91,29.75,614.11,0,0,63.72,0,-0.18,1.1
IMFA.NS,Indian Metals,12.44,20.98,2.4,1.41,0.56,9.3,11.35,16.77,18.37,17,21.22,424.72,379.32,0.35,17.7,15.05,97.18,78.64,22.28,23.64,1.83,46.48,22.28,-1016.24,1.03,15.9,58.69,0,-0.28,0.06
INDGN.NS,Indegene,35.46,36.27,4.71,3.18,2.23,20.26,10.43,14.41,18.82,18.97,24.21,401.1,406.7,0.05,25.81,11.81,16.66,16.65,12.78,30.41,15.04,-4.39,15.92,606.5,0.37,13.49,0,0,-0.35,0.45
INDHOTEL.NS,Indian Hotels Co,52.13,26.77,7.75,2.2,2.41,28.48,9.83,14.24,17.06,14.37,16.46,2247.25,2038.09,0.22,13.26,19.19,15.08,14.64,21.57,13.17,18.59,13.24,21.66,1443.85,0.46,22.19,38.12,0,-1.52,1.89
INDIACEM.NS,India Cements,71.66,28.24,0.96,1.78,2.52,19.81,0.28,0.37,1.24,-4.51,-1.75,-67.25,-143.68,0.13,2.57,0.84,2.98,-2.17,28.41,7.06,-7.18,133.4,28.41,-114.66,0,0,75,0,-0.09,-0.3
INDIAGLYCO.NS,India Glycols,6.29,49.56,0.68,2.18,0.16,5.04,4.6,11.26,12.4,10.43,11.82,292.76,230.92,0.58,3.78,6.94,48.01,43.7,35.12,12.01,16.68,30.01,38.66,-47.46,2.52,17.17,59.63,0,-0.03,0.02
INDIAMART.NS,Indiamart Inter.,19.95,18.9,4.1,2.14,1.06,13.84,10.84,20.7,28.04,21.74,28.74,474.68,550.7,0.01,271.28,30.25,82.1,79,19.5,12.74,16.77,-16.4,18.78,687.31,1.83,75.94,49.07,0,0.75,-1.43
INDIANB.NS,Indian Bank,8.48,7.32,1.29,0.92,0.3,16.69,1.25,15.45,6.32,15.97,6.21,11706.77,11264.39,10.64,1.41,17.34,94.91,86.89,24.77,9.53,14.49,11.39,28.07,18387.41,2.27,21,73.84,0,0.34,-0.72
INDIASHLTR.NS,INDIA SHELTE FIN,13.35,12.72,2.2,1.73,0.28,11.23,5.82,17.11,12.86,15.63,12.56,505.06,377.05,1.95,2.49,33.02,48.67,46.44,9.54,25.69,37.86,28.07,48.25,-1194.03,1.54,21.53,46.05,0,-0.01,0.53
INDIGO.NS,Interglobe Aviat,0,22.29,27.03,6.8,0,16.65,-1.76,-27.1,5.24,0,15.69,-2393.6,7258.4,11.15,0.55,-2.61,-124.31,-61.87,0,8.96,15.99,-147.77,0,21766.9,0.21,0,41.57,0,-1.32,0.71
INDIGOPNTS.NS,Indigo Paints,32.02,34.48,4.48,4.48,7.13,18.8,10.23,13.42,17.94,15.01,20.21,145.39,143.94,0.02,95.44,11.26,33.85,30.5,4.43,8.39,7.41,15.11,4.49,78.52,0.45,16.4,53.88,0,-1.69,2.25
INDIQUBE.NS,Indiqube Spaces,0,18.57,8.21,1.96,0,8.71,-1.9,-42.16,6.38,0,2.23,-106.34,-139.62,10.12,0.75,-7.33,-4.42,-5.02,0,38.88,35.77,30.42,13.58,493.69,0,0,60.11,0,-0.02,-0.34
INDOMIM.NS,Indo-MIM,94.07,34.45,0,4.73,12.3,51.5,13.01,23.43,24.98,21.32,22.45,533.54,423.73,0.49,5.86,14.02,11.02,11.02,-37.23,25.93,15.06,20.16,7.65,662.26,0,61.71,77.65,0,0,0
INDUSINDBK.NS,IndusInd Bank,53.58,13.81,1.08,1.31,-1.06,16.64,0.16,1.36,5.68,6.6,6.7,889.33,2575.55,6.73,1.07,1.92,16.97,11.41,-50.81,-6.38,8.34,31.08,-50.74,359.16,0.16,13.14,15.82,42.78,0.6,1.73
INDUSTOWER.NS,Indus Towers,13.29,13.64,2.4,2.5,0.28,6.21,9.99,18.61,19.48,24.62,23.57,7144.9,9931.7,0.53,7.35,20.66,27.12,27.08,48.38,6.72,4.61,-26.57,47.33,7786.1,3.89,51.69,51.26,0,-1.9,1.74
INFY.NS,Infosys,13.05,19.69,4.47,3.66,1.66,8.2,19.94,31.89,39.95,30.82,39.14,29474,26750,0.1,100,16.86,74.24,72.59,8.66,11.22,6.77,14.33,7.84,31259,4.78,66,13.82,0,-1.36,-0.41
INNOVISION.NS,Innovision,34.58,20.17,2.04,1.46,0.55,13.43,10.47,19.62,20.28,25.37,26.05,36.35,29.02,0.43,2.56,3.71,8.59,15.51,-37.36,9.81,56.56,25.95,63.05,-30.98,0,0,74.17,0,-1.86,0.19
INOXGREEN.NS,Inox Green,55.67,18.57,4,1.96,0.81,32.06,4.54,5.62,8.42,3.18,4.88,103.45,21.85,0.05,26.14,37.14,3.12,2.55,59.2,16.34,3.39,204.19,68.67,65.11,0,0,56.12,0,-0.88,0.37
INOXINDIA.NS,Inox India,72.44,26.84,16.66,3.85,3.75,48.42,14.19,26.13,33.48,28.73,38.17,257.89,226.03,0.07,34.69,16.39,28.08,28.41,19.34,19.94,18,12.26,19.34,10.98,0.1,7.04,74.86,0,-0.27,-0.05
INOXWIND.NS,Inox Wind,36.01,34.62,1.95,5.04,0.96,12.69,4.37,7.5,10.62,7.43,8.85,449.1,437.63,0.25,3.77,10.21,1.99,2.34,35.53,17.08,81.38,-22.34,37.68,-1246.42,0,0,44.18,8.08,-0.07,-0.94
INTELLECT.NS,Intellect Design,23.99,19.69,2.78,3.66,2.13,11.78,8.73,12.36,16.03,13.04,17.7,343.25,334.42,0.05,82.3,12.05,25.28,24.73,10.19,22.59,10.84,4.84,11.25,291.14,0.63,28.31,29.63,0,-2.06,0.24
IOB.NS,I O B,10.62,7.32,1.55,0.92,0.3,17.91,1.2,14.86,6.07,12.18,5.81,5208.03,3334.71,10.74,1.33,16.32,2.99,2.7,34.56,14.86,18.03,50.97,35.39,4862.58,0,0,92.44,0,0.04,0.01
IOC.NS,I O C L,5.59,9.59,0.86,1.73,0.09,4.24,8.32,20.48,18.66,17.17,15.72,43677.32,13788.83,0.6,7,5.5,23.83,29.81,61.92,13.47,-2.32,110.76,61.92,48881.21,6.19,26.99,51.5,0,-0.76,0.42
IONEXCHANG.NS,ION Exchange,56.46,20.51,4.63,3.69,-7.04,24.93,4.85,12.04,14.17,16.81,21.33,143.2,208.26,0.36,6.04,5.28,6.69,9.73,-8.01,10.15,13.57,-47.98,-8.02,-279.61,0.3,12.47,25.43,0,0.23,0.52
IPCALAB.NS,Ipca Labs.,35.48,34.89,6.04,4.13,0.95,20.42,10.15,15.7,16.98,12.94,14.82,1183.78,785.24,0.1,28.42,12.74,51.63,44.98,37.4,10.59,15.66,53.52,37.4,486.02,0.31,0,44.72,0,0.09,-0.09
IRB.NS,IRB Infra.Devl.,21.02,15.21,0.99,1.7,2.8,8.9,1.62,4.29,7.47,4.85,8.08,850.36,6480.68,0.96,1.82,11.44,0.79,0.7,7.5,-2.2,6.11,17.88,7.5,1416.86,0.9,14.91,30.81,0.03,0.03,0.12
IRCON.NS,Ircon Intl.,18.53,15.21,1.46,1.7,-1.61,8.6,2.57,8.19,9.27,11.62,13.02,591.92,727.83,0.86,2.79,5.79,5.57,6.33,-11.54,-9.92,-4.36,-21.6,-11.54,-1148.22,1.84,30.01,65.17,0,-0.17,0
IRCTC.NS,I R C T C,26.27,36.42,8.42,2.71,2.26,17.4,19.09,34.43,46.1,36.76,49.63,1393.37,1314.66,0.02,103.64,26.31,17.41,17.42,11.64,15.01,13.77,5.59,11.64,1196.54,1.98,51.67,62.4,0,-0.95,0
IREDA.NS,Indian Renewable,16.4,15.34,2.34,1.97,0.56,14.55,2.2,15.59,8.69,16.82,9.12,1873.34,1698.6,5.65,1.49,22.48,6.99,6.67,20.79,19.93,33.77,25.78,29.41,-14497.69,1.18,20.24,71.76,0,0.34,-0.05
IRFC.NS,I R F C,14.27,15.34,1.81,1.97,4.17,18.88,1.39,12.81,5.64,13.03,5.73,7009.17,6502,7.69,1.34,25.69,5.5,5.36,3.42,4.87,4.53,7.79,3.42,-27029.59,2.67,39.15,82.9,0,0.01,1.09
ITC.NS,ITC,16.83,40.46,4.58,4.58,5.67,11.65,23.37,29.32,38.91,35.24,37.36,21018.15,35052.48,0.03,246.69,26.91,15.84,16.51,2.69,-3.23,3.6,-1.41,2.97,16331.87,5.47,87.81,0,0,-0.6,-0.02
ITCHOTELS.NS,ITC Hotels,35.81,26.77,2.83,2.2,0,19.13,6.83,7.89,11.23,6.65,10.43,821.26,637.64,0.01,153.67,21.41,4.15,3.92,0,16.09,0,35.3,0,701.37,0.63,25.5,39.85,0,-2.97,2.52
ITI.NS,ITI,0,54.87,12.78,9.25,0,237.33,-1.59,-9.13,1.43,-18.32,-2.77,292.79,-233.15,0.41,0.27,-7.16,3.36,3.04,16.3,-41.28,16.1,51.01,16.15,774.63,0,0,90.02,0,0.08,0
IVALUE.NS,Ivalue Infosolut,11.16,29.02,2.11,3.04,0.58,7.09,7.85,19.81,25.37,20.42,25.94,98.38,85.3,0.12,13.88,9.68,19.09,17.98,-49.2,5.52,9.83,23.71,19.38,107.77,0,0,32.1,0,0.51,0.19
IXIGO.NS,Le Travenues,78.02,36.42,3.32,2.71,1.95,50.09,4.27,5.54,6.8,7.32,8.65,71.48,60.25,0.02,40.55,5.99,1.94,1.65,32.5,20.87,34.81,37.2,40.04,175.26,0,0,0,0,-2.91,2.9
J&KBANK.NS,J & K Bank,6.8,13.81,0.92,1.31,0.26,17.85,1.32,15.36,5.84,15.68,5.96,2359.5,2081.79,10.46,1.39,17.93,20.92,21.43,23.26,4.78,12.02,7.26,25.97,-1595.05,1.51,0,59.4,0,1.03,1.85
JAIBALAJI.NS,Jai Balaji Inds.,39.57,17.23,2.57,2.13,-58.19,15.45,3.23,5.87,9.57,31.49,35.99,129.95,557.88,0.18,4.38,2.23,1.59,1.42,-7.91,2,-1.89,-65.13,-0.68,115.1,0,0,64.84,31.09,-0.22,-0.01
JAINREC.NS,Jain Resource,26.7,23.3,6.23,5.28,0.48,17.74,13.28,30.42,25.66,36.6,25.14,347.39,223.29,0.82,6,3.63,10.44,10.11,-23.9,65.35,46.04,66.12,56.07,-693.27,0,0,73.59,0,-1.79,-0.36
JAMNAAUTO.NS,Jamna Auto Inds.,23.1,29.28,4.87,3.69,1.86,13.56,15.07,22.34,26.05,21.95,25.21,230.98,180.32,0.13,21.11,9.15,5.85,5.78,12.31,15.89,3.95,34.55,12.4,260.59,1.79,43.25,49.84,1.52,-0.24,-0.92
JARO.NS,Jaro Institute,16.66,27.88,2.61,2.61,0.3,10.16,12.45,16.52,22.09,26.86,36.43,52.92,51.67,0.02,41.42,16.04,25.49,23.86,37.26,12.52,30.88,34.84,56.23,56.62,1.18,12.35,61.43,0,-0.03,-2.16
JAYNECOIND.NS,Jayaswal Neco,14.93,22.47,3.01,1.99,0.75,7.26,8.04,18.05,20.69,11.31,15.8,463.11,112.68,0.74,3.02,6.65,5.81,4.77,19.97,22.18,4.01,140.77,19.97,1251.44,0,0,55.15,99.87,0.42,0.48
JBMA.NS,JBM Auto,58.71,29.28,8.78,3.69,2.65,19.56,3.73,15.67,15.07,15.88,14.66,238.07,214.63,1.97,1.98,4.05,9.48,9.25,22.17,12.46,16.43,12.06,22.16,-358.09,0.15,9.19,67.53,0,0.06,0.06
JINDALSAW.NS,Jindal Saw,27.02,22.47,1.4,1.99,1.88,10.68,4.43,8.2,10.43,13.89,17.04,925.32,1458.05,0.37,2.52,5.23,10.22,15.22,14.34,-8.57,0.05,-62.04,14.34,706.2,0.72,13.14,63.25,0,-0.38,2.57
JINDALSTEL.NS,Jindal Steel,37.64,17.23,2.28,2.13,48.88,14.01,4.39,8.22,9.7,9.84,11.18,3360.87,2845.68,0.44,3.53,7.53,26.65,33.01,0.77,16.45,0.15,-19.17,0.77,-2343.02,0.18,6.04,62.71,9.92,-0.35,0.38
JIOFIN.NS,Jio Financial,70.46,23.86,1.05,0.75,0.24,46.01,1.03,1.19,1.86,1.23,1.62,1560.9,1612.59,0.16,3.31,43.38,3.2,2.46,0,119.23,328.21,28.96,293.11,-15438.64,0.27,24.42,49.13,0,-1.04,-0.99
JKCEMENT.NS,J K Cements,39.49,28.24,5.48,1.78,1.18,17.63,5.8,15.61,15.1,15.13,14.96,987.99,872.17,0.88,4.28,7.43,122.37,128.45,33.36,15.92,12.18,6.47,33.36,-375.51,0.4,15.57,45.66,0,-0.01,-0.03
JKLAKSHMI.NS,JK Lakshmi Cem.,15.98,28.24,1.58,1.78,3.47,7.79,4.69,10.69,12,11.46,13.16,412.61,275.95,0.67,3.45,5.89,29.8,33.19,2.76,8.74,1.58,3.84,4.61,407.04,1.31,19.59,45.12,0,-3.32,3.57
JKPAPER.NS,JK Paper,22.11,16.75,1.31,0.75,-0.56,9.28,2.68,4.77,7.39,10.92,12.09,273.5,409.77,0.47,3.28,3.78,17.9,14.66,-41.17,10,3.21,-4.09,-39.82,282.16,1,27.28,52.94,0,-0.2,0.12
JKTYRE.NS,JK Tyre & Indust,13.54,21.91,1.61,1.85,0.31,7.41,5.82,15.99,15.51,15.69,15.86,775.9,509.31,0.81,3.51,5.41,23.19,26.92,36.57,9.93,3.69,56.01,43.94,37.92,1.18,14.86,51.72,0,-2.84,-0.19
JLHL.NS,Jupiter Life Lin,45.36,49.43,5.6,6.06,1.23,23.93,8.86,13.06,14.8,15.99,18.44,194.19,193.75,0.38,7.82,12.64,5.72,5.92,30.15,14.76,18.89,-0.87,36.74,-233.87,0.08,3.38,40.91,0,0.89,-0.5
JMFINANCIL.NS,JM Financial,11.34,13.63,1.12,1.55,0.42,7.37,4.8,11.94,11.63,8.99,10.38,1201.04,773.59,1.09,2.47,28.8,10.87,12.57,26.73,-5.25,8.65,-4.38,26.8,526.12,2.59,25.86,57.03,0,-0.21,-0.38
JNPR.NS,Juniper Green,582.26,20.49,0,1.79,12.58,38.21,0.1,0.43,3.3,1.07,4.71,40.46,36.48,4.02,1.09,2.03,0.83,0.83,26.66,41.33,29.46,-46.37,46.29,-6161.88,0,0,85.94,0,0,0
JPPOWER.NS,JP Power Ven.,12.73,20.49,0.84,1.79,0.13,6.92,2.52,3.6,6.97,7.56,10.4,450.63,813.55,0.27,3.32,8.1,0.94,0.66,96.79,8.8,-1.3,12.35,96.79,1297.96,0,0,24,72.99,0.17,-5.88
JSFB.NS,Jana Small Finan,13.88,13.88,1.18,1.23,1.64,13.7,0.76,7.6,7.45,14,8.07,326.43,501.42,9.23,1.13,6.1,36.06,30.99,-15,18.24,20.29,-12.26,8.44,472.23,0,0,16.94,0,-0.3,1.02
JSL.NS,Jindal Stain.,18.68,17.23,3.11,2.13,1.22,10.92,8.45,17.73,19.28,17.85,19.89,3184.57,2499.72,0.38,8.66,7.51,39.41,38.74,15.2,9.82,6.36,27.78,15.25,755.29,0.54,10.32,62.04,0.61,-0.42,0.2
JSLL.NS,Jeena Sikho,26.37,20.12,13.35,8.83,0.3,16.27,40.71,61.43,64.45,49.09,54.33,222.18,79.94,0.27,22.62,27.74,19.03,17.87,88.26,56.71,57.83,103.13,88.21,230.77,0.9,25.18,63.62,0,-1.39,-0.1
JSWCEMENT.NS,JSW Cement,19.43,28.24,2.34,1.78,0.28,13.18,5.25,14.67,11.07,6.8,7.9,-798.78,-163.76,0.68,3.01,10.61,5.58,-5.55,51.08,15.58,3.82,1332.03,68.29,-791.31,0.44,-88.67,72.02,0.08,0.77,2.75
JSWDULUX.NS,JSW Dulux,37.6,34.48,5.89,4.48,15.35,23.49,10.78,19.1,22.73,26.8,35.54,1973.8,429.5,0.03,43.9,10.03,430.94,433.42,2.45,-11.5,-1.81,-5.42,2.45,-1034.5,1.58,47.49,61.2,0,0.06,0.17
JSWENERGY.NS,JSW Energy,45.17,20.49,2.83,1.79,2.41,14.58,2.52,7.51,8.16,7.72,7.75,2762.41,1982.88,2.5,1.29,14.24,11.12,12.74,16.19,35.37,22.3,-7.65,18.78,-213.15,0.4,15.69,66.53,13.28,1.67,1.87
JSWINFRA.NS,JSW Infrast,52.42,23.78,6.73,3.72,1.84,28.53,8.64,15.31,13.59,16.38,14.64,1546.9,1521.48,0.63,5.52,29.83,6.91,7.25,23.55,19.02,18.84,-2.82,28.55,-466.89,0.26,12.32,73.93,0,4.29,6.76
JSWSTEEL.NS,JSW Steel,25.61,17.23,3.09,2.13,0.74,11.19,4.12,10.24,10.96,8.97,10.79,25508,3491,0.99,2.74,5.66,101.34,91.26,34.25,12.22,3.77,136.05,34.77,10610,0.56,9.7,44.29,11.6,0.54,0.33
JUBLFOOD.NS,Jubilant Food.,82.44,82.44,13.78,8.54,9.71,17.77,5.38,20.96,14.8,14.83,13.14,444.24,217.12,2.14,2.31,5.02,6.58,6.49,8.49,16.28,22.63,41.6,8.49,888.58,0.25,18.48,40.27,1.35,-3.97,3.21
JUBLINGREA.NS,Jubilant Ingrev.,32.8,28.46,3.34,2.83,-14.64,16.63,5.5,9.52,11.37,8.49,10.83,277.9,251.18,0.25,8.87,6.57,19.38,17.45,-2.24,10.96,-2.76,14.58,-2.24,234.75,0.76,28.37,45.22,9.3,0,0.22
JUBLPHARMA.NS,Jubilant Pharmo,43.44,34.89,2.38,4.13,0.92,14.87,3.12,6.53,8.99,4.91,8.43,397.5,836.3,0.51,3.79,5.25,22.1,25.02,47.05,16.27,9.64,-20.14,47.05,-120.2,0.47,19.82,47.67,6.58,-0.03,0.77
JUSTDIAL.NS,Just Dial,10.77,18.9,1.1,2.14,0.21,7.87,2.84,3.38,7.01,3.71,6.31,497.02,584.2,0.02,84.66,13.52,59.21,58.44,51.76,7.27,12.84,-13.6,52.19,264.56,0,0,74.14,0,-1.61,0.56
JWL.NS,Jupiter Wagons,53.4,53.4,3.19,3.19,3.6,25.26,4.07,6.37,9.14,14.26,20.55,165.96,380.27,0.33,4.62,6.08,3.91,4,11.14,-11.73,12.13,-44.92,14.84,-524.16,0.45,24.98,68.31,0,-0.72,0.01
JYOTHYLAB.NS,Jyothy Labs,24.52,24.52,4.38,2.98,1.79,14.7,15.07,21.7,28.66,27.81,36.6,333.19,371.17,0.03,81.13,10.95,7.73,9.07,13.69,3.94,5.86,-22.98,13.69,345.89,1.85,38.57,62.89,0,-0.22,-1.26
JYOTICNC.NS,Jyoti CNC Auto.,73.91,34.45,11.89,4.73,0.47,42.28,10.49,18.22,21.32,19.78,22.31,336,316.01,0.43,6.42,16.05,14.15,14.77,60.9,17.44,31.08,-4.4,156.89,-268.83,0,0,62.55,20.92,-2.66,-1.09
KAJARIACER.NS,Kajaria Ceramics,32.44,27.39,6.18,1.39,2.32,18.24,13.39,17.88,23.38,15.35,20.64,487,300.02,0.07,36.92,10.79,34.27,30.48,13.96,8.5,3.3,63.87,13.97,563.06,1.18,45.94,47.69,0,1.35,-1.23
KALYANKJIL.NS,Kalyan Jewellers,39.77,19.18,9.23,3.47,0.89,22.4,7.7,24.85,21.15,19.29,16.74,1350.4,714.17,0.97,5.47,3.86,13.9,13.08,44.45,45.79,36.44,82.64,44.57,938.76,0.44,19.12,62.86,24.85,-3.73,1.7
KANOHAR.NS,Kanohar Elect.,49.36,34.62,0,5.04,0.62,33.51,24.84,42.19,54.32,30.67,36.36,129.73,65.12,0.1,14.47,19.87,17.43,17.43,-33.71,45.1,28.13,99.71,79.94,22.58,0,0,74.65,0,0,0
KANSAINER.NS,Kansai Nerolac,22.25,34.48,2.14,4.48,3.02,12.57,6.68,8.82,11.99,10.55,13.93,575.84,1109.33,0.05,27.62,7.02,7.42,7.29,7.35,5.24,2.2,0.93,7.36,681.88,1.41,51.45,74.96,0,0.42,-0.02
KARAMTARA.NS,Karamtara Engg.,50.18,34.62,0,5.04,0.67,24.78,6.65,20.83,23.41,19.57,24.11,228.75,139.33,0.91,3.22,5.32,7.83,7.83,-53.46,36.52,39.15,74.61,74.62,-247.42,0,0,82.01,0,0,0
KARURVYSYA.NS,Karur Vysya Bank,11.29,13.81,2.2,1.31,0.36,14.54,1.94,19.1,7.62,18.08,7.3,2510.33,1941.64,8.38,1.58,22.45,28.4,25.97,30.84,16.02,19.33,36.93,31.02,-683.35,0.81,10.01,2.07,3.85,-1.33,1.96
KAYNES.NS,Kaynes Tech,70.9,34.45,5.16,4.73,1.38,32.86,5.72,8.69,12.69,9.7,13.83,363.89,293.44,0.19,4.97,9.1,51.57,54.28,44.36,34.85,47.68,9.39,51.37,-1840.7,0,0,53.46,0,-1.46,-3.35
KEC.NS,KEC International,17.31,15.21,1.69,1.7,0.31,9.2,2.76,11.35,16.53,10.85,16.86,605.59,570.74,0.87,2.15,2.78,20.8,22.75,53.28,5.14,10.8,-1.2,55.07,-691.3,1.41,24.18,50.1,0,0.08,-3.52
KEI.NS,KEI Industries,43.26,25.82,6.48,4.08,1.78,27.81,11.33,14.73,20.05,16.18,22.85,918.43,696.41,0.04,20.89,7.81,104.27,96.07,21.94,20.29,19.34,34.36,24.33,-412.12,0.1,4.68,35,0,0.05,0.07
KFINTECH.NS,KFin Technolog.,43.65,39.22,9.12,9.12,2.26,26.11,14.73,21.61,29.19,23.22,30.73,343.71,332.63,0.03,97.36,25.58,19.81,19.92,18.59,22.77,21.81,2.51,19.35,258.95,1.36,60.23,22.82,0,-5.53,2.09
KIMS.NS,Krishna Institu.,154.37,49.43,13.65,6.06,-17.93,41.72,3.72,11.31,9.5,15.36,13.79,242,414.8,1.89,2.14,6.37,5.06,6.03,-8.61,30.9,21.12,-43.46,-8.61,-902.1,0,0,32.49,10.26,0.18,1.92
KIRLOSBROS.NS,Kirl. Brothers,33.99,41.72,5.58,6.32,1.82,21.78,9.86,17.3,20.35,19.88,25.08,377.31,418.7,0.1,16.24,8.77,47.02,47.05,18.67,5.04,6.75,-4.23,18.67,203.81,0.4,14.88,65.95,0,0.17,-0.15
KIRLOSENG.NS,Kirloskar Oil,54.7,41.72,8.6,6.32,2.47,24.51,5.4,17.51,14.55,16.51,14.39,562.46,475.82,1.48,2.52,7.47,37.58,39.51,21.98,22.68,15.33,27.79,22.16,594.7,0.33,17.72,41.06,0,0.54,-0.69
KIRLPNU.NS,Kirl.Pneumatic,32.26,41.72,7.05,6.32,0.9,21.85,15.92,22.73,30.3,20.32,26.76,258.41,211.07,0,1826,15.16,20.36,19.89,35.7,9.99,12.39,26.98,35.91,162.67,0.88,30.16,38.81,0,0.83,-0.56
KISSHT.NS,Onemi Technology,19.31,23.84,0,2.32,0.17,11.23,8.41,24.02,22.66,23.23,23.45,281.45,160.62,1.81,2.11,12.74,23.7,23.7,-25.28,63.31,30.23,75.41,116.54,-471.06,0,0,23.57,0,2.72,-1.48
KITEX.NS,Kitex Garments,0,26.64,2.25,2.39,0,52.91,-1.86,-3.22,1.59,5.61,6.24,-13.2,135.74,1.16,0.08,-7.84,-1.2,0.3,0,-36.44,6.19,-120.6,0,17.86,0.43,168.78,56.66,0,0.33,-0.01
KNACK.NS,Knack Packaging,21.33,19.7,0,2.03,0.37,14.11,20.14,41.96,34.07,39.77,30.56,89.42,71.1,0.88,8.64,11.14,8.94,8.94,-41.76,11.42,16.45,27.2,58.08,34.63,0,0,70.59,0,0,0
KNRCON.NS,KNR Construct.,9.66,15.21,0.66,1.7,161,7.93,5.42,8.7,10.36,19.13,21.56,436.87,1001.87,0.49,2.87,15.33,14.03,15.54,0.06,-38.98,-12.75,-67.02,0.06,-134.74,0.21,1.61,48.81,0,-0.87,-2.02
KOTAKBANK.NS,Kotak Mah. Bank,19.97,13.81,2.2,1.31,2.23,17.78,2.05,11.39,6.98,13.73,7.67,19287.89,22125.99,3.65,1.91,27.64,20.41,19.39,8.89,5.68,18.3,4.59,8.94,40690.49,0.16,3.35,25.87,0,-1.19,1.52
KPIGREEN.NS,KPI Green Energy,15.51,20.49,2.32,1.79,0.25,11.17,6.91,17.38,13.85,19.52,17.65,509.24,325.28,1.71,3.99,18.82,23.19,24.13,52.59,40.01,61.18,27.27,62.77,-2608.25,0.25,4.35,49.41,44.74,-0.08,0.03
KPIL.NS,Kalpataru Proj.,21.14,15.21,3.02,1.7,0.59,10.32,3.64,13.7,18.28,11.53,16.74,1030.63,567.27,0.46,4.18,3.57,66.55,60.9,33.47,14.56,18.38,57.31,35.72,839.52,0.8,18.06,33.58,24.55,-0.15,-0.28
KPITTECH.NS,KPIT Technologi.,22.32,19.69,3.94,3.66,1.06,10.65,11.18,20.93,26.26,27.13,34.88,637.37,839.6,0.24,11.12,10.46,21.25,23.25,21.08,9.55,24.25,-22.64,21.08,1056.18,1.47,32.04,38.59,0,-0.03,-1.05
KPRMILL.NS,K P R Mill Ltd,41.2,18.39,6.61,1.7,19.07,25.14,13.14,15.71,19.58,17.24,20.01,866.5,815.11,0.1,23.85,12.64,26.69,25.35,2.16,4.2,2.44,10.65,2.16,855.62,0.45,19.72,67.52,0,0.38,-0.22
KRBL.NS,KRBL,11.54,15.79,1.51,2.37,-4.44,7.86,10.11,11.73,15.16,11.2,14.28,648.04,476.05,0.03,134.39,10.63,33.13,28.31,-1.69,0.51,4.36,40.39,-2.6,866.47,1.18,15.89,60.17,0,-0.47,-0.01
KRN.NS,KRN Heat Exchan,93.63,26.84,15.02,3.85,0,60.13,10.02,14.26,16.06,17.21,18.4,76.47,52.88,0.33,15.8,12.74,15.33,12.3,0,64.04,0,81.77,0,-312.12,0,0,65.69,0,2.2,1.94
KRT.NS,Knowledge Realty,80,68.51,1.16,1.9,4.4,17.16,1.24,1.67,5.22,0,5.22,375.44,-2.36,0.29,2.33,11.84,1.41,0.85,0,0,1.65,15380.51,18.18,1785.98,1.5,558.02,0,0.03,0,0
KSB.NS,KSB,53.29,41.72,8.21,6.32,3.14,33.16,11.32,18.39,24.7,17.83,24,270.49,247.48,0,101.8,10.79,14.11,15.54,16.97,4.63,13.95,2.04,16.98,-0.16,0.55,28.31,69.8,0,-0.56,0.14
KSCL.NS,Kaveri Seed Co.,15.83,15.79,2.25,2.37,3.65,12.38,9.07,15.05,15.82,17.85,19.22,295.83,282.28,0,799.41,17.6,48.52,57.51,7.29,1.46,9.23,-21.49,4.34,-155.03,0.65,8.7,60.5,0,-1.01,0.62
KSHINTL.NS,KSH Internationa,50.93,25.82,8.26,4.08,0.83,27.41,10.77,20.13,21.46,20.94,20.16,110.13,67.99,0.4,4.17,3.58,19.98,16.25,-67.24,80.67,43.59,64.04,61.23,-227.77,0,0,74.58,0,0.66,-3.02
KTKBANK.NS,Karnataka Bank,8.47,13.81,0.92,1.31,2.39,15.71,1.05,10.35,6.06,11.56,6.21,1310.5,1272.37,8.63,1.32,14.69,38,34.65,-2.85,0.47,7.29,23.41,3.54,1012.28,1.55,14.43,0,0,1.32,-0.41
KUSUMGAR.NS,Kusumgar,51.46,18.39,0,1.7,1.5,35.21,10.23,18.57,18.84,28.37,30.15,88.13,108.91,0.49,5.61,13.05,8.68,8.68,-83.2,-16.14,29.24,-18.94,34.21,-34.3,0,0,75.01,0,0,0
LALITHAA.NS,Lalithaa Jewel,20.93,19.18,0,3.47,0.33,12.68,11.19,40.2,37.98,29.72,29.07,1008.79,362.79,0.68,6.62,4.04,20.18,20.18,-53.01,48.18,23.23,178.65,63.35,-464.74,0,0,82.85,0,0,0
LALPATHLAB.NS,Dr Lal Pathlabs,57.99,35.21,12.97,5.36,1.94,33.83,18.01,22.3,28,22.3,27.23,509.76,492.25,0.08,31.61,19.08,32.33,30.13,29.64,14.29,11.06,9.57,29.86,462.77,0.72,68.05,53.19,0,0.17,0.22
LASERPOWER.NS,Laser Power,33.54,25.82,0,4.08,0.47,13.69,4.45,16.78,20.51,15.68,19.02,151.59,106.75,1.2,2.19,4.69,13.18,13.18,-69.62,-9.5,20.97,5.41,71.55,-161.94,0,0,75.3,0,0,0
LATENTVIEW.NS,Latent View,25.59,19.69,2.85,3.66,3.25,14.86,10.2,11.9,15.85,11.77,15.41,202.12,173.49,0.02,29.94,18.63,9.45,9.57,7.53,22.77,25.31,5,7.88,142.36,0,0,65.1,0,-1.03,-0.53
LAURUSLABS.NS,Laurus Labs,99.66,34.89,20.48,4.13,23.67,53.35,9.03,18.3,17.76,10.1,11.17,890.14,358.34,0.48,9.91,13.15,20.25,16.46,4.13,22.62,4.09,114.88,4.21,560.36,0.1,12.15,27.47,2.69,2.18,-0.23
LAXMIINDIA.NS,Laxmi India Fin.,10.97,20.24,1.33,1.73,0.24,8.28,3.08,13.76,12.72,14.06,13.14,49.76,36,2.87,1.53,15.7,10.81,9.52,0,28.83,34.77,44.41,46.15,-286.49,0,0,60.17,0,-0.18,0.98
LCCPROJECT.NS,LCC Projects,15.18,15.21,0,1.7,0.25,9.05,13.75,38.03,30.59,41.8,34.42,286.44,223.63,0.97,4.94,7.97,10.42,10.42,-19.53,23.37,43.23,27.67,60.94,111.52,0,0,89.9,0,0,0
LCL.NS,Lohia Corp,24.26,34.45,0,4.73,0,18.19,17.48,44.59,43.77,0,43.77,193.45,117.84,0.34,19.57,11.56,18.3,18.3,0,24.7,0,70.76,0,294.02,0,0,68.66,0,0,0
LEAPIND.NS,Leap India,102.13,18.57,0,1.96,1.26,19.99,2.36,8.09,8.34,6.32,7.92,62.34,37.56,2.12,1.78,7.21,22.15,22.15,63.86,56.39,42.26,123.51,81.24,-93.63,0,0,55.64,0,0,0
LEMONTREE.NS,Lemon Tree Hotel,32.16,26.77,5.91,2.2,1.11,14.31,7.46,19.18,14.14,18.14,12.82,288.32,243.14,1.44,3.57,21.54,2.96,2.87,28.9,10.46,18.19,18.97,28.9,405.76,0,0,22.32,0,-2.15,-1.32
LENSKART.NS,Lenskart Solut.,173.1,42.2,13.02,4.04,1.57,52.69,3.83,6.33,8.08,3.62,5.13,500.95,297.34,0.35,5.65,5.35,4.43,2.84,32.39,37.11,32.51,77.25,110.17,846.49,0,0,17.53,0,8.5,8.08
LGEINDIA.NS,LG Electronics,64.37,35.15,15.33,4.67,8.27,38.53,13.38,24.69,32.27,34.23,45.34,1685.09,2203.35,0.06,61.3,6.84,26.88,24.83,0,5.59,7.39,-10.42,7.78,549.12,0,0,85,0,0.4,-0.19
LICHSGFIN.NS,LIC Housing Fin.,5.39,12.72,0.75,1.73,0.22,11.33,1.75,14.41,8.59,15.48,8.77,5604.24,5442.7,6.7,1.37,19.43,104.33,101.87,24.69,0.23,8.28,4.34,24.69,-8555.85,1.77,9.82,45.24,0,0.08,0.13
LICI.NS,Life Insurance,8.44,62.49,2.87,7.25,0.5,8.14,0.99,37.82,35.14,45.6,53.72,57453.15,48320.33,0,0,5.88,47.49,45.42,16.94,10.13,7.61,23.28,16.94,-27180.77,2.5,11.01,96.5,0,0.13,-0.28
LINDEINDIA.NS,Linde India,96.08,63.05,12.49,4.48,68.63,53.69,10.11,13.74,18.23,12.99,17.49,550.87,447.81,0.02,42.81,21.74,64.35,64.59,1.4,10.43,-6.89,24.35,1.4,24.74,0.06,18.58,75,0,-0.02,-0.09
LLOYDSENGG.NS,Lloyds Engineeri,66.59,34.45,8.03,4.73,0,51.62,10.86,15.1,16.1,0,16.1,197.57,105.04,0.06,17.31,14,1.74,1.36,0,53.85,0,69.76,0,-493.66,0.26,18.95,40,20.31,-0.09,0.13
LLOYDSENT.NS,Lloyds Enterpris,102.23,44.38,2.75,3.53,-2.57,31.25,0.28,0.33,3.67,1.75,5.51,416.96,123.39,0.19,7.58,0.92,0.75,1.9,-39.35,32.92,66.53,-59.37,-39.79,-293.94,0.2,7.99,62.72,0,-0.08,-0.02
LLOYDSME.NS,Lloyds Metals,21.68,16.22,7.45,2.2,0.36,14.32,15.3,36.58,27.29,37.72,47.56,3828.64,1455.24,1.49,9.9,22.61,86.01,65.4,54.63,230.21,72.17,210.66,60.34,-7040.19,0.05,1.53,61.63,3.72,-0.41,0.47
LODHA.NS,Lodha Developers,27.13,25.25,4.79,2.26,0.48,18.83,6.22,15.48,16.41,13.6,14.18,3430.7,2766.6,0.42,8.62,20.18,41.3,34.32,54.59,26.04,20.76,39.2,56.46,709.1,0.38,12.38,70.31,0,2.41,-1.06
LOTUSDEV.NS,Sri Lotus,39.64,25.25,5.32,2.26,0.32,26.6,13.63,16.68,21.15,28.05,30.68,243.31,227.88,0.07,180.76,31.64,5.26,4.85,0,71.31,65.85,20.65,124.41,-326.31,0.24,10.31,81.87,0.01,0.2,0.14
LT.NS,Larsen & Toubro,29.39,15.21,4.74,1.7,1.69,14.46,4.65,15.86,14.57,15.52,14.03,18953.88,17673.33,1.15,3.9,6.76,120.6,116.92,18.22,9.78,15.96,13.35,17.38,12272.29,1.01,32.5,0,0,0.35,-0.31
LTF.NS,L&T Finance Ltd,21.98,20.24,2.51,1.73,0.09,14.88,2.29,11.22,8.4,10.8,8.44,2982.87,2643.42,3.94,1.61,16.77,12.71,11.9,254.65,15.24,11.93,20.43,255.77,-14426.81,0.98,23.1,65.96,0,0.07,-0.01
LTFOODS.NS,L T Foods,22.16,15.79,3.14,2.37,1.43,11.91,7.49,14.7,17.6,16.66,19.29,625.38,611.8,0.36,7.2,5.62,18.44,18.01,15.55,28.19,16.43,3.17,15.55,554.37,0.73,16.66,51,0,-0.53,0.54
LTM.NS,LTM,21.65,19.69,5.05,3.66,3.08,13.55,15.85,23.13,29.6,23.14,29.78,4982.7,4602,0.1,28.02,12.69,176.4,169.25,6.95,13.87,8.43,18.88,7.03,3889.6,1.83,44.24,68.49,0,-0.32,-0.17
LTTS.NS,L&T Technology,25.33,29.02,5.26,3.04,4.34,14.71,13.46,21.53,26.71,22.81,28.5,1281.1,1263.5,0.09,30.44,12.31,124.51,120.68,5.71,10.13,11.12,9.97,5.84,1280.2,1.81,48.06,73.52,0,0.27,-0.59
LUMAXTECH.NS,Lumax Auto Tech.,41.74,29.28,11.44,3.69,0.96,19.34,9.54,26.43,21.19,22.01,19.29,337.15,229.16,1.02,5.47,7.04,47.55,40.91,43.42,33.28,38.14,76.83,43.42,214.08,0.27,13.44,55.98,0,0.32,-0.28
LUMINO.NS,Lumino Inds,18.8,25.82,0,4.08,0,11.1,8.2,24.55,26.59,23.15,26.17,159.98,125.13,0.55,3.56,7.83,6.57,6.57,0,6.51,0,27.82,0,104.48,0,0,71.97,0,0,0
LUPIN.NS,Lupin,15.85,34.89,4.2,4.13,0.11,9.52,17.01,28.68,29.93,22.07,22.32,5355.47,3306.26,0.29,18.76,20.42,120.98,116.65,139.79,28.19,18.88,60.96,140.17,5527.35,0.87,15.43,46.85,0,0.72,-0.67
LXCHEM.NS,Laxmi Organic,39.21,28.46,2.48,2.83,-2.88,20.17,2.46,4.11,4.72,5.84,7.69,79.36,113.5,0.27,8.71,2.81,4.53,2.86,-14.88,5.47,0.59,25.01,-13.62,-427.45,0.17,10.48,69.34,0,-0.47,0.01
M&M.NS,M & M,19.45,44.05,4,4.69,0.86,10.51,6.36,20.33,15.1,19.04,14.2,18621.71,14073.17,1.47,3.9,9.48,148.53,137.5,22.66,26.18,17.85,38.11,22.66,2545.34,1.1,21.57,18.44,0.02,-1.34,1.21
M&MFIN.NS,M & M Fin. Serv.,13.76,20.24,1.73,1.73,1.16,11.99,1.96,12.26,8.72,11.14,8.76,2861.11,2260.87,4.82,1.5,14.07,23.4,20.54,11.83,13.56,17.93,46.24,11.83,-13120.42,2.26,36.51,52.49,0,0.13,-0.61
MAHABANK.NS,Bank of Maha,8.27,7.32,1.74,0.92,0.21,17.54,1.76,22.65,6.03,22.75,5.7,7016.86,5541.78,10.74,1.52,23.96,9.8,9.12,33.11,15.83,22.58,31.03,39.16,-11741.5,2.72,13.15,73.6,0,0.27,0.35
MAHSCOOTER.NS,Mah. Scooters,52.62,23.86,0.53,0.75,3.15,51.33,0.95,1.06,1.06,0.83,0.84,310.56,214.35,0,0,99.31,243.7,271.74,16.73,41.01,12.95,43.69,16.73,267.19,1.72,80.97,51,0,-0.15,0.16
MAHSEAMLES.NS,Mah. Seamless,12.97,22.47,1.39,1.99,-4.63,8.78,9.54,10.67,14.31,13.61,17.96,701.03,777.35,0,368,15.07,55.03,52.34,-2.8,-12.21,-6.49,-15.9,-2.8,764.44,1.4,19.11,70.28,0,0.14,0.55
MANAPPURAM.NS,Manappuram Fin.,20.28,20.24,1.83,1.73,-1.59,12.54,1.59,6.97,8.25,11.94,11.01,993.16,1203.87,3.6,1.46,10.34,15.97,10.68,-15.73,4.68,12.38,81.21,-12.76,-20427.05,0.64,18.72,41.66,0,-0.93,1.89
MANIPALHOS.NS,Manipal Health,107.41,49.43,0,6.06,4.91,39.28,4.82,12.7,12.1,16.37,15.53,916.52,1081.67,1.53,2.38,9.01,7.56,7.56,-51.22,25.4,29.08,-10.08,21.89,766.56,0,0,72.08,0,0,0
MANKIND.NS,Mankind Pharma,47.17,34.89,6.17,4.13,2.76,25.56,7.36,13.14,13.53,15.8,18.88,1938.1,2011.12,0.39,5.65,14.29,49.48,46.34,15.94,14.16,17.73,12.65,17.11,2387.04,0.04,2.16,72.63,0,-0.79,0.93
MANORAMA.NS,Manorama Indust.,44.54,20.03,16.03,2.76,0.45,28.64,21.3,40.25,35.41,29.7,23.94,233.22,112.05,0.51,10.31,17.15,44.25,39.06,98.45,58.81,57.01,77.23,98.57,205.73,0.04,2.05,54.32,0,0.33,-0.37
MANYAVAR.NS,Vedant Fashions,34.05,42.2,6.7,4.04,-6.35,18.46,12.62,18.83,22.79,22.16,26.5,375.54,388.47,0.23,10.22,24.6,15.88,15.46,-5.39,1.95,2.68,-2.61,-5.36,469.86,1.43,50.15,74.94,0,-0.33,0.57
MAPMYINDIA.NS,C.E. Info System,34.45,32.47,5.24,1.92,19.35,20.46,10.36,11.99,19.13,15.47,23.04,134.02,147.59,0.01,171.61,21.66,25.17,24.5,1.09,1.83,18.98,-12.47,1.78,58.75,0.4,14.28,51.41,0,-1.63,-1.57
MARICO.NS,Marico,56.21,18.77,25.08,1.89,5.11,39.51,19.79,42.82,47.05,40.87,45.1,1813,1658,0.13,38.67,13.25,14.54,13.57,10.86,25.14,11.71,13.12,11.01,1772,0.49,29.51,58.92,2.03,-0.68,0.7
MARKSANS.NS,Marksans Pharma,29.08,34.89,4.97,4.13,1.81,17.62,11.8,15.17,18.8,16.05,19.81,420.06,382.62,0.11,28.54,14.18,11.4,9.22,16.04,19.59,16.8,47.58,16.04,328.58,0.27,9.76,43.87,0,0.71,-0.38
MARUTI.NS,Maruti Suzuki,26.33,44.05,3.52,4.69,1.24,14.55,10.36,14.26,18.87,15.55,20.79,14679.5,14500.2,0,73.89,7.91,455.91,466.9,19.59,26.61,15.68,-1.37,21.19,8754.3,1.17,29.98,58.65,0,-1.3,1
MASTEK.NS,Mastek,11.01,19.69,1.61,3.66,0.74,6.79,10.3,15.28,17.67,15.63,17.65,404,375.93,0.15,20.07,11.27,134.82,130.33,14.38,5.97,13,11.97,14.96,515.24,1.54,18.42,35.77,0,-0.58,0.84
MAXHEALTH.NS,Max Healthcare,65.01,49.43,9.06,6.06,6.25,40.29,9.16,14.74,14.71,13.67,15.2,1442.41,1075.88,0.32,8,17.72,14.98,14.82,10.32,15.96,22.43,24.82,10.4,164.84,0.2,13.49,23.71,0,-3.61,3.63
MAZDOCK.NS,Mazagon Dock,30.17,44.67,8.84,8.06,0.94,19.89,9.15,29.17,35.98,32.32,41.22,2578.36,2413.51,0.05,52.87,19.8,70.85,64.04,32.15,13.87,18.44,31.72,32.14,-2827.57,0.85,28.29,81.22,0,-0.01,-0.07
MBEL.NS,M & B Engineer.,14.74,15.21,2.19,1.7,0.36,7.79,9.29,19.38,22.94,22.45,23.57,92.64,77.05,0.13,9.91,7.41,16.9,16.21,-0.29,20.92,12.68,10.64,41.5,-61.54,0.4,6.17,70.61,0,-2.02,-0.08
MCX.NS,Multi Comm. Exc.,53.97,46.71,29.22,18.93,0.5,39.57,22.51,56.26,71.35,36.38,40.45,1331.55,560.04,0,4255.46,57.83,60.46,52.22,107.52,110.21,64.89,136.36,107.52,2962.38,0.25,15.32,0,0,3.78,-3.55
MEDANTA.NS,Global Health,67.32,49.43,9.73,6.06,3.45,35.77,10.4,15.17,17.37,16.37,18.89,554.07,481.32,0.3,9.05,12.58,20.69,20.7,19.4,21.27,17.63,0.4,19.49,-122.95,0.03,2.41,33,0,-0.69,2.13
MEDPLUS.NS,Medplus Health,37.28,48.82,3.97,4.29,0.57,12.84,5.93,11.64,12.56,8.35,9.84,219.61,150.23,0.72,3.09,3.14,17.55,18.3,65.48,16.79,14.78,18.02,65.83,372.97,0,0,40.19,60.74,-1.15,2.13
MEESHO.NS,Meesho,0,47.07,22.56,5.55,0,-100.06,-17.81,-46.22,-39.97,-62.54,-21.25,-1357.74,-3941.71,0.01,-108.15,-10.67,-3.85,-2.97,25.7,34.47,30.09,49.33,6.13,-3975.86,0,0,16.41,0,1.02,3.58
MEIL.NS,Mangal Electrica,15.87,27.4,1.26,4.19,0.8,8.92,7.93,11.31,14.62,17.88,21.91,43.17,47.31,0.08,7.61,7.34,17,15.62,-3.31,17.36,17.83,3.03,19.87,-137.6,0,0,74.79,0,-0.91,-0.13
METROPOLIS.NS,Metropolis Healt,57.12,35.21,7.84,5.36,5.33,27.07,9.78,13.63,17.81,12.44,16.09,191.18,145.52,0.15,12.15,11.85,9.73,9.17,10.26,21.8,12.75,36.87,10.71,299.79,0.35,54.56,48.86,1.18,0.6,-0.68
MFSL.NS,Max Financial,461.5,62.49,9.44,7.25,-11.42,174.08,0.05,1.52,2.87,5.57,6.94,105.58,403.4,0.35,2.22,0.21,3.18,2.43,-40.4,4.91,14.92,-60.13,-40.4,11234.66,0,0,1.25,26.92,0.18,-0.4
MGL.NS,Mahanagar Gas,14.37,14.83,1.61,1.75,-10.57,7.42,8.79,12.32,17.14,17.78,24.79,846.82,1041.26,0.03,45.35,9.2,72.99,85.73,-1.36,12.43,9.37,-32.87,-1.36,87.04,2.86,34.99,32.5,0,-0.92,1.52
MIDHANI.NS,Mishra Dhatu Nig,58.07,78.38,5.09,9.08,-10.22,28.53,4.26,8.88,11.36,8.02,10.47,130.79,110.07,0.27,8.57,10.82,7.17,6.98,-5.68,18.17,11.5,14.04,-5.68,105.33,0.2,30.08,74,0,1.25,-0.44
MIDWESTLTD.NS,Midwest,29.31,26.36,3.38,1.82,1.12,16.08,9.03,13.61,15.84,16.56,20.58,106.48,133.3,0.2,11.96,16.93,31.24,29,-83.97,10.21,8.71,11.71,26.08,47.98,0,0,77.12,1.39,-0.49,0.68
MILKYMIST.NS,Milky Mist Dairy,131.2,28.61,0,3.89,2.03,59.23,5.83,38.31,15.35,21.59,12.14,125.15,43.76,4.21,2.48,3.99,1.95,1.95,-71.02,34.75,29.89,186.06,64.69,308.65,0,0,79.51,0,0,0
MINDACORP.NS,Minda Corp,39.92,29.28,6.1,3.69,5.18,22.05,6.83,14.71,12.67,13.27,13.51,358.3,255.4,0.56,4.54,5.72,20.95,15.07,7.71,26.59,12.88,57.13,7.71,311.2,0.21,9.29,64.84,0,0.5,-0.95
MINDSPACE.NS,Mindspace Busine,42.78,68.51,2.17,1.9,1.62,16.71,2.46,4.65,7.64,3.94,6.9,694.26,513.75,0.86,2.49,22.41,11.89,10.05,22.75,25.85,11.86,53.92,26.45,1139.71,2.34,237.83,0,47.58,0,0
MMTC.NS,MMTC,42.02,23.78,3.99,2.41,0,26.49,-8.7,-14.28,8.67,-0.4,8.53,387.38,86.63,0,405.03,-12815.02,2.98,2.58,0,-19.23,-91.55,184.35,0,-605.27,0,0,89.93,0,0.03,0.01
MOIL.NS,MOIL,16.22,16.22,1.82,2.2,6.17,7.49,8.14,9.77,12.44,12.13,15.77,267.48,381.64,0,0,17.77,14.92,13.14,2.63,4.92,3.16,8.12,2.63,-168.54,2.2,40.55,64.68,0,-0.43,-0.81
MOLBIO.NS,Molbio Diagnosti,65.67,36.27,0,3.61,0.59,55.76,9.65,13.84,17.96,15.15,20.32,144.63,139.82,0.3,9.69,11.2,12.83,12.83,-42.61,35.23,59.03,1.04,111.48,-73.77,0,0,41.29,0,0,0
MOTHERSON.NS,Samvardh. Mothe.,37.53,29.28,4.18,3.69,0.93,13.53,4.48,11.24,13.43,11.65,13.61,4085.6,4145.7,0.47,4.96,3.58,4.15,3.66,38.62,14.02,17.02,35.3,40.37,5373.4,0.37,16.41,48.6,2.34,0.42,-0.49
MOTILALOFS.NS,Motil.Oswal.Fin.,30.74,19.01,4.72,2.19,1.19,16.49,4.82,15.53,12.66,23.16,17.35,1872.46,2508.18,1.65,2.78,19.87,32.92,31.06,25.22,14.85,30.95,-28.82,25.93,-6159.71,0.59,19.32,67.2,0,-0.17,0.76
MPHASIS.NS,Mphasis,21.72,19.69,3.97,3.66,4.25,12.63,11.67,18.53,22.09,18.48,22.74,1862.6,1702.14,0.24,13.42,11.89,100.21,97.61,4.66,13.69,4.79,11.32,5.11,937.01,2.77,63.52,30.54,100,-0.01,-0.34
MPIMANIPAL.NS,Manipal Payment,36.29,53.76,0,3.37,0,19.91,19.25,45.14,43.28,77.57,46.23,253.46,282.21,0.19,8.19,18.65,11.4,11.4,0,5.63,0,64.03,0,126.3,0,0,53.92,0,0,0
MRF.NS,MRF,21.24,21.91,2.5,1.85,0.41,9.9,8.03,12.51,15.73,12.11,15.43,2426.1,1873.29,0.15,10.16,7.95,5700.97,5720.43,52.36,11.37,10.62,37.04,52.36,3164.28,0.19,4.11,27.76,0.09,-0.55,-0.14
MRPL.NS,M R P L,10.68,9.59,2.1,1.73,-1.11,5.82,4.99,14.48,18.03,14.95,16.05,1924.58,56.21,1.08,6.8,2.22,17.92,10.98,-9.62,23.4,-6.66,1067.35,-9.62,1119.62,2.36,36.43,88.58,0,-1.24,0.05
MSTCLTD.NS,MSTC,21.29,23.78,5.53,2.41,-6.41,11.73,10.58,26.6,30.28,21.28,30.6,218.43,407.07,0.16,0,59.09,33.28,31.03,-3.32,21.02,-19.96,8.3,-3.32,-49.97,2.21,50.6,64.75,0,0.98,0.09
MSUMI.NS,Motherson Wiring,36.76,29.28,10.68,3.69,4.23,21.45,14.74,32.36,38.86,36.48,43.12,625.2,605.9,0.11,30.5,5.44,0.95,0.94,8.69,28.68,17.54,4.55,8.69,560.8,1.67,61.53,61.72,0,-0.83,0.44
MTARTECH.NS,MTAR Technologie,158.45,27.4,26.35,4.19,-107.79,85.53,6.8,12.55,15.15,9.58,12.34,95.32,53.85,0.46,5.66,11.15,43.76,30.99,-1.47,53.38,15.18,126.78,-1.47,64.54,0,0,29.35,3.52,7.49,-5.31
MUTHOOTFIN.NS,Muthoot Finance,9.77,20.24,2.73,1.73,0.23,9.38,6.46,30.92,15.8,23.86,14.11,10606.87,5352.36,4.02,2.28,33.99,283.29,263.79,43.11,50.65,37.91,84.79,43.11,-47543.34,1.09,11.37,73.35,0,-0.7,0.32
MVELECTRO.NS,MV Electrosystems,0,34.45,0,4.73,0,-236.8,-11.49,-31.39,-15.09,-15.21,2.12,-12.63,1.4,0.88,-3.06,-25.57,-6.17,-6.17,0,-21.1,-10.14,-1248.18,0,-75.71,0,0,57.68,0,0,0
NAM-INDIA.NS,Nippon Life Ind.,42.81,33.5,14.98,6.55,1.51,32.29,31.01,34.48,43.8,31.94,40.12,1529.38,1286.39,0.02,313.05,52.31,25.66,23.97,27.34,23.01,24.59,21.24,28.35,1389.15,1.97,89.71,71.8,0,-0.31,0.72
NATCOPHARM.NS,Natco Pharma,12.96,34.89,1.61,4.13,0.48,10.39,14.58,17.07,17.39,22.97,26.76,1418.5,1883.4,0.08,24.75,35.22,63.89,79.2,27.84,-20.73,14.64,-32.59,27.03,1378.6,0.6,6.31,49.41,0,-0.38,0.17
NATIONALUM.NS,Natl. Aluminium,9.5,20.88,2.97,2.59,0.16,5.65,23.46,29.42,39.59,25.72,33.39,5797.01,5267.94,0,90.07,32.49,36.76,31.56,59.34,9.02,7.77,17.83,59.34,4413.49,3.3,36.43,51.28,0,-0.28,0.47
NAUKRI.NS,Info Edg.(India),55.13,18.9,2.14,2.14,0.88,35.36,1.77,1.81,3.45,1.48,3.37,1762.84,1309.9,0.01,80.08,24.34,24.67,22.36,62.28,13.86,11.88,42.55,62.4,1002.77,0.67,37.53,37.48,0,-4.25,4.4
NAVA.NS,Nava,20.49,20.49,1.77,1.79,-1.47,8.4,7.86,9.33,12.8,13.74,15.41,1038.52,1434,0.25,111.19,23.49,26.7,27.8,-13.25,8.98,6.74,-27.55,-13.97,529.41,1.55,30.59,50.03,0,-0.39,0.04
NAVINFLUOR.NS,Navin Fluo.Intl.,54.42,28.46,10.87,2.83,2.61,33.72,11.56,19.64,20.96,14.12,14.21,663.55,288.58,0.32,9.72,19.56,154.05,129.46,19.56,42.43,16.84,124.32,20.89,404.44,0.18,6.64,27.08,0,-0.05,0.85
NAZARA.NS,Nazara Technolo.,0,20.24,4.05,3.44,0,-1067.65,21.82,30.61,27.1,15,11.71,81.94,50.96,0.06,-10.88,52.27,-1.42,2.59,162.83,-6.07,18.79,-267.34,194.03,35.99,0,0,33.98,86.97,2.21,0.31
NBCC.NS,NBCC,31.76,15.21,7.18,1.7,2.4,15.92,3.89,20.4,29.32,23.37,31.49,742.45,557.42,0,31417.67,4.49,2.75,2.67,13.24,3.79,13.24,7.53,13.24,402.41,1.25,37.5,61.75,0,-0.22,0.53
NCC.NS,NCC,11.32,15.21,1.04,1.7,1.9,5.03,3.19,9.19,16.8,10.52,20.21,723.96,868.25,0.44,2.32,3.59,11.14,10.76,5.97,-1.81,10.21,-9.95,5.97,-1400.92,1.69,20.45,23.09,3.8,-0.82,1.48
NEOGEN.NS,Neogen Chemicals,202.22,28.46,7.74,2.83,-12.02,52.56,1.24,3.58,6.46,4.9,8.22,28.75,34.83,1.71,1.6,3.34,13.24,10.9,-18.37,18,7.9,-12.07,-16.83,-647.2,0.04,18.35,48.31,23,0.22,1.76
NEPHROPLUS.NS,Nephrocare Health Services,79.64,35.21,6.06,5.36,0.77,25.2,6.09,8.83,15.34,10.17,12.66,76.84,67.1,0.07,2.95,7.5,4.19,7.66,28.61,32.16,31.7,11.62,102.9,113.44,0,0,63.85,0,-1.16,0.41
NESCO.NS,NESCO,18.39,18.57,2.55,1.96,1.69,13.23,12.45,14.84,18.54,15.81,20.71,412.74,375.21,0.09,19.06,44.78,59.12,58.58,10.87,21.24,19.51,3.73,10.87,65.51,0.64,11.95,68.54,0,-0.31,0.28
NESTLEIND.NS,Nestle India,69.01,42.49,48.89,4.84,5.28,44.5,26.86,73.17,84.14,92.3,116.29,3544.6,3314.5,0.08,33.02,14.89,20.02,18.38,13.06,19.3,11.07,24.81,13.07,4221.31,0.89,65.28,62.76,0,0.56,-0.51
NETWEB.NS,Netweb Technol.,104.06,29.02,35.95,3.04,1.64,69.34,13.05,32.79,37.48,28.97,36.07,205.82,113.75,0.39,15.86,9.41,45.87,36.15,57.58,107.7,69.93,102.07,63.56,779.45,0.07,8.3,66.98,0,-0.02,1.23
NETWORK18.NS,Netwrk.18 Media,0,40.26,0.81,1.29,0,21.36,0.42,0.75,3.01,-2.2,1.12,155.2,-1776.67,0.67,1,1.74,-0.22,0.99,31.85,-48.53,-30.15,98.67,34.45,-76.79,0,0,56.89,0,-1.96,-0.01
NEULANDLAB.NS,Neuland Labs.,55.23,34.89,14.67,4.13,1.84,34.57,14.13,21.25,26.47,19.69,26.13,364,260.11,0.16,26.41,17.85,387.97,283.71,30.05,78.33,19.31,277.69,30.05,-49.52,0.16,12.05,32.62,2.29,0.62,0.68
NEWGEN.NS,Newgen Software,19.69,19.69,3.8,3.66,0.88,13,14.38,19.59,25.01,21.37,26.53,300.58,315.24,0.02,88.81,20.5,22.06,21.12,21.77,7.88,17.36,8.01,22.44,223.17,1.26,28.18,53.45,0,-0.7,-0.7
NFL.NS,Natl.Fertilizer,8.88,14.03,1.14,1.83,-0.38,6.16,1.97,7.47,9.1,6.49,7.79,211.49,183.98,1.4,2.64,0.97,7.43,4.31,-23.18,23.27,-10.07,137.75,-23.18,-1564.44,1.58,24.12,74.71,0,-0.16,-0.61
NH.NS,Narayana Hrudaya,43.15,49.43,8.2,6.06,3.62,22.07,8.49,20.54,15.5,24.52,20.89,805.98,790.64,1.29,4.68,10.62,39.94,39.42,11.91,59.61,20.39,8.93,11.91,752.68,0.25,11.42,63.27,0,-0.58,-0.09
NHPC.NS,NHPC Ltd,19.71,20.49,1.81,1.79,-18.25,15.76,3.8,9.32,5.75,8.79,7.01,4220.46,3411.73,1.26,3.22,36.45,3.78,3.75,-1.08,12.02,3.07,24.48,-1.08,-8273.75,2.16,42.95,61.39,0,1.95,3.76
NIACL.NS,New India Assura,36.35,37.45,0.98,4,0.37,13.09,1.29,4.92,4.29,4.24,4.37,1416.81,1038.2,0,0,2.86,4.67,8.57,98.65,11.34,6.66,-35.77,98.65,-4596.69,0.88,17.5,85.44,0,0.01,0
NIVABUPA.NS,Niva Bupa Health,80.17,37.45,3.7,4,0.63,58.21,1.24,3.46,3.15,5.2,4.85,130.78,213.52,0.07,0,1.95,0.94,0.71,0,27.91,32.88,-42.64,127.48,856.63,0,0,55.3,0,1.49,-0.32
NLCINDIA.NS,NLC India,11.1,20.49,1.65,1.79,6.31,8.09,4.18,11.92,8.42,11.13,8.49,3769.46,2713.61,1.3,4.01,14.65,23.14,25.4,1.76,16.85,2.72,12.22,1.76,-2474.24,1.5,15.16,69.47,0,1.01,-1.03
NMDC.NS,NMDC,9.11,16.22,2,2.2,0.54,5.84,16.68,23.37,27.58,23.61,29.36,7449.96,6520.08,0.19,89.17,23.23,8.48,8.47,16.81,27.34,21.99,14.07,16.81,1825.5,3.23,41.3,60.79,0,-0.01,0.04
NSLNISP.NS,NMDC Steel,146.37,17.23,0.93,2.13,0,9.92,0.21,0.45,3.06,-8.86,-6.2,58.72,-2373.78,0.35,1.24,0.43,0.29,0.2,0,41.57,0,104.65,0,1524.87,0,0,60.79,0,0.63,-0.07
NTPC.NS,NTPC,11.23,20.49,1.53,1.79,0.57,9.57,5.5,15.09,8.92,14.14,10.07,27545.76,23953.15,1.33,2.9,15.88,28.63,27.9,19.86,2.35,2.07,15.88,19.86,6894.94,2.8,32.26,51.1,0,-0.24,0.31
NTPCGREEN.NS,NTPC Green Ene.,128.14,20.49,4.1,1.79,2.84,36.16,0.99,2.79,3.56,3.66,5.34,521.35,474.12,1.67,1.76,18.24,0.72,0.62,19.57,42.12,156.34,8.9,45.06,-12831.87,0,0,89.01,0,0.06,0.14
NUVAMA.NS,Nuvama Wealth,27.97,19.01,7.25,2.19,0.55,7.66,3.31,27.36,17.5,27.71,18.15,1040.26,985.06,2.8,2.4,22.43,59.59,57.19,0,12.8,27.77,5.22,50.61,-3041.27,1.69,48.61,53.98,62.8,2.06,0.19
NUVOCO.NS,Nuvoco Vistas,28.07,28.24,1.25,1.78,-9.58,8.58,1.99,4.17,6.99,2,5.45,359.77,21.84,0.53,2.92,3.37,10.81,10.06,-2.93,9.45,2.31,172.73,-2.93,775.48,0,0,72.02,0,-0.17,-0.35
NXST.NS,Nexus Select,57.02,68.51,1.9,1.9,0.14,16.74,1.79,2.69,5.83,3.76,6.44,403.47,482.81,0.47,2.71,14.3,2.91,2.66,0,12.33,0,-4.84,401.94,1301.84,1.47,295.19,0,77.38,0,0
NYKAA.NS,FSN E-Commerce,350.45,47.07,64.81,5.55,2.88,107,4.98,15.29,17.23,7.75,11.23,203.94,72.07,0.86,4.81,2.14,0.89,0.7,121.25,27.41,24.9,233.75,121.53,492.53,0,0,52.07,0,1.33,-1.27
OBEROIRLTY.NS,Oberoi Realty,25.25,25.25,3.71,2.26,2.74,17.63,10.18,14.55,17.28,14.28,16.75,2507.43,2225.51,0.16,17.06,40.71,72.32,68.96,9.21,29.86,12.75,28.37,9.21,746.36,0.44,11.6,67.71,0,-0.31,0.25
OFSS.NS,Oracle Fin.Serv.,27.59,32.47,12.01,1.92,2.05,18.54,26.47,32.61,45.28,30.33,41.81,2639.3,2379.6,0,629.45,34.4,392.15,303.25,13.2,28.57,10.42,41.92,13.48,2586.8,3.7,131.85,72.41,0,1.66,-0.33
OIL.NS,Oil India,9.13,60.56,1.31,2.51,-1.02,6.56,6.54,12.19,11.51,14.25,14.02,7550.67,7039.63,0.65,10.48,22.65,51.35,40.7,-8.98,19.18,-2.86,27.31,-8.98,2126.42,2.46,28.26,56.66,0,-0.39,0.7
OLAELEC.NS,Ola Electric,0,34.07,4.98,7.88,0,-24.91,-19.47,-43.23,-19.87,0,-26.7,-1833,-2276,0.82,-4.12,-81.49,-3.91,-4.16,12.33,-49.16,-5.04,26.13,-11.82,-1492,0,0,32.96,0,0.11,5.15
OLECTRA.NS,Olectra Greentec,54.27,44.05,7.85,4.69,1.38,26.64,7.58,15.59,21.05,13.16,18.79,179.52,139.21,0.31,4.39,7.76,21.62,21.62,39.36,38.43,28.46,25.9,39.36,-55.34,0.05,2.77,50.02,0,0.84,-0.1
OMNI.NS,Omnitech Engg.,62.53,34.45,9.57,4.73,1.79,30.18,8.43,17.96,17.55,21.77,18.22,79.33,43.87,0.64,4.48,15.51,9.04,6.42,-53.69,49.11,42.33,80.77,34.94,-128.9,0,0,74.19,0,0.05,-1.11
OMPOWER.NS,Om Power Transmission,13.43,15.21,0,1.7,0.16,10.17,16.27,38.19,42.7,32.53,35.48,40.02,22.08,0.35,7.9,8.91,15.01,15.01,-47.58,60.74,55.16,81.83,85.69,-29.68,0,0,69.05,0,0,0
ONESOURCE.NS,OneSource Speci.,0,34.89,3.08,4.13,0,54.31,-0.8,-1.09,0.59,-2.63,-1.91,-73.8,-17.97,0.22,0.55,-4.5,-4.24,-6.44,0,4.29,232.39,-141.74,23.91,-560.55,0,0,30.48,37.23,1.69,2.76
ONGC.NS,O N G C,6.63,60.56,0.78,2.51,9.47,3.96,6.51,11.65,14.15,12.7,14.64,49793.1,38328.61,0.47,5.71,8.23,34.59,32.93,0.7,7.11,-1.26,20.93,0.7,72219.15,5.76,22.02,58.89,0,0.04,0.01
OPTIEMUS.NS,Optiemus Infra.,100.57,54.87,9.25,9.25,6.12,51.18,3.9,9.15,10.92,11.13,13.58,66.01,63.33,0.48,5.18,3.73,8.21,7.44,15.19,20.93,14.64,10.56,16.44,-324.34,0,0,71.4,2.56,0.45,0.94
ORIENTCEM.NS,Orient Cement,11.5,28.24,1.14,1.78,0.28,4.69,11.51,17.27,16.46,11.19,13.81,337.69,91.25,0.03,23.43,12.23,10.19,16.44,40.47,-12.09,-1.67,-18.04,40.61,-69.25,0.42,3.04,72.66,0,-0.58,0.2
ORKLAINDIA.NS,Orkla India,24.82,20.03,2.76,2.76,-6.43,16.23,8.88,11.2,14.92,9.9,13.37,285.67,255.69,0.02,62.59,11.63,21.49,20.85,-56.91,5.89,4.92,8.09,-3.86,239.87,0,0,75,0,-0.12,-0.04
OSWALPUMPS.NS,Oswal Pumps,9.09,41.72,1.82,6.32,0.07,6.1,23.45,35.16,38.24,49.74,63.23,376.28,280.61,0.14,14.91,18.27,29.45,33.01,-17.27,29.03,75.02,10.44,122.59,-213.42,0,0,75.65,0,-0.75,-1.13
PACEDIGITK.NS,Pace Digitek,11.63,13.64,1.58,2.5,0.07,6.99,7.72,17.62,21.4,26.43,38.67,307.27,279.1,0.44,6.57,11.63,14.54,13.79,-21.91,14.85,73.79,8.53,173.95,-932.15,0,0,69.52,0,0.42,-0.63
PAGEIND.NS,Page Industries,53.55,26.64,27.84,2.39,4.69,34.55,28.73,54.29,64.39,47.02,56.27,763.82,729.14,0.18,22.16,15.05,677.65,684.8,11.41,7.57,3.63,2.21,11.41,687.36,1.47,80.29,42.89,0,-0.09,0.43
PARADEEP.NS,Paradeep Phosph.,14.88,14.03,2.38,1.83,0.31,9.35,6.36,16.18,15.35,12.29,12.2,996.36,662.14,1.02,3.61,4.69,11.22,9.6,36.7,28.08,17.83,13.95,48.22,-1877.97,0.96,15.63,57.86,15.33,-3.26,2.58
PARAS.NS,Paras Defence,114.47,78.38,14.61,9.08,3.49,71.89,9.45,12.38,17.19,10.78,14.37,89.46,61.49,0.04,24.85,18,11.72,10.93,31.32,36.61,28.92,45.66,32.76,-10.26,0.08,4.57,53.2,0,3.23,1.8
PARKHOSPS.NS,Park Medi World,42.99,49.43,5.91,6.06,8.16,23.84,11.11,16.79,19.46,18.72,19.94,273.56,215.44,0.18,8.1,16.29,6.64,5.98,-25.39,20.51,10.21,27.18,5.27,209.4,0,0,82.89,0,-0.04,0
PATANJALI.NS,Patanjali Foods,19.61,18.77,3.25,1.89,0.66,20.78,11.37,15.95,12.07,12.15,12.92,1814.87,1301.34,0.21,12.9,4.86,18.11,16.68,29.75,20.24,8.41,77.99,29.83,-1277.91,1.28,22.48,68.25,0,-0.67,-1.01
PATELRMART.NS,Patel Retail,16.4,37.82,1.87,5.46,0.49,9.46,7.78,15.65,15.56,19.42,16.8,39.05,25.28,0.45,6.1,3.72,12.47,11.69,-35.25,42.34,0.96,59.66,33.52,-100.78,0,0,70,0,-0.11,0.15
PAYTM.NS,One 97,129.46,53.76,6.53,3.37,3.81,64.74,3.17,4.64,4.96,-4.6,-4.56,552,-663,0.01,42.43,8.53,10.16,8.64,33.91,22.55,1.83,262.55,33.98,-1211,0,0,0,0,-1.31,1.79
PCBL.NS,PCBL Chemical,49.45,45.87,3.27,5.23,-2.3,15.38,1.86,5.56,7.75,10.96,11.24,198.04,434.67,1.25,1.92,2.62,6.64,5.03,-22.54,2.08,12.35,-35.62,-21.46,850.91,1.8,119.32,53.38,0,0.23,0.27
PCJEWELLER.NS,PC Jeweller,17.1,19.18,1.43,3.47,0.22,15.84,8.02,9.96,9.6,4.42,4.8,714.46,577.7,0.14,8.4,21.35,0.95,0.83,57.33,36.47,10.7,32.82,76.74,-76.99,0,0,38.5,0,1.75,-1.11
PERNIASPOP.NS,Purple Style,0,42.2,0,4.04,0,161.35,-25.24,-513.38,-12.38,-176.32,-6.03,-285.4,-188.38,2.44,-0.72,-30.02,-41.83,-41.83,25.96,13.87,14.75,-155.2,0,-83.73,0,0,24.08,0,0,0
PERSISTENT.NS,Persistent Systems,42.17,19.69,10.72,3.66,1.53,27.04,19.22,27.24,34.36,25.55,31.6,1865.12,1400.16,0.06,31.3,13.07,122.17,118.23,26.26,25.39,20.88,31.04,27.58,1571.95,0.75,33.83,30.29,0,-1.32,-0.22
PETRONET.NS,Petronet LNG,10.37,14.83,1.95,1.75,2.04,5.46,14.08,18.3,22.55,20.34,24.51,3912.53,3972.68,0.11,25.03,8.87,28.05,26.08,5.08,-24.82,-10.12,13.45,5.08,2231.08,3.45,38.34,50,0,-0.86,0.74
PFC.NS,Power Fin.Corpn.,4.17,15.34,0.76,1.97,0.24,9.79,2.78,20.69,9.71,20.98,9.76,33625.34,30514.4,7,1.62,29.15,78.93,78.49,17.71,4.63,14.17,7.17,17.71,-4841.08,5.62,23.63,55.99,0,0.9,-0.55
PFIZER.NS,Pfizer,23.58,34.89,4.32,4.13,2.92,13.63,15.43,18.02,24.06,16.13,22.49,722.43,767.6,0.02,136.5,30.11,160.7,157.92,8.08,10.69,1.29,13.76,8.08,943.5,1.89,47.5,63.92,0,-1.16,0.91
PFOCUS.NS,Prime Focus,137.94,40.26,11.71,1.29,16.36,20.34,3.23,15.73,11.28,-14.48,5.85,301.41,-458.29,2.74,1.43,6.6,1.49,2.82,-21.05,29.17,0.23,18.87,8.43,495.4,0,0,60.73,0,-0.26,-0.09
PGEL.NS,PG Electroplast,70.71,38.2,4.75,3.26,1.95,32.19,3.56,6.7,10.32,11.1,16.13,196.57,287.8,0.2,3.54,3.72,7.21,6.89,26.35,15.15,34.78,-24.08,36.28,-713.29,0.05,3.63,43.37,0,0.2,-0.61
PGIL.NS,Pearl Global Ind,38.25,26.64,8.19,2.39,1.51,22.07,9.15,21,19.93,22.48,21.14,270.02,230.77,0.65,4.48,5.32,33.64,30.08,22.73,13.75,16.74,24.25,25.37,208.45,0.56,24.1,59.91,0,0.28,1.32
PHOENIXLTD.NS,Phoenix Mills,54,25.25,6.35,2.26,4.38,25.75,6.76,10.96,12.41,10.69,11.87,1556.51,1307.34,0.48,6.57,33.83,35.79,34.22,12.27,17.67,19.09,31.79,12.32,1029.49,0.13,7.31,47.25,0,-1.24,1.24
PICCADIL.NS,Piccadily Agro,42.17,49.56,6.57,2.18,0.51,25.29,9.88,17.39,18.01,20.63,23.43,137.53,102.34,0.59,7.98,13.74,14.26,13.95,80.61,28.56,18.69,30.47,83.28,-75.13,0.17,7.17,68.56,0,0.05,0.09
PIDILITIND.NS,Pidilite Inds.,58.04,28.46,14.12,2.83,2.36,38.04,16.91,23.92,31.02,23.31,30.2,2470.72,2096.17,0.04,67.83,17.02,26.03,24.06,24.56,14.09,7.36,20.39,24.6,2239.27,0.77,47.8,69.24,0,-0.06,0.25
PIIND.NS,P I Industries,33.16,20.29,3.17,2.36,-43.63,18.45,9.37,11.24,14.99,16.18,20.62,1320.8,1660.2,0.03,69.99,17.9,76.79,87.06,-0.76,-16.57,1.13,-32.97,-0.76,-632.4,0.64,17.26,46.09,0,-1.04,0.3
PINELABS.NS,Pine Labs,154.31,53.76,3.37,3.37,4.32,22.7,0.96,2.46,4.15,-2.94,-1.44,112.51,-145.49,0.07,3.43,4.23,1.19,0.98,27.25,19.59,19.27,261.55,35.68,161.05,0,0,0,0,4.69,13.01
PIRAMALFIN.NS,Piramal Finance.,113.22,12.72,1.73,1.73,-2.01,16.05,0.23,0.86,6.47,0.55,5.67,1506.14,485.45,2.84,1.04,2,74.58,66.36,98.74,17.78,21.46,-22.65,-56.33,-15949.39,0.51,16.53,44.22,0,1.09,2.41
PNB.NS,Punjab Natl.Bank,5.85,7.32,0.83,0.92,0.08,16.39,0.95,12.99,6.13,12.42,5.99,18466.7,18552.61,11.79,1.31,14.12,19.22,16,73.95,3.41,14.62,32.86,76.45,24052.33,2.66,18.75,70.08,0,-0.46,0.01
PNBHOUSING.NS,PNB Housing,12.06,12.72,1.47,1.73,0.4,11.74,2.65,12.91,9.44,12.39,9.39,2327.88,1948.95,3.7,1.59,27.39,90.22,89.34,29.96,10.35,9.41,15.12,30.14,-9004.8,0.74,8.95,28.03,0,0.21,1.64
PNCINFRA.NS,PNC Infratech,5.56,15.21,0.49,1.7,-0.15,4.27,0.96,2.41,7.97,10.66,12.57,831.5,815.42,0.76,2.59,2.87,28.55,32.42,-37.82,-6.48,-12.29,50.37,-37.82,4762.53,0.46,1.85,56.07,0,0.1,-0.72
PNGJL.NS,P N Gadgil Jewe.,19.18,19.18,4.05,3.47,0.25,12.71,10.19,23.49,20.96,24.41,23.6,409.82,218.27,0.89,6.66,3.94,32.85,30.2,31.3,47.77,32.63,77.7,77.2,-781.89,0,0,76.62,0,4,3.16
PNGSREVA.NS,PNGS Reva Diamo.,18.96,19.18,3.11,3.47,2.45,11.6,13.72,21.01,22,0,17.17,64.66,6.59,0.33,11.63,14.73,31.71,20.4,0,580.98,30.21,881.18,7.73,-107.25,0,0,64.77,0,-0.84,-2.94
POLICYBZR.NS,PB Fintech.,71.23,53.76,7.29,3.37,1.42,54.22,8.25,9.75,10.32,5.58,5.99,670.13,352.22,0.05,21.12,9.86,16.19,14.48,49.44,38,38.49,98.75,50,-36.37,0,0,0,0,-2.65,3.7
POLYCAB.NS,Polycab India,43.14,25.82,10.27,4.08,1.57,27.04,14.91,23.05,33.21,22.56,31.37,2708.42,2045.54,0.02,15.24,8.83,190.23,177.48,27.28,32.06,26.98,29.24,27.5,2340.03,0.57,26.48,61.46,0,0.79,-0.33
POLYMED.NS,Poly Medicure,51.84,36.27,5.34,3.61,3.36,29.13,7.47,9.02,12.5,12.6,18.18,320.73,338.56,0.11,20.63,14.06,31.09,31.78,13.35,18.31,18.92,-10.5,15.45,-59.44,0.21,11.01,62.42,0,-0.36,0.48
POONAWALLA.NS,Poonawalla Fin,49.84,20.24,3.5,1.73,10.54,20.33,1.14,5.86,7.51,5.94,7.69,541.81,-98.34,4.68,1.33,8,9.39,6.67,2.77,72.47,46.11,340.37,4.73,-21886.95,0,0,59.02,0,0.75,4.6
POWERGRID.NS,Power Grid Corpn,15.34,25.07,2.42,2.01,-8.92,10.61,5.26,15.26,9.1,16.73,11.58,15927.95,15521.44,1.47,2.7,31.54,17.09,17.13,-1.72,2.29,0.84,3.03,-1.72,3687.22,3.44,52.55,51.34,0,-0.69,0.57
POWERICA.NS,Powerica Ltd,25.39,34.62,0,5.04,0.71,15.19,8.41,17.36,15.67,17,21.48,267.27,163.18,0.29,15.23,8.86,24.47,21.12,-11.88,13.5,8.19,89.31,35.91,-121.23,0,13.02,77.18,0,-2.71,1.21
POWERINDIA.NS,Hitachi Energy,113.04,34.62,26.06,5.04,0.93,76.16,9.96,21.91,29.36,17.98,22.22,987.84,383.98,0.02,132.11,12.62,258.09,221.63,118.14,40.17,22.17,135.8,121.83,735.31,0.03,3.61,71.31,0,0.76,-0.63
POWERMECH.NS,Power Mech Proj.,19.1,15.21,2.97,1.7,0.96,10.3,7.98,15.39,21.7,15.83,22.81,411.68,347.55,0.26,5.86,6.72,123.75,115.13,17.53,15.79,18.95,22.7,19.87,60.4,0.06,1.3,58.41,0,0.06,0.42
PPLPHARMA.NS,Piramal Pharma,0,34.89,3.36,4.13,0,24.36,-1.89,-3.83,2.52,-0.88,4.82,-325.94,91.13,0.7,1.33,-3.52,-2.36,-2.45,-30.91,0.78,7.79,-295.92,-31.46,776.02,0.07,0,34.8,0,-17.66,-1.04
PRAJIND.NS,Praj Industries,113.39,34.45,4.38,4.73,-2.02,26.84,0.64,1.48,6.12,11.74,17.77,23.85,218.93,0.13,5.64,0.63,1.64,1.3,-56.17,2.35,-3.53,-63.93,-56.16,156.65,1.15,277.55,32.81,0,0.01,1.41
PRANAV.NS,Pranav Construc.,15.99,25.25,0,2.26,0.31,10.61,4.68,33.78,28.48,42.69,32.52,71.33,62.26,1.08,3.87,9.37,8.18,8.18,-47.84,19.7,28.94,15.85,52.33,-44.13,0,0,49.03,0,0,0
PRASOLCHEM.NS,Prasol Chemicals,53.91,28.46,0,2.83,2.69,31.66,10.74,20.57,23.53,13.95,16.79,83.12,43.57,0.25,15.16,6.81,14.33,14.33,20.07,21.74,9.84,92.48,20.07,10.86,0,8.37,75.25,0,0,0
PREMIERENE.NS,Premier Energies,24.65,27.4,9.53,4.19,0.07,15.53,16.53,40.99,32.71,44.85,33.02,1509.69,937.13,0.86,14.25,18.67,36.73,33.33,289.83,26.7,76.27,59.07,364.81,-1735.55,0.11,3,58.48,0,2.2,4.28
PRESTIGE.NS,Prestige Estates,55.81,25.25,3.89,2.26,3.05,18.89,1.99,7.53,10.38,6.2,9.7,1305.4,616.9,1.09,2.01,10.27,26.44,27.76,15.47,67.46,15.12,115.95,18.27,349,0.14,7.21,60.95,0,-0.93,0.91
PRICOLLTD.NS,Pricol Ltd,34.27,29.28,7.31,3.69,1.21,18.64,11.21,21.84,24.5,19.53,23.46,250.8,167.03,0.3,12.31,6.14,21.98,20.58,28.41,43.26,27.3,56.36,28.41,-38.25,0.27,0,38.51,0,-1.66,-0.65
PRIVISCL.NS,Privi Speci.,40.25,28.46,9.98,2.83,0.28,21.72,10.62,26.01,22.3,19.21,16.84,316.72,184.75,0.72,7.29,12.34,89.47,83.77,143.66,21.63,16.83,60.8,143.66,230.08,0.28,11.93,60.6,0,0.57,-0.6
PRSMJOHNSN.NS,Prism Johnson,49.44,28.24,3.79,1.78,9.49,8.64,-1.7,-5.41,5.92,-4.4,4.24,30.01,45.11,1.1,1.68,-1.68,3.47,1.45,5.21,4.76,0.09,10524.12,5.21,320.68,0,0,74.87,0,-0.81,0.41
PRUDENT.NS,Prudent Corp.,53.6,53.6,14.88,14.88,2.24,35.71,20.49,28.65,37.48,31.52,41.61,222.05,195.65,0.04,58.24,16.56,59.18,53.63,23.91,19.45,29.51,20.57,23.91,208.61,0.11,6.53,55.31,0,-0.61,0.37
PSB.NS,Pun. & Sind Bank,10.92,7.32,1.03,0.92,42,16.94,0.78,9.62,5.95,6.74,5.84,1321.93,1015.83,11.21,1.23,11.03,1.95,1.86,-1.26,4.64,14.45,25.45,0.26,-2134.02,1.83,20.93,93.85,0,-0.01,-0.09
PTC.NS,PTC India,8.96,8.96,0.77,0.77,0.8,2.27,5.6,10.25,13.4,9.94,12.49,717.44,976.24,0.3,3.93,4.27,17.18,20.46,11.18,13.26,1.64,-17.35,11.18,2812.97,14.85,41.54,16.22,0,1.42,1.43
PTCIL.NS,PTC Industries,259.09,29.36,21.57,3.95,4.39,157.68,5.85,7.16,8.59,7.06,8.98,101.56,61.02,0.17,15.6,17.19,83.78,67.74,53.08,94.62,40.09,102.53,58.99,-385.96,0,0,59.72,0.07,0,0.14
PURVA.NS,Puravankara,31.08,25.25,2.79,2.26,15.78,9.74,0.35,3.54,11.23,-1.4,9.05,56.75,-182.92,3.13,1.28,1.48,6.76,2.69,1.97,116.21,44.65,160.86,1.97,286.55,0,0,75,0,-0.11,0.04
PVRINOX.NS,PVR Inox,38.12,50.96,1.63,5.9,0.85,7.63,2.22,4.92,6.79,0.01,4.77,332.8,-280.9,0.92,1.58,5.33,45.27,34.02,45.02,13.68,21.01,321.24,45.06,1906.1,0,0,27.53,10.89,0.22,-0.71
PWL.NS,Physicswallah,608.62,27.88,9.91,2.61,27.01,56.22,-0.25,-0.63,3.99,0,-59.09,-24.17,-243.26,0.51,2.38,-0.38,0.15,-0.08,25.92,32.53,73.68,124.98,22.53,494.25,0,0,71.27,0,0.45,-0.34
QPOWER.NS,Quality Power El,92.46,34.62,22.76,5.04,1.14,47.97,19.31,25.11,31.53,24.58,29.86,185.55,100.15,0.07,34.27,19.59,17.21,15.67,-95.14,121.98,55.23,89.95,80.81,-30.68,0.06,6.39,73.91,0,1.09,0.48
QUESS.NS,Quess Corp,19.69,18.57,4.36,1.96,2.21,13.73,8.23,21.33,24,13.53,13.75,222.2,45.89,0.11,6.02,1.57,16.92,14.84,8.63,5.35,-3.74,22.25,8.91,221.49,2.35,74.12,56.82,0,0.27,-0.54
RADICO.NS,Radico Khaitan,84.47,49.56,18.08,2.18,2.06,51.98,12.73,20.26,24.15,15.37,17.74,604.48,345.61,0.15,16.82,10.18,52.54,45.14,40.96,19.3,24.43,75.94,41.04,504.18,0.2,19.94,40.19,0,0.57,0.73
RAILTEL.NS,Railtel Corpn.,22.17,15.13,3.63,2.1,0.91,10.83,6.62,17.08,22.85,16.32,21.65,346.32,299.81,0.03,120.27,8.51,10.78,10.79,24.24,20.85,29.77,16.17,24.24,44.09,1.27,30.12,72.84,0,0.26,0
RAIN.NS,Rain Industries,13.49,14.52,0.91,1.39,-0.2,5.56,0.68,0.6,8.26,-6.68,4.89,135.89,-449.94,1.35,2.06,0.8,15.97,1.26,-69.07,17.02,-6.92,228.66,-69.07,440.53,0.46,79.1,41.35,0,-0.04,0.52
RAINBOW.NS,Rainbow Child.,48.7,49.43,8.46,6.06,8.74,24.21,9.73,15.9,17.35,17.07,18.37,281.54,244.22,0.54,5.61,14.72,28.1,27.4,5.55,18.3,13.22,11.29,5.57,204.49,0.25,12.77,49.84,0,-1.21,1.44
RALLIS.NS,Rallis India,16.98,20.29,1.9,2.36,0.57,8.87,6.38,10.22,14.14,8.41,11.82,183.88,125.13,0.03,40.13,6.96,11,9.46,29.9,4.41,-0.8,33.45,29.9,143.02,1.5,31.73,55.08,0,-2.43,0.4
RAMBHAJO.NS,Advit Jewels,33.13,19.18,0,3.47,0.68,26.11,21.99,45.62,32.17,50.91,39.73,34.39,25.37,0.79,7.41,20.63,10.74,10.74,-89.89,33.39,52.92,35.51,49.02,8.28,0,0,69.88,0,0,0
RAMCOCEM.NS,The Ramco Cement,105.22,28.24,2.48,1.78,-1.93,17.08,0.18,0.38,6.13,1.93,6.33,698.79,269.57,0.48,1.56,0.33,27.29,29.57,-54.44,8.58,3.44,38.18,-54.44,1215.52,0.29,8.46,42.55,3.43,-0.52,0.58
RATEGAIN.NS,Rategain Travel,37.61,19.69,4.88,3.66,0.78,21.08,8.23,11.88,13.88,12.72,16.21,194.39,208.93,0.47,8.24,12.01,20.5,16.45,43.86,114.36,47.77,24.18,48.09,229.58,0,0,48.78,0,0.4,0
RATNAMANI.NS,Ratnamani Metals,43.93,22.47,4.69,1.99,-31.16,23.21,10.54,12.63,17.91,16.3,22.38,534.46,541.57,0.08,26.59,12.06,61.76,68.85,-1.41,-16.31,0.15,-23.11,-1.41,452.21,0.36,14.53,59.77,0,0.12,-0.32
RAYMONDLSL.NS,Raymond Lifestyl,27.45,18.39,0.42,1.7,0,7.29,0.79,1.14,3.52,9.78,3.22,46.17,38.19,0.23,1.78,1.6,7.12,7.58,0,9.18,0,62.84,0,366.14,0.15,13.19,59.61,23.74,-1.37,0.6
RBA.NS,Restaurant Brand,0,82.44,7.4,8.54,0,20.97,-5.9,-22.72,-0.47,-26.82,-2.72,-204.13,-232.79,2.73,0.01,-7.16,-2.89,-3.21,8.83,13.29,11.17,17.88,5.14,-69.55,0,0,9.22,0,-1.34,-5.98
RBLBANK.NS,RBL Bank,72.11,13.81,1.52,1.31,-30.95,22.03,0.5,5.11,5.77,5.9,6.01,822.44,695.37,9.38,1.13,5.74,11.73,13.31,-3.32,5.37,14,67.08,-2.33,7354.23,0.25,7.52,60,0,-11.46,-26.05
RCF.NS,R C F,14.57,14.03,1.18,1.83,-0.6,8.32,2.76,7.84,10.42,5.69,8.03,427.45,242.45,0.81,2.92,2.09,8.09,7.75,-24.47,17.52,-4.85,46.82,-24.47,-1544.53,2.13,30.2,75,0,-0.17,-0.09
RECLTD.NS,REC Ltd,4.99,15.34,0.95,1.97,0.37,10.52,2.6,20.12,9.71,21.22,9.91,16308.17,15884.23,6.1,1.57,27.41,60.9,61.93,13.5,2.03,14.7,-4.97,13.5,5947.74,6.12,29.95,52.63,0,-0.03,0.62
REDINGTON.NS,Redington,17.59,23.78,3.11,2.41,3.82,12.29,4.51,16.86,18.39,15.02,18.91,1284.15,1820.62,0.28,7.05,1.16,21.76,19.06,4.61,23.2,14.5,41.53,4.61,124.96,1.48,31.48,0,0,0.47,-0.75
REDTAPE.NS,Redtape,26.93,40.48,6.49,3,1.4,14.91,10.65,26.65,24.48,26.81,25.14,240.55,170,0.7,6.07,9.97,4.46,4.35,19.3,18.98,18.1,38.47,19.3,89.35,1.67,45.96,71.83,0,-0.6,0.73
REFEX.NS,Refex Industries,13.27,22.9,2.52,2.52,0.48,7.96,10.44,17.81,22.71,19.11,23.89,203.72,158.39,0.15,11.16,10.65,18.1,14.82,18.81,37.9,11.8,56.27,27.7,46.68,0.54,6.75,56.57,43.51,-0.44,0.25
REGAAL.NS,Regaal Resources,14.03,15.79,1.86,2.37,0.26,10.84,5.51,16.51,12.04,19.18,13.41,55.56,47.67,1.26,3.88,5.33,5.82,5.41,-30.42,12.71,32.46,36.44,53.4,-245.28,0.28,4.62,71.32,0,-0.02,-0.24
RELAXO.NS,Relaxo Footwear,39.06,40.48,3.28,3,8.36,17.3,6.28,8.33,11.18,8.97,12.05,179.27,170.33,0.11,12.28,6.63,7.44,7.2,4.67,2.11,-0.98,5.98,4.67,212.53,1.2,48.59,71.27,0,0.07,-0.07
RELIANCE.NS,Reliance Industries,21.69,9.59,1.79,1.73,4.15,9.21,4.47,8.91,10.26,8.77,9.93,95754,81309,0.45,5.11,8.74,55.22,59.69,5.23,15,6.4,-0.42,5.23,70023,0.5,10.05,50.48,0,-1.48,0.64
RELIGARE.NS,Religare Enterp.,162.67,23.86,2.68,0.75,2.3,68.17,0.57,3.18,3.5,4.46,7.05,73.17,182.75,0.17,1.11,0.87,1.51,2.58,69.82,19.01,21.83,-57.65,70.78,1809.14,0,0,30.55,0,1.79,0.81
RENTOMOJO.NS,Rentomojo,47.07,47.07,0,5.55,0.28,31.67,19.91,45.43,21.51,35.15,21.18,104.3,43.11,0.79,3.84,28.07,30.22,30.22,-76.33,45.51,47.32,157.49,168.68,-3.56,0,0,19.75,0,0,0
RENUKA.NS,Sh.Renuka Sugar,0,16.36,0,1.06,0,71.9,-9.72,0,-3.06,0,5.87,-792.41,-299.88,0,-0.17,-8.62,-3.67,-3.72,0,-5.13,0.53,-96.38,0,-274.84,0,0,62.48,0,-1.36,-0.95
RHIM.NS,RHI Magnesita,42.68,30.95,2.24,2.45,-1.59,16.11,2.14,2.83,6.46,5.72,7.37,-382.94,202.51,0.13,8.16,2.66,-17.12,-18.54,-29.11,8.45,13.82,13.55,-26.86,274.2,0.65,-13.48,56.07,0,-0.4,0.88
RITES.NS,Rites,22.57,15.21,3.52,1.7,-2.55,9.43,7.54,15.42,23.05,15.84,23.41,454.44,423.66,0,193.13,18.81,8.68,8.54,-8.84,11.28,-2.78,8.16,-8.84,266.36,4.05,84.93,72.2,0,-0.04,0.04
RKFORGE.NS,Ramkrishna Forg.,113.78,29.28,3.88,3.69,-3.6,21.53,1.16,2.51,5.6,9.75,9.73,71.8,415.03,0.74,1.65,1.87,5.88,3.95,-34.44,8.55,9.9,-60.43,-31.59,-39.27,0.14,25.27,43.39,15.56,-1.32,0.64
ROUTE.NS,Route Mobile,8.08,15.13,1.03,2.1,0,2.51,9.58,12.58,17.41,14.84,18.62,256.94,333.93,0.02,80.34,7.98,39.43,37.94,-0.29,-0.31,7.29,15.71,0,554.72,2.43,28.99,74.85,0,-0.09,-0.55
RPOWER.NS,Reliance Power,2297.21,20.49,0.51,1.79,96.52,7.8,-0.35,-0.9,6.11,-6.06,4.56,-336.89,2947.83,0.92,1.17,-1.92,-0.77,-0.81,24.02,2.87,0.47,124.52,23.8,2708.43,0,0,24.98,0,-0.48,-0.33
RRKABEL.NS,R R Kabel,45.52,25.82,10.81,4.08,1.16,27.85,12.39,21.33,28.1,19.07,23.19,492.22,311.61,0.13,10.49,5.19,53.72,43.52,31.59,37.66,20.19,81.49,39.13,6.65,0.39,21.83,61.38,0,1.58,-1.46
RSL.NS,Rajputana Stain.,23.79,22.47,3.85,1.99,0.83,12.61,9.67,19.15,25.33,24.71,29.55,49.82,39.85,0.19,5.37,4.9,7.69,5.96,-4.3,8.05,1.9,24.13,28.58,19.18,0.3,8.39,57.09,0,2,-0.06
RTNINDIA.NS,RattanIndia Ent,0,47.07,4.71,5.55,0,-7.15,-6.18,-19.57,-4.76,16.69,14.65,-166.35,80.72,1.43,-8.59,-2.21,-4.72,-1.2,0,2.09,22.24,-146.82,0,-63.64,0,0,74.87,14.1,-0.15,-0.01
RTNPOWER.NS,RattanIndia Pow.,33.02,20.49,0.79,1.79,1.24,9.66,0.54,1.14,6.21,0,7.76,52.44,221.92,0.8,1.28,1.75,0.21,0.1,26.58,-6.49,-2.54,-3.81,26.58,294.33,0,0,44.06,0,0.12,-0.04
RUBICON.NS,Rubicon Research,91.43,34.89,20.4,4.13,0.59,56.84,13.06,26.96,28.35,27.47,24.45,246.74,134.36,0.24,10.09,14.06,17.68,14.95,34.77,46.65,64.57,89.49,154.99,-23.88,0.09,10.04,59.76,0,-0.02,-0.59
RVNL.NS,Rail Vikas,47.04,15.21,4.3,1.7,-3.54,27.65,4.13,9.02,10.8,13.81,14.6,870.66,1277.79,0.49,4.08,4.27,4.31,4.2,-13.29,5.4,0.21,-24.3,-13.29,-1948.73,0.84,40.76,72.84,0,-2.45,0.18
SAATVIKGL.NS,Saatvik Green,21.65,27.4,3.94,4.19,0.07,14.01,15.17,42.43,32.92,58.87,45.39,357.11,213.93,0.69,5.14,7.92,19.38,28.11,26.45,46.52,95.51,-21.14,323.65,-628.16,0,0,75.99,0,0.16,0.45
SAFARI.NS,Safari Inds.,43.12,30.19,6.39,2.13,4.46,23.76,11.95,15.94,19.27,18.78,22.99,167.76,142.8,0.1,24.71,8.05,33.69,34.24,8.47,13.97,19.09,10.86,9.67,104.99,0.28,11.68,44.7,0,-0.25,-0.04
SAGILITY.NS,Sagility,19.77,29.02,2.11,3.04,0.23,10.67,8.15,10.58,13.41,7.59,9.23,924.77,539.12,0.11,15.57,13.23,2.12,1.98,38.3,29.43,19.47,54.46,86.12,1011.32,0.35,7.59,50.95,0,-0.03,-0.86
SAIL.NS,S A I L,15.77,17.23,1.26,2.13,0.6,7.3,2.87,6.57,7.92,5.85,7.59,3372.8,2371.8,0.53,4.18,3.53,10.34,8.17,26.26,6.45,1.99,58.66,26.26,10942.35,1.28,28.78,65,0,2.08,-1.53
SAILIFE.NS,Sai Life,91.27,34.89,13.5,4.13,0.4,48.13,10.52,15.42,19.65,12.74,14.75,348.91,170.13,0.12,15.24,16.22,17.12,16.48,0,17.74,21.67,50.65,226.58,-83.31,0,0,34.53,0,-1.52,1.17
SAIPARENT.NS,Sai Parenteral's,108.52,34.89,0,4.13,2.25,48.74,1.68,4.88,5.28,8.64,12.61,14.26,14.45,0.96,1.64,3.74,3.23,3.23,-19.23,133.57,57.9,-1.11,48.21,-184.16,0,0,51.16,0,-1.7,-4.34
SAMBHV.NS,Sambhv Steel,27.29,22.47,4.3,1.99,0.82,15.6,8.17,18.46,19.07,18.1,18.4,143.27,58.04,0.36,6.95,5.93,5.65,4.86,-45.56,48.73,37.06,149.65,33.27,-45.18,0,0,56.11,0,0.01,0.08
SAMHI.NS,Samhi Hotels,7.94,26.77,1.53,2.2,0.17,10.91,11.45,24.48,8.9,12.21,8.39,566.55,85.5,0.85,2.09,36.72,22.71,22.64,34.57,11.84,19.1,243.36,46.39,71.18,0,0,0,0,0.34,0.96
SAMMAANCAP.NS,Sammaan Capital,0,12.72,0.85,1.73,0,16.68,-0.91,-3.21,4.92,-2.07,6.21,-7144.56,-1807.46,2.73,0.58,-8.01,-60.31,-61.66,0,-17.09,-2.14,59.09,0,-7505.36,0,0,28.34,0,-26.61,-4.14
SANDUMA.NS,Sandur Manganese,11.89,17.23,2.71,2.13,0.32,7.32,12.12,23.03,24.23,18.09,19.96,658.07,470.61,0.31,6.04,13.3,14.75,13.51,36.71,45.22,33.77,50.62,36.72,987.78,0.28,3.7,74.22,0,0.1,-0.08
SANOFICONR.NS,Sanofi Consumer,34.36,34.89,26.32,4.13,0,23.28,48.08,71.6,89.93,77.64,100.68,240.1,181,0.06,179.6,26.77,115.5,104.25,0,31.17,0,34.44,0,167.2,1.89,71.85,71.27,0,-0.16,0.28
SANSERA.NS,Sansera Enginee.,79.73,29.28,9.07,3.69,2.91,40.42,8.14,10.64,13.69,11.29,14.47,298.17,205.96,0.12,19.69,10,52.1,47.84,20.65,23.53,13.86,61.41,27.41,-118.79,0.09,8.36,29.21,0,2.73,-4.34
SAPPHIRE.NS,Sapphire Foods,2827.48,82.44,5.01,8.54,0,15.75,-0.45,-1.03,3.98,1.65,5.67,-31.95,16.7,1.02,1.04,-0.46,-0.5,-0.99,0,10.17,11.32,-85.8,0,188.72,0,0,26.06,0,-3.73,4.43
SARDAEN.NS,Sarda Energy,15.72,17.23,2.4,2.13,0.8,9.29,9.61,15.08,16.87,14.24,15.81,1109.44,702.19,0.36,7.24,18.15,32.06,31.38,19.76,5.9,10.55,19.96,19.75,1399.86,0.4,6.37,73.16,0,0.01,0.15
SAREGAMA.NS,Saregama India,41.36,40.26,5.58,1.29,10.77,23.04,9.36,12.67,17.29,12.51,17.5,206.22,204.24,0.04,48.14,20.99,11.51,10.74,3.84,-11.2,10.16,13.9,3.84,-113.84,0.92,41.9,60.84,0,-0.68,1.5
SBFC.NS,SBFC Finance,20.06,20.24,2.58,1.73,0.45,13.16,4.58,13.05,11.82,11.89,11.43,450.83,345.17,1.92,2.14,26.87,4.36,4.07,34.49,27.63,31.73,30.68,44.23,-1907.39,0,0,52.31,0,1.01,-1.25
SBICARD.NS,SBI Cards,24.76,20.24,3.58,1.73,-18.07,15.84,3.29,14.69,10.1,16.8,11.02,2166.71,1916.41,2.8,2.02,10.89,23.91,22.77,-1.56,7.92,13.34,21.16,-1.37,459.48,0.42,10.98,68.86,0,-0.56,0.01
SBIFUNDS.NS,SBI Funds Mgt.,34.37,33.5,0,6.55,1.08,26.13,40.38,43.02,56.5,37.64,49.46,3067.38,2540.15,0,441.76,61.67,15.06,15.06,31.33,17.46,27.41,20.76,31.8,2459.6,0,0,88.19,0,0,0
SBILIFE.NS,SBI Life Insuran,66.45,62.49,8.62,7.25,5.19,60.45,0.52,13.7,14.95,14.14,15.57,2470.3,2413.3,0,0,2.2,25.93,24.63,12.73,-1.3,11.68,4.53,12.81,34338.1,0.16,10.96,55.32,0,-0.56,0.54
SBIN.NS,SBI,10.58,7.32,1.43,0.92,0.74,17.46,1.11,15.38,6.13,16.52,6.25,86665.67,80522.63,11.08,1.36,16.83,93.4,90.24,13.1,5.52,13.64,5.76,14.38,29734.43,1.8,19.23,55.47,0,-0.6,0.41
SCHAEFFLER.NS,Schaeffler India,47.92,29.28,9.88,3.69,4.23,28.94,15.82,20.8,27.9,20.03,26.77,1196.25,977.67,0.01,437.32,12.76,82.6,76.53,11.33,19.24,11.01,22.02,11.33,888.37,0.88,45.73,74.13,0,0.11,-0.11
SCHNEIDER.NS,Schneider Elect.,146.72,34.62,41.18,5.04,5.4,80.6,10.43,38.22,29.65,60.47,36.32,212.56,267.89,0.92,5.84,7.72,7.69,8.89,27.16,9.56,17.6,-21.69,27.16,120.4,0,0,75,0,0.24,0.58
SCI.NS,S C I,7.83,11.08,1.39,1.59,0.53,5.07,10.46,15.04,13.94,11.64,10.48,1352.92,843.58,0.29,10.35,22.65,34.74,29.05,14.82,16.69,-0.08,78.54,14.82,-153.55,2.76,25.82,63.75,0,0,-0.4
SEDEMAC.NS,Sedemac Mechatro,133.62,29.28,34.88,3.69,1.05,71.29,15.53,26.93,35.31,21.72,25.63,103.58,47.05,0.16,18.41,9.58,23.45,23.45,-85.63,60.76,35.76,116.56,127.74,-47.45,0,0,26.23,0,1.75,-4.12
SENCO.NS,Senco Gold,9.13,19.18,2.07,3.47,0.17,6.88,9.72,25.6,21.24,18.07,15.03,574.32,159.31,1.07,4.32,6.81,34.86,35.06,35.18,43.1,27.39,168.38,53.58,-843.45,0.55,4.99,64.48,0,-0.72,0.93
SFL.NS,Sheela Foam,33.75,24.44,2.11,2.29,-5.09,15.87,2.9,4.8,6.11,3.86,5.87,160.85,90.09,0.28,3.83,3.97,19.67,14.62,-10.07,16.82,9.97,261.53,-6.63,368.46,0.16,6.84,65.39,0,0.02,-2.03
SHADOWFAX.NS,Shadowfax Technologies,93.27,25.8,9.13,2.22,2.3,49.08,5.76,10.72,10.3,7.15,5.15,115.18,6.21,0.13,8.77,2.82,3.75,1.98,26,65.38,42.33,1754.75,40.5,158.03,0,0,16.51,0,1.13,-1.54
SHAILY.NS,Shaily Engineer.,78.11,30.19,21.46,2.13,1.04,47.35,16.62,28.16,30.17,18.5,19.39,161.32,70.91,0.27,16.4,17.51,38.68,35.1,75.13,22.25,15.38,83.13,75.2,37.09,0.1,8.55,41.09,0,1.45,4.23
SHAKTIPUMP.NS,Shakti Pumps,27.04,41.72,3.37,6.32,0.22,14.11,10.27,17.99,23.64,27.13,36.78,257.58,408.37,0.3,5.7,9.56,17.21,20.87,112.17,14.1,40.74,-48.53,120.25,-52.97,0.21,4.79,50.36,0,0.25,-2.58
SHANKESH.NS,Shankesh Jewellers,12.44,19.18,0,3.47,0.11,9.46,32.65,68.8,50.26,55.19,32.96,106.68,40.31,0.8,11.75,6.54,9.08,9.08,-37.63,16.17,21.5,164.57,116.98,-12.42,0,0,69.53,0,0,0
SHANTIGOLD.NS,Shanti Gold,12.72,19.18,3.96,3.47,0.14,9.41,22.22,38.08,33.9,38.92,26.22,140.15,54.11,0.36,14,6.94,24.3,18.27,-3.84,110.66,43.76,206.97,92.23,-266.94,0,0,70.35,0,2.45,-0.33
SHARDACROP.NS,Sharda Cropchem,10.5,20.29,2.1,2.36,0.41,5.5,12.48,23.17,30.25,13.22,17.01,680.99,304.42,0,268.37,12.4,69.4,75.47,25.64,18.52,9.2,49.11,25.64,158.45,2.06,19.88,74.82,0,-1.48,-0.52
SHAREINDIA.NS,Share India Sec.,12.42,19.01,1.71,2.19,-28.88,3.19,7.75,13.02,18.41,18.2,25.75,324.44,328.09,0.26,4.5,22.07,16.61,14.78,-9.79,14.62,10.54,17.62,-0.43,-186.04,0.78,6.43,48.62,57.8,0.33,0.01
SHILPAMED.NS,Shilpa Medicare,70.59,34.89,7.74,4.13,0.66,40.58,6.35,8.99,10.88,5.39,8.01,243.33,78.29,0.25,7.36,14.51,15.2,12.44,100.68,27.95,13.64,116.95,106.86,-28.45,0.06,4.82,40.13,8.73,0.32,-0.53
SHIPROCKET.NS,Shiprocket,0,47.07,0,5.55,0,-672.61,-3.16,-5.14,-2.68,-11.77,-8.01,-79.25,-74.45,0.23,-1.88,-3.75,-1.25,-1.25,25.99,24.03,22.96,-2.08,19.96,34.61,0,0,0,0,0,0
SHREECEM.NS,Shree Cement,49.46,28.24,3.44,1.78,4.92,15.75,5.63,7.51,10.27,8.23,10.58,1748.66,1123.8,0.08,10.71,8.06,451.79,483.24,10.06,12.63,5.47,9.64,10.06,1979.09,0.68,31.04,62.56,0,-0.73,0.63
SHREEJISPG.NS,Shreeji Ship. Gl,76.73,11.08,15.95,1.59,8.08,48.17,15.43,27.46,26.35,34.35,33.12,152.7,141.24,0.36,12.87,21.53,9.81,9.37,0,23.06,-4.99,20.59,9.5,-62.42,0.13,106.69,90,0,0.24,-0.06
SHRINGARMS.NS,Shringar House,17.47,19.18,3.1,3.47,0.25,12.62,18.23,26.3,26.83,28.48,26.69,115.49,61.11,0.28,23.08,5.14,12.55,11.98,-23.1,65.06,33.2,66.58,70.38,-290.31,0,0,74.8,0,-2.85,1.19
SHRIPISTON.NS,SPR Auto Technologies,37.16,29.28,7.05,3.69,1.48,21.57,11.65,21.36,20.78,23.04,24.85,561.4,515.56,0.68,10.05,12.89,127.95,125.43,25.02,35.19,19.55,11.14,25.07,437.29,0.22,7.97,41.55,0,0.74,3.11
SHRIRAMFIN.NS,Shriram Finance,20.2,20.24,2.79,1.73,1.09,12.72,3.26,16.39,11.49,16.01,11.24,10024.15,9576.32,3.8,1.7,20.83,56.48,53.28,18.4,14.2,16.44,33.03,18.6,-13475.08,1.11,20.27,20.3,0,9.6,-3.39
SHYAMMETL.NS,Shyam Metalics,26.57,22.47,2.59,1.99,3.09,11.32,5.83,9.7,13.01,10.18,11.98,1060.17,909.26,0.09,7.69,5.72,40.24,38.34,5.39,22.8,13.59,21.54,8.6,-613.68,0.42,11.7,74.59,0,-0.12,4.58
SIEMENS.NS,Siemens,89.73,34.62,9.74,5.04,3.98,55.64,12.11,19.22,21.44,17.29,19.69,2754.1,2718.1,0.02,65.7,11.3,91.98,77.27,22.52,13.21,15.47,-11.55,22.52,-1080.1,0.48,23.29,75,0,-0.33,0.51
SIGNATURE.NS,SignatureGlobal,0,25.25,5.93,2.26,0,133.35,-2.59,-30.33,2.38,-11.15,3.08,1094.65,101.21,1.61,0.69,-15.05,74.28,77.9,0,-22.98,18.66,-107.86,0,112.98,0,0,69.54,0,-0.08,0.05
SJVN.NS,SJVN,37.55,20.49,1.69,1.79,-1.68,14.89,1.33,4.58,5.73,5.43,5.21,641.85,818.02,2.27,1.76,14.36,1.63,1.63,-22.34,60.47,15.51,-7.4,-22.34,-3839.45,2.46,91.81,81.85,0,0.04,0
SKFINDIA.NS,SKF India,50.38,70.2,5.62,6.38,-2.9,20.7,10.48,15.06,13.33,19.85,18.63,266.01,565.81,0,1347.33,13.88,42.36,53.85,-17.39,17.89,-20.91,-40.78,-17.39,133.84,2.65,74.34,52.58,0,-0.21,0.17
SKFINDUS.NS,SKF India Indus.,36.95,70.2,9.65,6.38,0,30.83,16.19,26.65,29.89,0,29.89,217.67,121.31,0,617.98,10.8,76956.46,44.03,0,377.42,0,206.22,0,70.24,0.69,22.71,52.58,0,0.21,-0.54
SKIPPER.NS,Skipper,26.67,34.62,4.1,5.04,0.3,11.63,5.48,16.29,23.52,13.72,22.76,207.33,145.83,0.63,2.43,3.9,19.41,18.36,88.1,17.18,41.01,42.72,88.12,-88.11,0.02,0.55,61.48,0,4.57,0.58
SKYGOLD.NS,Sky Gold & Diam.,36.83,19.18,10.3,3.47,0.25,23.17,15.87,29.25,27.02,27.49,22.11,281.83,132.66,0.73,6,4.48,21.63,17.78,117.29,81.4,76.05,116.13,145.49,-140.04,0,0,51.74,0,1.59,1.06
SKYWAYS.NS,Skyways Air Ser.,32.45,25.8,0,2.22,-3245,14.1,4.43,13.97,13.22,17.5,14.03,63.53,48.14,1.88,2.73,2.23,3.52,3.52,-79.23,25.14,23.74,3.33,-0.01,55.09,0.55,5.68,56.82,0,0,0
SMARTWORKS.NS,Smartworks Cowor,209.61,18.57,11.02,1.96,7.45,7.87,0.19,3.3,8.3,-23.72,7.43,10.53,-63.18,9,1.1,0.59,2.44,0.92,27.46,36.32,36.16,162.83,28.14,809.7,0,0,58.33,0,0.12,-0.14
SMLMAH.NS,SML Mahindra,60.29,24.95,18.16,9.46,0.6,34.52,11.84,35.4,30.9,38.16,27.21,159.75,121.67,0.56,12.4,5.63,108.08,110.39,100.39,18.07,15.93,9.96,100.39,86.08,0.36,21.3,58.97,0,0.47,0.87
SOBHA.NS,Sobha,56.49,25.25,2.76,2.26,2.47,22.48,1.05,4.16,6.86,3.15,6.81,193.41,94.69,0.22,3.24,3.72,21.57,18.09,22.85,32.15,16.18,125.55,22.83,224.46,0.49,33.18,52.88,0,-0.11,-0.11
SOLARINDS.NS,Solar Industries,87.17,78.14,27.61,8.22,2.87,54.23,19.14,32.64,38.08,32.18,36.18,1736.64,1287.93,0.24,19.92,18.36,220.07,185.38,30.39,41.72,12.45,57.84,30.39,-1072.39,0.06,5.93,73.15,2.27,-0.2,0.47
SOLARWORLD.NS,Solarworld Ene.,9.7,15.21,1.34,1.7,0.1,4.39,10.53,20.8,23.79,30.44,44.02,120.47,77.05,0.3,7.68,8.74,13.51,13.9,-68.95,150.04,80.9,34.09,100.9,-109.12,0,0,65.77,0,-0.46,-2.16
SONACOMS.NS,Sona BLW Precis.,64.82,29.28,8.6,3.69,3.35,38.77,9.98,11.67,15.11,14.17,19.06,646.42,579.69,0.06,48.47,15.9,12,10.4,17,42.68,18.99,37.36,19.37,237,0.42,32.71,28.01,0,-0.09,0.14
SONATSOFTW.NS,Sonata Software,15.19,19.69,4.03,3.66,3.71,9.51,10.57,28.25,30.67,28.54,31.76,464.39,424.67,0.38,12.56,4.76,16.52,16.56,4.09,3.97,12.83,18.14,4.09,425.32,2.88,47.09,28.17,0,0.43,-0.87
SOUTHBANK.NS,South Ind.Bank,8.43,13.81,1.08,1.31,0.36,16.14,1.09,13.51,6.42,13.68,6.37,1455.14,1302.89,10.97,1.31,14.77,5.77,5.56,23.3,6.88,10.83,13.54,23.33,3768,0.93,8.09,0,0,1.18,1.49
SPARC.NS,SPARC,4.12,34.89,4.94,4.13,0.04,4.35,125.29,281.12,164.99,0,-80.65,1552.13,-345.22,0.42,45.23,83.25,48.79,47.83,108.25,2855.8,98.91,631.12,108.25,-262.42,0,0,65.68,0,1.86,-0.79
SPLPETRO.NS,Supreme Petroch.,33.2,14.52,6.86,1.39,-2.82,20.57,9.39,14.11,18.79,16.01,21.34,327.31,390.52,0.05,46.66,6.08,25.67,17.41,-11.77,-3.29,0.32,40.25,-11.77,36.82,1.21,60.33,64.24,0,0.11,-0.1
SRF.NS,SRF,33.08,19.95,5.26,1.25,-8.05,20.01,8.34,14.27,14.61,12.36,13.2,1835.18,1250.78,0.36,11.46,12.05,72.93,61.91,-4.11,12.98,2.01,56.61,-4.11,747.05,0.36,14.59,50.26,0,-1.22,1.27
STAR.NS,Strides Pharma,18.33,34.89,3.42,4.13,0.26,11.23,9.18,19.99,18.32,56.97,13.4,574.52,3597.52,0.57,5.09,12.03,66.56,60.34,69.99,8.07,9.62,54.61,70.68,290.97,0.43,8.29,27.91,38.1,-0.28,0.98
STARCEMENT.NS,Star Cement,19.51,28.24,2.31,1.78,1.12,8.46,9.09,13.21,16.65,10.32,13.84,390.45,168.82,0.19,11.15,10.54,9.15,9.73,17.42,14.53,11.77,59.87,17.42,278.14,1.1,20.55,58.1,1.33,0.03,-0.27
STARHEALTH.NS,Star Health Insu,38.54,37.45,4.29,4,-11.17,27.59,2.48,7.61,9.69,10.22,13.12,556.98,645.86,0.06,0,3.12,14.35,9.47,-3.82,11.35,13.8,10.33,-3.45,1796.51,0,0,58.01,0,0.98,-0.9
STEAMHOUSE.NS,Steamhouse India,76.8,63.05,0,4.48,15.42,37.86,6.32,25.32,16,27.15,18.74,38.64,31.17,1.94,3.36,7.86,1.71,1.71,-27.32,24.4,15.92,31.34,4.98,-38.59,0,0,77.96,0,0,0
STLTECH.NS,Sterlite Tech.,180.34,54.87,17.76,9.25,-4.21,49.97,0.45,1.24,7.65,-2.74,4.66,56,-123,0.86,2.46,0.56,4.98,1.15,-46.59,36.18,-11.84,1489.53,-42.86,344,0,0,42.29,0,8.24,2.43
STUDDS.NS,Studds Accessor.,20.95,29.28,2.99,3.69,0.59,12.06,13.82,16.97,22.93,16.57,22.03,82.65,69.64,0.02,119.99,13.01,18.98,21,7.56,10.4,8.31,0.9,35.52,39.64,0.75,14.29,61.75,0,0.41,-0.41
STYL.NS,Seshaasai Tech.,22.27,53.76,4.19,3.37,0.7,13.47,17.22,23.57,27.98,32.92,34.4,243.74,222.21,0.06,25.18,16.92,16.61,15.06,-44.95,6.58,7.91,23.06,31.61,61.06,0.68,16.6,81.8,0,-0.04,0.69
STYRENIX.NS,Styrenix Perfor.,13.1,28.46,2.62,2.83,0,8.41,7.6,14.18,13.85,19.6,19.83,182.85,233.72,0.4,19.03,5.33,155.15,103.98,0,8.62,0,22.16,0,25.83,2.65,51.95,46.24,0,-0.09,0.1
SUBROS.NS,Subros,26.51,26.84,3.67,3.85,0.5,12.69,8.48,14.49,19.16,13.28,18.39,165.65,150.54,0.06,24.36,4.51,25.5,25.39,52.89,13.78,10.2,9.93,52.89,-41.98,0.43,11.82,36.79,0,-0.11,-0.06
SUDARSCHEM.NS,Sudarshan Chem.,93.79,22.43,2.73,2.07,-3.68,14.3,0.35,0.54,5.46,3.01,7.63,40.8,60.3,0.72,2.62,0.35,9.06,2.84,-28.56,90.13,62.01,-19.31,-25.47,63.3,0.42,176.01,8.19,0,0.52,1.52
SUDEEPPHRM.NS,Sudeep Pharma,70.2,34.89,14.56,4.13,1.73,49.11,18.43,25.17,28.18,31.82,37.5,174.28,138.73,0.17,30.98,27.14,16.83,15.31,-67.42,23.56,14.42,19.8,40.47,-48.6,0.13,0,76.16,0,0.26,-2.47
SUMICHEM.NS,Sumitomo Chemi.,37.92,20.29,6.4,2.36,11.63,25.86,13.26,17.65,23.48,17.35,23.15,543.14,501.95,0.02,114.07,17.4,11.62,10.88,3.26,-3.47,-3.19,3.23,3.26,404.25,0.3,11.95,75,0,-0.39,0.35
SUNDARMFIN.NS,Sundaram Finance,21.76,20.24,3.32,1.73,1.3,14.66,2.62,15.01,9.44,14.86,9.43,2058.86,1879.44,4.68,1.61,21.4,199.81,185.32,16.75,13.75,21.44,18.63,16.75,-5921.34,0.9,21.41,37.21,0,-0.39,0.31
SUNPHARMA.NS,Sun Pharma.Inds.,34.89,34.89,5.28,4.13,2.68,21.6,12.44,15.95,20.53,16.47,19.36,11508.65,10964.75,0.06,47.01,21.31,50.41,47.84,13.03,11.41,10.03,10.17,13.03,8905.93,0.87,33.44,54.48,1.65,-1.4,1.06
SUNSHINE.NS,Sunshine Picture,34.09,50.96,0,5.9,0.21,24.12,25.49,31.67,40.96,48.75,68.84,40.02,35.08,0.07,31.52,53.17,15.19,15.19,-53.64,-27.96,41.08,12.83,165.29,-33.63,0,0,74.84,0,0,0
SUNTECK.NS,Sunteck Realty,19.07,25.25,1.13,2.26,0.05,12.98,2.18,5.85,7.48,4.4,6.14,202.07,150.32,0.21,4.81,17.69,14.54,13.92,422.03,55.42,45.82,32.46,422.46,-585.21,0.54,10.77,63.14,0,-2.46,-0.31
SUNTV.NS,Sun TV Network,12.99,29.02,1.62,0.63,-3.35,7.12,11.22,12.23,16.41,15.51,21,1440.63,1703.42,0.01,182.41,34.29,38.8,36.53,-3.88,12.66,4.74,-7.84,-3.88,-408.87,2.4,34.22,75,0,-0.84,0.39
SUPREMEIND.NS,Supreme Inds.,43.13,21.42,7.21,2.26,12.99,24.18,12.47,15.77,20.73,17.99,23.78,953.98,960.88,0.01,44.76,8.32,81.27,75.1,3.32,8.71,6.83,16.02,3.32,416.47,1.03,47.94,48.96,0,-0.04,-0.16
SUPRIYA.NS,Supriya Lifesci.,39.9,34.89,6.62,4.13,1.23,26.07,16.9,19.06,25.17,18.7,24.93,209.12,187.96,0,154.5,25.26,24.65,25.98,32.49,28.14,21.55,11.58,32.49,33.53,0.1,3.85,68.3,0,1.02,-0.4
SURYAROSNI.NS,Surya Roshni,15.4,22.47,1.82,1.99,-2.52,7.65,8.2,10.9,15.6,13.7,19,285.81,346.6,0.03,16.03,3.68,14.33,13.13,-6.1,11.69,-1.94,8.34,-6.1,250.38,2.27,38.07,63.02,0,-0.87,-0.2
SUZLON.NS,Suzlon Energy,17.21,34.62,5.7,5.04,0.11,16.7,19.4,39.67,34.15,38.46,30.53,3163.39,2071.63,0.06,5.77,18.45,2.31,2.33,155.34,45.24,40.99,50.18,162.85,626.03,0,0,11.7,0,0.3,1.94
SWANCORP.NS,Swan Corp,40.62,14.52,1.2,1.39,0,20.21,-2.46,-4.5,-0.58,-7.39,2.08,271.28,874.4,0.28,4.17,-7.72,7.13,8.75,0,-16.72,44.85,-64.87,0,-221.17,0.05,1.72,53.96,39.55,-0.06,0.02
SWIGGY.NS,Swiggy,0,47.07,3.86,5.55,0,-30.19,-20.51,-29.07,-24.08,0,-25.9,-4154,-3117,0.14,-16.63,-17.99,-14,-15.05,0,46.8,40.77,-0.92,0.15,-3809,0,0,0,0,-0.63,1.93
SWSOLAR.NS,Sterling & Wils.,12.76,15.21,6.14,1.7,0.4,9.32,6.31,40.07,26.78,9.18,15.84,-295.79,85.55,1.83,2.97,4.58,-12.3,-13.25,30.66,3.19,55.31,185.88,31.69,-268.31,0,0,45.73,27.62,-1.89,1.61
SYMBIOTEC.NS,Symbiotec Pharma,68.26,34.89,0,4.13,0.98,29.67,6.86,11.74,12.99,12.93,14.24,109.9,96.78,0.34,7.21,13.27,17.51,17.51,-5.03,15.65,15.34,18.93,70.01,-49.81,0,0,33.28,0,0,0
SYNGENE.NS,Syngene Intl.,51.32,36.27,3.13,3.18,-6.81,16.82,5.37,7.78,9.99,10.1,12.65,316.7,496.2,0.09,9.13,9.95,5.49,7.86,-7.65,-3.41,5.4,-41.61,-7.54,547,0.33,15.9,52.59,0,-2.09,1.57
SYRMA.NS,Syrma SGS Tech.,90.66,34.45,11.77,4.73,2.3,51.46,7.03,13.96,16.78,10.36,12.7,345.81,184.45,0.14,12.22,7.27,19.1,16.48,35.47,53.01,33,84,39.45,114.32,0.09,9.09,42.28,0,0.91,-0.69
TANLA.NS,Tanla Platforms,12.37,32.47,2.65,1.92,2.84,6.97,14.41,21.41,26.32,25.19,31.27,509.15,507.28,0.02,162.41,11.53,40.18,38.39,4.83,13.21,9.61,10,4.36,476.79,2.41,31.25,46.17,0,0.03,0.1
TARC.NS,TARC Ltd,0,25.25,3.52,2.26,0,276.24,0.43,1.81,2.26,-8.05,-1.08,19.03,-231.29,1.78,0.19,5.77,-0.42,0.65,-4.95,364.71,-3.64,91.44,-4.95,159.27,0,0,65.12,0,0.07,0.04
TARIL.NS,T R I L,31.34,34.62,5.36,5.04,0.36,18.91,11.22,19.12,23.31,18.79,22.03,272.17,216.43,0.3,7.51,10.86,8.61,8.81,79.01,14.6,21.56,-0.16,86.58,-214.78,0.09,0,64.36,21.84,-0.53,-0.23
TATACAP.NS,Tata Capital,25.62,20.24,3.04,1.73,1.49,15.34,1.83,12.36,8.58,13.25,9.1,4890.91,3655.02,5.15,1.45,15.59,12.86,11.42,10.49,11.09,32.3,29.63,17.17,-38928.56,0.17,4.96,85.41,0,0.29,-0.03
TATACHEM.NS,Tata Chemicals,0,19.95,0.77,1.25,0,11.4,1.18,1.27,3.42,1.59,5.06,-1715,387,0.38,1.42,3.1,-84.97,-74.41,-50.77,2.04,-4.58,-192.92,-50.77,129,1.71,-14.79,37.98,0,0.16,-1.72
TATACOMM.NS,Tata Comm,45.3,38.58,13.69,9.95,-2.98,11.26,3.84,32.61,14.63,47.51,15.65,996.85,1836.78,3.55,3,4.23,33.19,35.14,-15.22,8.3,11.61,-0.07,-15.22,2059.69,1.06,49.8,58.86,0,-0.69,0.71
TATACONSUM.NS,Tata Consumer,57.61,17.37,4.36,0.97,4.6,30.42,4.66,7.35,9.24,7.52,9.68,1546.8,1287.1,0.13,17.29,7.59,16.52,15.59,11.57,15.6,13.76,25.43,12.52,2015.76,1.04,64.16,33.83,0,-0.71,0.81
TATAELXSI.NS,Tata Elxsi,28.22,19.69,6.54,3.66,-10.19,17.3,18.44,23.58,30,28.65,36.33,628.43,784.94,0.05,67.5,18.52,105.09,100.88,-2.78,5.19,6.11,-5.4,-2.77,653.65,2.35,74.35,43.9,0,-1.23,-0.36
TATAINVEST.NS,Tata Inv.Corpn.,75.69,23.86,1.12,0.75,3.81,66.32,1.29,1.44,1.57,1.32,1.49,433.68,312.09,0,855.77,107.6,8.52,8.57,19.86,30.99,13.26,31.64,19.86,279.08,0.53,39.67,73.38,0,0.04,0.02
TATAPOWER.NS,Tata Power Co.,29.59,26.63,2.93,2.19,4.96,10.35,3.18,10.21,10.53,11.03,10.95,5117.56,4775.37,1.93,2.29,8.41,12.09,11.73,5.97,-4.19,4.24,-5,5.97,5993.33,0.69,21.32,46.86,0,-0.01,0.14
TATASTEEL.NS,Tata Steel,19.69,17.23,2.28,2.13,2.05,8.31,3.99,11.71,12.52,7.44,9.45,10885.82,3173.78,0.9,3.54,4.92,8.84,8.65,8.82,10.51,-1.56,147.26,9.59,21906.07,2.15,46.23,32.94,0,0.32,-0.23
TATATECH.NS,Tata Technolog.,44.12,29.02,7.32,3.04,-74.78,26.38,7.9,16.34,20.9,19.2,25,546.59,676.95,0.24,20.83,11.14,13.72,13.46,-0.61,15.21,7.64,-5.02,-0.59,743.49,1.18,86.91,55.17,0,0.53,1.04
TBOTEK.NS,TBO Tek,66.79,36.42,11.59,2.71,3.53,35.97,3.08,17.37,18.33,24.28,29.31,244.31,229.89,0.49,7.18,8.91,24.38,22.5,17.29,68.93,35.99,25.18,18.9,-87.47,0,0,44.4,0,-0.78,0.75
TCS.NS,TCS,13.94,19.69,6.99,3.66,1.86,9.53,30.95,51.81,63.03,51.9,63.98,49454,48797,0.11,55.9,19.69,137.64,136.01,7.9,7.7,5.8,8.97,7.5,48013,3.09,80.92,71.77,0,-0.59,0.07
TDPOWERSYS.NS,TD Power Systems,82.33,34.62,21.05,5.04,2.31,55.8,14.74,24.72,34.02,22.13,29.91,238.77,174.58,0.02,225.94,12.87,8.8,7.64,35.54,54.29,28.62,45.27,35.59,18.62,0.15,10.73,26.87,0,-0.51,1.64
TECHM.NS,Tech Mahindra,28.43,19.69,5.1,3.66,24.94,15.55,10.68,17.53,23.12,13.28,17.85,4805.5,4253,0.07,20.6,8.78,52.41,49.1,0.94,10.95,2.16,17.18,1.14,5625.9,3.31,93.88,34.96,0,0.07,-0.42
TECHNOCRAF.NS,Technocraft Ven.,42.3,20.51,0,3.69,0.72,0,0,0,0,0,19.76,43.32,0,0,6.1,12.56,14.39,14.39,-0.06,0,24.52,0,58.64,0,0,0,70.01,0,0,0
TECHNOE.NS,Techno Elec.Engg,22.21,15.21,2.72,1.7,0.69,17.72,8.67,12.63,15.16,12.29,15.4,541.94,428.1,0.01,15.37,15.48,44.26,46.6,28.79,35.12,49.85,20.89,32.17,-592.08,0.71,15.02,56.93,0,-0.57,-1.11
TEGA.NS,Tega Inds.,0,34.45,4.44,4.73,0,41.84,4.46,5.94,8.14,11.13,15.05,142.65,200.12,0.12,1.31,8.43,0.65,18.99,-11.87,84.88,11.7,-100.47,-8.15,350.34,0.1,10.53,67.51,0,0.66,-0.29
TEJASNET.NS,Tejas Networks,0,54.87,2.98,9.25,0,-20.83,-9.15,-26.82,-14.64,-4.01,1.5,-908.89,446.53,1.43,-3.24,-82.38,-51.69,-51.14,0,-82.76,6.26,-623.61,0,-748.66,0.51,0,53.33,0,0.53,-0.28
TEMPSENS.NS,Tempsens Instruments,64.82,34.45,0,4.73,2.28,39.61,11.62,14.39,17.84,17.18,22.31,71.07,62.56,0.16,16.6,15.83,8.35,8.35,-83.06,17.53,22.81,9.77,28.45,29.59,0,3.95,65.67,0,0,0
TENNIND.NS,Tenneco Clean,32.71,29.28,16.93,3.69,1.84,20.17,23.25,44.41,60.76,41.99,56.6,604.36,553.14,0.04,24.95,11.55,14.89,14.95,-4.67,15.45,3.83,8.81,17.76,1345.1,0,171.74,74.79,0,0.75,-1.13
TEXRAIL.NS,Texmaco Rail,23.09,53.4,2.11,3.19,0.25,12.76,3.79,7.3,11.15,7.53,11.79,193.57,248.88,0.38,3.39,4.28,5.32,4.8,79.32,-14.32,24.96,-1,93.88,195.62,0.61,15.64,48.34,0,-2.21,-0.66
THANGAMAYL.NS,Thangamayil Jew.,39.67,19.18,11,3.47,0.62,25.3,11.08,28.07,25.49,23.83,19.84,351.65,118.71,0.64,8.42,4.16,125.81,113.14,64.12,83.21,39.18,264.16,64.26,248.95,0.36,15.91,61.61,0,1.17,-0.98
THELEELA.NS,Leela Palaces Hotels,40.7,26.77,2.86,2.2,0.39,24.16,4.75,8.21,8.73,0,17.06,403.03,47.66,0.28,4.47,26.76,13.27,12.07,0,19.1,21.1,240.9,105.68,261.8,0,0,75.91,73.65,-0.75,1
THERMAX.NS,Thermax,73.27,34.62,7.27,5.04,10.65,36.41,4.49,10.55,13.94,11.53,15.06,720.26,626.7,0.42,6.4,5.13,49.8,60.47,6.88,4.74,10.02,-17.98,6.88,-400.9,0.41,3.13,61.99,0,0.21,-0.27
THOMASCOOK.NS,Thomas Cook (I),21.37,36.42,1.89,2.71,0.1,7.44,3.02,9.21,14.87,11.45,17.54,220.48,258.39,0.21,4.3,2.66,4.65,4.65,221.55,-4.26,18.49,-12.01,221.55,566,0.49,10.75,64.77,0,-1.38,-0.01
THYROCARE.NS,Thyrocare Tech.,48.36,35.21,14.91,5.36,1.35,29.09,22.31,28.4,35.38,19.52,26.1,162.85,90.75,0.09,71.28,19.37,11.08,10.24,35.69,21.09,16.33,69.85,35.8,197.75,1.7,136.68,60.92,100,0.06,-0.08
TI.NS,Tilaknagar Inds.,61.68,49.56,4.66,2.18,1.17,30.54,6.86,13.09,11.78,18.97,20.65,20.87,229.59,0.77,2.28,10.78,-1.06,0.84,38.66,100.02,26.3,-18.7,52.62,-3977.96,0.18,118.43,31.67,12.4,0.01,0.36
TIINDIA.NS,Tube Investments,75.71,29.28,6.14,3.69,-6.71,17.39,6.22,9.95,17.14,15.39,21.74,1118.22,1054.29,0.1,32.35,5.08,31.34,32.9,-11.36,17.62,15.15,-3.12,-11.29,-265.66,0.14,10.64,44.11,0.01,0.93,-0.74
TIMETECHNO.NS,Time Technoplast,18.48,21.42,2.21,2.26,0.66,9.89,9.29,13.14,16.52,13.31,16.5,476.61,394.44,0.18,9.91,7.64,10.13,9.5,24.44,15.51,12.49,21.33,28.12,-137.17,0.82,15.8,47.57,0,-2.34,0.19
TIMKEN.NS,Timken India,58.47,70.2,8.05,6.38,85.99,35.41,11.1,13.69,18.26,15.9,20.85,398.33,447.39,0,167.76,11.65,54.41,52.96,0.68,11.56,6.8,-10.12,0.68,140.46,0.08,4.72,51.05,0,0.36,-0.37
TIPSMUSIC.NS,Tips Music,39.15,40.26,32.33,1.29,1,28.79,58.61,87.56,118.47,83.2,110.37,216.75,166.56,0.02,1203.71,54.74,16.79,16.96,39.31,21.28,26.21,27.11,39.1,190.79,1.98,76.65,64.15,0,0.51,0.42
TITAGARH.NS,Titagarh Rail,56.81,53.4,4.49,3.19,7.72,28.74,4.15,6.78,10.92,9.56,16.74,122.82,86.61,0.25,5,5.05,14,9.13,3.19,-10.22,4.65,3.05,7.36,-45.41,0.12,10.95,40.46,0.06,0.2,2.92
TITAN.NS,Titan Company,73.39,19.18,27.25,3.47,4.43,45.65,10.18,37.69,20.54,34.44,20.79,5073,3337,1.95,7.22,5.88,64.88,57.14,16.56,45.05,29.24,57.18,16.56,4713,0.31,26.32,52.9,0,-0.26,0.31
TMB.NS,T N Merc. Bank,9.45,13.81,1.29,1.31,1.04,14.39,1.89,13.99,7.51,14.11,7.39,1337.55,1182.61,6.24,1.58,22.98,91.2,84.47,9.12,12.96,12.56,20.33,9.12,-219.11,1.45,14.8,0,0,0.54,0.05
TMCV.NS,Tata Motors,21.5,24.95,12.52,9.46,0,12.5,7.98,34.02,35.9,0,35.9,3030,3195,0.44,14.08,4.72,0,8.23,0,15.43,0,52.95,0,12878,0.92,48.58,42.56,0,-0.45,0.61
TMPV.NS,Tata Motors PVeh,104.2,44.05,0.93,4.69,0.45,6.68,22.91,75.66,2.73,52.36,12.77,82645,28149,0.71,1.06,25.81,215.2,223.74,220.87,-5.62,-1.01,-94.22,232.1,-23195,1.06,1.34,42.51,0,-0.18,0.18
TORNTPHARM.NS,Torrent Pharma.,83.06,34.89,19.64,4.13,3.84,38.89,7.47,27.43,15.19,26.17,21.8,2138.18,1911.25,1.79,5.7,15.5,63.7,63.92,21.65,32.85,13.27,10.49,21.65,2386.27,0.78,59.45,60.78,0,1.79,3.81
TORNTPOWER.NS,Torrent Power,26.76,26.63,3.27,2.19,7.25,12.78,5.74,12.47,13.66,15.17,14.79,2469.36,3058.61,0.73,4.21,8.07,46.12,47.95,2.07,4.09,4.08,-15.43,3.69,-2156.45,1.62,41.71,51.09,0,0.13,-0.13
TRANSRAILL.NS,Transrail Light,14.46,34.62,2.65,5.04,0.26,6.79,6.12,19.98,33.56,21.39,34.6,403.59,328.68,0.3,3.59,6.04,30.17,30.06,-13.48,14.95,29.72,9.71,56.24,395.41,0.67,6.65,71.12,0,0.32,-1.63
TRAVELFOOD.NS,Travel Food,33.31,82.44,10.98,8.54,1.47,18.76,21.61,35.31,42.35,36.11,39.48,452.32,379.66,0.17,11.04,27.43,36.15,33.49,-62.12,4.36,15.58,19.14,22.72,353.84,0.85,30.61,86.19,0,0.1,0.31
TRENT.NS,Trent,76.67,42.2,20.05,4.04,1.08,35.24,16.34,27.74,28.34,28.55,27.61,1721.33,1534.41,0.37,14.63,8.61,33.93,32.25,70.71,16.92,34.55,15.45,70.71,931.21,0.15,8.27,37.01,0,-0.45,0.88
TRIDENT.NS,Trident,29.58,18.39,2.45,1.7,-5.36,13.48,5.05,7.91,9.79,8.09,9.9,377.11,370.73,0.38,5.87,5.54,0.78,0.74,-5.52,-2.45,1.9,-9.37,-5.52,460.52,2.18,67.57,73.68,0,0.11,0.03
TRITURBINE.NS,Triveni Turbine,50.5,34.62,12.13,5.04,2.06,33.94,14.73,25.23,34.12,27.26,37.93,349.45,358.63,0.02,197.38,15.39,10.58,11,24.55,17.7,20.47,1.6,24.55,39.36,0.77,38.64,55.84,0,-0.23,-0.53
TRIVENI.NS,Triven.Engg.Ind.,20.4,16.36,1.59,1.06,-1.06,12.91,4.4,8.68,9.02,10.21,10.82,268.71,238.26,0.65,4.7,4.45,12.55,12.28,-19.28,3.98,3.85,27.55,-19.28,6,1.13,22.4,60.58,0,0.25,-0.57
TRUALT.NS,TruAlt Bioenergy,25.11,15.79,2.58,2.37,0.64,11.68,2.85,8.38,10.44,14.34,11.96,96.87,146.64,1.09,2.28,5.61,18.24,11.19,24.44,1.8,31.35,-9.56,39.35,-806.21,0,0,70.55,36.85,-0.09,-1.04
TSFINV.NS,Tsf Investments,19.83,23.86,1.6,0.75,0.75,39.85,7.74,8.23,3.38,9.37,3.83,530.21,412.08,0.04,8.46,47.39,21.92,23.49,26.33,282.57,124.09,5.81,26.33,262.98,2.56,47.46,54.99,0,0.07,-0.48
TTML.NS,Tata Tele. Mah.,0,38.58,0,9.95,0,42.89,-66.49,0,55.65,0,51.29,-215.3,-1275.32,0,0.45,-75.78,0.19,-1.1,7.26,-7.19,1.6,51.2,7.26,534.76,0,0,74.36,0,-0.08,0.01
TURTLEMINT.NS,Turtlemint Fintech,0,53.76,0,3.37,0,-19.64,-25.14,-36.23,-35.65,-34.5,-33.46,-184.27,-194.11,0.06,-65.82,-11.78,-34.51,-34.51,25.97,65.73,37.78,33.17,15.76,-184.62,0,0,13.21,0,0,0
TVSMOTOR.NS,TVS Motor Co.,56.2,34.07,20.34,7.88,1.72,24.66,6.18,33.62,17.37,29.75,15.76,3186.43,2379.81,3.43,3.38,5.72,72.15,63.53,32.72,30.52,20.59,45.93,32.72,-1279.6,0.29,18.89,50.27,0,-2.11,2.28
TVSSCS.NS,TVS Supply,79.94,25.8,2.79,2.22,1.12,8.77,2.96,9.7,10.06,1.34,6.55,117.02,-9.64,1.35,1.67,1.73,1.47,2.59,60.82,16.89,3.26,-36.93,71.48,480.98,0,0,43.03,31.87,-0.07,-0.01
UBL.NS,United Breweries,92.98,49.56,7.12,2.18,60.38,38.15,3.82,7.69,10.68,9.47,12.68,413.39,442.41,0.29,6.79,3.7,14.96,15.63,1.54,1.49,7.2,-25.79,1.54,2.34,0.82,63.99,70.84,12.4,-0.07,-0.29
UCOBANK.NS,UCO Bank,10.39,7.32,0.86,0.92,0.74,16.94,0.73,8.61,5.55,7.81,5.55,2767.86,2444.99,10.5,1.37,10.53,2.25,2.21,12.32,5.35,14.19,12.6,14.12,-11014.81,1.89,19.93,90.95,0,-0.02,-0.09
UJJIVANSFB.NS,Ujjivan Small,13.56,13.88,1.8,1.23,-0.95,13.52,1.32,10.75,7.73,15.8,9.12,692.63,726.1,7.25,1.38,10,4.67,3.57,-14.09,14.72,18.51,71.5,-14.27,1661.36,0,0,0,0,-0.42,2.33
ULTRACEMCO.NS,UltraTech Cem.,37.86,28.24,4.24,1.78,2.17,19.23,5.96,11.1,12.66,10.68,12.79,8188.35,6039.64,0.31,7.09,9.26,289.77,277.1,16.68,17.18,11.86,26.72,17.48,5805.25,2.18,86.61,59.33,0,-1.25,1.27
UNIONBANK.NS,Union Bank (I),6.36,7.32,0.94,0.92,0.2,15.25,1.25,15.7,6.3,16.13,6.48,19430.21,18026.95,9.74,1.38,18.19,27.04,25.45,26.88,-1.33,9.58,9.73,31.65,-388.31,2.91,19.64,74.76,0,-0.74,0.46
UNITDSPR.NS,United Spirits,55.62,49.56,11.5,2.18,2.37,36.39,13.23,21.43,26.39,20.73,26.92,1838,1582,0.05,17.96,14.66,25.9,25.27,23.48,3.12,5.52,15.37,23.48,1531,1.2,67.06,56.68,1.18,-1.52,1.78
UNOMINDA.NS,Uno Minda,55.42,29.28,9.92,3.69,2.39,27.42,10.24,19.33,19.65,18.57,19.47,1284.06,1020.57,0.4,9.71,6.62,20.83,20.73,22.91,18.8,20.49,18.84,23.22,203.68,0.23,12.78,68.36,0,-0.81,0.63
UPL.NS,UPL,23.47,20.29,1.34,2.36,-1.12,6.54,2.33,5.64,10.11,1.87,7.01,2220,820,0.68,1.98,4.02,23.94,22.78,-20.96,12.86,-1.09,36.49,-20.97,5502,1.09,26.38,33.5,0,0.61,-0.31
URBANCO.NS,Urban Company,0,47.07,11.6,5.55,0,-125.59,-9.6,-12.01,-7.82,-1.86,-3.77,-234.81,239.77,0.06,-19.81,-15.21,-2.2,-1.52,25.99,39.46,34.69,-240.58,7.52,-138.69,0,0,19.02,0,-0.49,0.68
USHAMART.NS,Usha Martin,28.38,22.47,4.69,1.99,3.02,17.92,11.53,15.1,19.47,16.49,20.1,466.31,406.32,0.07,42.14,12.39,16.64,15.29,9.4,8.54,4.14,34.83,9.4,489.3,0.74,24.55,40.28,0,0.33,0.45
UTIAMC.NS,UTI AMC,21.52,33.5,2.55,6.55,8.89,12.9,10.27,10.33,15.57,14.94,19.63,472.43,812.96,0.03,62.21,32.24,35.9,31.44,2.01,1.63,10.4,-25.24,2.42,365.66,4.47,127.21,0,0,-0.22,-0.45
UTLSOLAR.NS,Fujiyama Power,30.14,27.4,9.84,4.19,0.23,20.04,18.22,36.63,35.14,37.06,31.6,304.13,156.34,0.41,12.96,11.52,9.8,9.93,-17.62,94.97,58.74,131.34,132.4,-514.84,0,0,86.63,0,-0.3,0.38
V2RETAIL.NS,V2 Retail,47.07,42.2,8.54,4.04,0.36,16.6,7.38,23.67,19.53,20.56,15.67,163.34,70.9,1.1,3.14,4.82,4.89,4.48,125.98,63.28,53.94,97.83,129.68,-327.68,0,0,51.43,1.79,0.49,1.37
VAIBHAVGBL.NS,Vaibhav Global,11.77,19.18,2.02,3.47,0.32,7.96,11.7,17.87,16.43,13.73,14.84,266.13,153.13,0.25,20.19,7.26,17.05,15.93,36.09,10.41,11.12,74.33,36.66,290.19,3,37.65,57.33,0,0.22,-0.01
VARROC.NS,Varroc Engineer,45.47,29.28,7.28,3.69,1.42,15.59,5.42,15.13,18.98,19.91,17.84,229.83,69.68,0.52,4.24,2.91,12.91,14.73,32.09,14.66,8.86,51.42,32.09,86.78,0.18,10.19,75,0,-0.16,-0.17
VBL.NS,Varun Beverages,42.97,76.09,7.43,5.02,1.79,24.17,12.16,16.21,19.71,21.47,24.47,3062.04,2634.28,0.13,23.5,13.64,10.01,8.98,22.31,14.46,18.08,18.88,23.97,796.93,0.35,16.71,59.43,0,-0.48,0.81
VEDL.NS,Vedanta,9.23,23.3,2.04,5.28,0.53,4.48,11.57,38.15,16.08,31.01,16.21,25096,20535,0.66,8.21,31.89,50.32,44.47,15.52,2.02,-18.95,36.95,17.48,18747,13.13,76.44,54.72,0,1.85,-2.6
VEEGALAND.NS,Veegaland Developers,25.81,25.25,0,2.26,1.15,17.33,6.57,16.01,14.1,20.92,13.5,26.61,20.43,0.32,7.33,10.6,7.88,7.88,-35.26,30.46,32.09,30.06,22.35,-95.29,0,0,63.69,0,0,0
VGUARD.NS,V-Guard Industri,35.32,35.15,5.66,4.67,1.75,21.68,9.16,14.39,18.38,15.01,18.46,308.33,313.72,0.07,45.89,5.39,8.35,7.06,19.78,13.36,13.07,31.69,20.2,279.35,0.49,21.25,53.22,0,-0.06,-0.15
VIDYAWIRES.NS,Vidya Wires,30.86,20.41,4.04,3.17,0.8,19.54,12.19,17.68,20.59,21.21,21.82,57.65,40.56,0.18,9.14,3.1,3.11,2.71,-63.17,31.66,22.07,43.54,38.48,-110.82,0,0,72.8,0,0.87,-7.09
VIJAYA.NS,Vijaya Diagnost.,82.38,35.21,16.14,5.36,3.39,41.16,11.58,18.34,20.53,18.28,20.31,172.98,143.79,0.44,7.84,19.78,18.24,16.81,23.93,20.18,21.03,23.76,24.27,90.7,0.13,11.9,52.51,1.96,-1.73,1.68
VIKRAMSOLR.NS,Vikram Solar,16.08,27.4,1.83,4.19,0.08,6.25,11.16,21.37,30.56,20.19,26.35,469.06,139.1,0.19,3.8,9.86,9.85,12.95,180.52,33.26,32.32,44.08,213.8,384.03,0,0,63.01,9.24,0.43,-0.76
VIKRAN.NS,Vikran Engg.,16.25,15.21,1.19,1.7,0,7.97,4.8,10.85,16.85,0,16.85,91.7,77.81,0.24,2.75,7.41,3.56,3.56,0,36.41,0,19.07,0,-440.19,0.31,5.06,56.27,0,0.16,-1.09
VIPIND.NS,V I P Inds.,0,30.19,14.54,2.13,0,-19.21,-24.17,-92.37,-28.89,-26.28,-7.3,-338.01,-68.79,2.55,-5.47,-22.36,-26.64,-23.79,0,-10.75,-3.73,-375.47,0,204.63,0,0,42.35,0,-1.89,-0.24
VIYASH.NS,Viyash Scientific,48.01,34.89,3.62,4.13,0.66,14.34,5.73,7.39,13.42,3.8,7.16,224.66,15.77,0.17,8.44,7.31,5.76,4.06,56.12,53.04,34.02,147.82,72.82,225.1,0,0,61.31,0,1.56,-4.22
VMART.NS,V-Mart Retail,44.03,37.82,6.4,5.46,0.31,12.52,4.8,14.2,13.23,2.22,7.46,124,45.77,1.01,3.24,3.3,17.31,15.61,143.22,19.09,15.41,161.1,143.53,336.72,0.13,6.41,44.15,0,-0.45,-0.97
VMM.NS,Vishal Mega Mart,52.95,37.82,6.35,5.46,1.36,23.47,7.84,12.17,15.18,10.53,13.36,839.23,631.97,0.27,7.76,6.51,1.91,1.8,37.39,19.83,19.38,29.66,39.06,1299.21,0,0,40.09,0,-1.58,2.06
VMSTMT.NS,VMS TMT,14.11,22.47,1.05,1.99,0.2,8.53,4.52,13.96,13.9,19.76,15.03,21.03,14.74,1.01,1.95,2.51,3.41,4.24,8.36,8.88,-1.66,42.58,71.08,-64.56,0,0,67.18,0,0,0
VOLTAMP.NS,Volt.Transform.,33.52,34.62,5.94,5.04,2.35,24.24,15.45,17.35,23.5,20.64,28.06,305.38,325.41,0,264.56,13.61,313.38,301.85,14.25,17.84,15.85,-2.6,14.25,14.82,0.95,33.14,30,0,-1.29,2.19
VOLTAS.NS,Voltas,80.55,35.15,5.89,4.67,4.61,45.07,2.8,6.1,9.04,8.03,11.73,370,834.28,0.16,8.75,2.72,13.58,11.36,17.48,3.8,14.46,-27.9,17.48,-57.68,0.35,35.2,30.3,0,-1.5,0.65
VTL.NS,Vardhman Textile,18.46,18.39,1.49,1.7,-4.56,10.42,5.38,6.86,8.55,7.55,9.37,753.2,886.72,0.18,12.79,7.16,29.31,25.76,-4.07,3.29,-0.89,-0.47,-4.05,-578.98,0.92,19.09,65.08,0,0.38,-1.32
WAAREEENER.NS,Waaree Energies,17.57,27.4,4.89,4.19,0.18,9.52,16.48,32.54,38.45,31.03,39,3884.15,1928.13,0.22,19.25,15.34,132.67,129.02,75.47,94.31,57.82,81.21,99.02,-3208.53,0.16,3.1,64.12,0,1.51,-0.24
WAAREERTL.NS,Waaree Renewab.,16.89,27.4,9.17,4.19,0.17,11.82,27.63,68.57,84.98,69.49,89.98,482.55,229.49,0.12,41,14.37,48.93,46.25,100.44,80.19,113.62,75.63,100.6,232.33,0.12,0,74.32,0,0.13,0
WABAG.NS,Va Tech Wabag,31,20.51,4.8,3.69,0.33,19.12,6.56,15.89,21.33,14.82,20.26,369.8,294.8,0.09,8.36,9.47,63.38,59.46,93.35,20.45,10.04,30.17,93.48,201.8,0.25,8.43,19.08,0,1.65,0.56
WAKEFIT.NS,Wakefit Innovati,23.35,24.44,4.04,2.29,0.48,18.74,13.47,23.11,10.9,6.89,3.05,189.18,-35,0.24,4.99,12.67,6.38,5.73,26.81,16.9,22.37,548.81,48.64,215.14,0,0,36.88,0,-0.9,-0.76
WEBELSOLAR.NS,Websol Energy,9.91,27.4,4.94,4.19,0.06,6.79,42.1,66.94,63.18,56.37,36.01,303.01,154.74,0.21,24.26,31.22,7.3,6.98,145.67,76.28,283.88,57.83,153.83,75.45,0.35,3.58,29.72,89.39,-0.38,0.11
WELCORP.NS,Welspun Corp,31.3,22.47,7.89,1.99,0.26,20.58,9.1,19.42,22.89,19.25,21.44,1620.49,1902.28,0.26,15.9,9.65,87.55,61.15,117.98,20.21,19.78,41.66,118.6,715.28,0.18,8.18,49.73,0,3.38,-1.53
WELENT.NS,Welspun Enterp,29.29,15.21,3.41,1.7,2.48,14.63,6.4,13.62,16.74,13.17,17.77,392.77,353.83,0.65,3.68,11.8,22.08,25.28,14.82,-1.84,9.44,2,11.79,79.32,0.4,11.63,56.13,0,0.45,-0.07
WELSPUNLIV.NS,Welspun Living,77.4,18.39,4.45,1.7,17.92,24.62,2.2,4.48,6.26,11.1,12.26,212.89,644.02,0.47,3.63,2.42,2.92,2.13,5.95,-3.26,5.11,-48.6,4.32,726.39,0.04,4.69,66.36,0,0.22,0.2
WESTLIFE.NS,Westlife Food,0,82.44,14.61,8.54,0,28.82,-0.85,-3.79,6.34,3.27,8.29,32.33,12.15,2.92,0.97,-0.88,2.03,2.07,0,6.75,4.84,-186.56,0,115.49,0.13,36.18,56.39,0,-0.77,1.05
WEWORK.NS,Wework India,104.37,18.57,28.86,1.96,2.88,8.39,1.23,29.74,20.57,0,117.87,72.22,130.5,18.18,1.1,3.15,6.1,5.33,30.34,27.1,22.78,-54.22,36.25,1134.16,0,0,48.3,34.97,-0.73,0.29
WHIRLPOOL.NS,Whirlpool India,42.72,35.15,2.8,4.67,3.4,15.17,4.47,7.71,10.67,7.76,10.79,295.3,362.78,0.09,9.17,3.91,19.78,23.15,12.55,6.03,6.41,-23.36,12.55,37.49,0.55,21.59,39.76,0,1.02,-1.67
WIPRO.NS,Wipro,12.1,19.69,1.93,3.66,2.37,7.7,9.85,15.46,17.84,15.5,18.12,13265.5,13218,0.23,12.1,14.29,12.79,12.58,6.7,6.4,0.78,-1.81,5.1,13447.1,6.81,87.42,72.59,0,0.53,-2.64
WOCKPHARMA.NS,Wockhardt,89.12,34.89,7.2,4.13,2.05,41.97,3.24,6.11,7.55,-1.43,3.49,199,-57,0.45,3.08,8.01,25.17,13.11,41.68,18.37,8.36,983.41,43.44,76,0,0,49.09,14.68,0.14,-1.72
XTRANET.NS,Xtranet Techno.,34.9,29.02,0,3.04,0.39,24.49,12.27,34.78,32.81,37.61,35.61,40.73,30.04,0.63,9.04,11.15,10.28,10.28,6.16,32.31,17.96,35.33,89.35,-22.45,0,0,83.63,0,0,0
YATHARTH.NS,Yatharth Hospit.,58.57,49.43,5.95,6.06,1.55,31.29,8.38,10.19,12.9,12,16.93,170.3,130.56,0.15,18.39,13.87,18.8,18.2,21.27,44,36.21,27.41,37.9,-112.02,0.05,0,55.8,9.59,0.37,-1.16
YESBANK.NS,Yes Bank,17.64,13.81,1.27,1.31,0.26,17.27,0.79,7.1,5.98,5.33,6.05,3512.05,2446.6,7.32,1.24,11.63,1.2,1.12,63.92,-0.45,9.99,37.81,68.76,20514.7,0,0,0,0,-0.3,2.23
ZAGGLE.NS,Zaggle Prepaid,18.97,29.02,1.69,3.04,0.24,8.9,9.4,10.04,13.49,10.38,14.58,132.86,87.48,0.04,29.22,7.17,9.26,9.88,58.53,38.32,49.59,28.74,79.77,-113.32,0,0,44.3,1.61,-1.75,-1.96
ZEEL.NS,Zee Entertainmen,35.06,29.02,0.63,0.63,0.37,14.85,1.98,2.4,2.72,3.73,6.06,271.3,679.5,0.02,4.18,3.42,2.11,2.84,94.94,2.42,0.05,-72.62,94.94,553,2.61,70.38,3.99,5.38,-5.22,-2.98
ZENSARTECH.NS,Zensar Tech.,12.49,19.69,2.11,3.66,0.37,7.82,13.54,17.32,22.75,17.65,23.06,774.6,649.8,0.02,88.68,13.38,34.14,34.05,33.74,8.06,5.47,18,33.96,718.7,3.43,43.86,49,0,0.22,-1.68
ZENTEC.NS,Zen Technologies,81.7,78.38,7.85,9.08,1.23,48.05,10.31,10.72,16.18,18.41,33.13,217.92,299.33,0.01,34.94,31.51,19.95,21.43,59.76,-23.5,46.47,-27.66,66.68,185.35,0.06,4.67,48.51,0,0.48,0.36
ZFCVINDIA.NS,ZF Commercial,53.96,29.28,7.22,3.69,3.29,31.41,12.16,14.36,19.08,14.9,19.97,506.68,458.66,0.01,128.96,12.19,42.67,44.52,16.4,7.96,5.59,2.47,16.4,669.02,0.17,1.5,60,0,0.14,-0.76
ZYDUSLIFE.NS,Zydus Lifesci.,24.93,34.89,4.51,4.13,0.78,15.09,12.63,21.25,21.14,21.08,22.6,5123.5,4672.6,0.46,13.82,20.32,44.93,50.09,32.23,21.11,16.35,4.55,31.97,-530,0.08,2,75.02,0,-0.06,0.07
ZYDUSWELL.NS,Zydus Wellness,75.54,42.49,2.86,4.84,-7.2,32.88,2.75,3.98,4.91,5.08,5.47,197.2,346.9,0.55,3.36,5.78,5.92,6.2,-10.49,66.27,20.66,-31.18,-10.49,125.5,0.23,19.35,69.63,0,0.15,0.26
